dem,slope,aspect,twi,hand,flow_accumulation,distance_to_river,drainage_density,chirps,gpm,flood_label,row,col
89.0,0.0,-9999.0,9.663007,-93.0,5.057837,0.0,0.0,6894.753,12066.86,1,1238,1293
96.0,0.0,-9999.0,9.663007,-86.0,5.057837,0.0,0.0,6894.753,13248.825,1,1652,1588
80.0,0.0,-9999.0,9.663007,-9.0,5.057837,0.0,0.0,6894.753,12141.199,1,1425,876
103.0,0.0,-9999.0,9.663007,-83.0,5.057837,0.0,0.0,11062.918,13528.925,0,1958,1863
84.0,0.0,-9999.0,9.663007,-98.0,5.057837,0.0,0.0,6894.753,12010.925,1,1294,1028
77.0,0.0,-9999.0,9.663007,-178.0,5.057837,0.0,0.0,6894.753,11140.058,0,666,1204
65.0,0.0,-9999.0,9.663007,-3.4028235e+38,5.057837,0.0,0.0,0.0,11367.07,0,1434,164
62.0,0.0,-9999.0,9.663007,-3.4028235e+38,5.057837,0.0,0.0,0.0,11455.546,1,254,61
78.0,0.0,-9999.0,9.663007,-3.4028235e+38,5.057837,0.0,0.0,6894.753,12054.105,1,1434,782
67.0,0.0,-9999.0,9.663007,-3.4028235e+38,5.057837,0.0,0.0,0.0,11247.934,0,644,301
81.0,0.0,-9999.0,9.663007,-174.0,5.057837,0.0,0.0,6894.753,11587.596,1,845,1681
90.0,0.0,-9999.0,9.663007,-92.0,5.057837,0.0,0.0,6894.753,12685.158,0,1455,1296
68.0,0.0,-9999.0,9.663007,-3.4028235e+38,5.057837,0.0,0.0,0.0,11750.212,0,2268,264
70.0,0.0,-9999.0,9.663007,-3.4028235e+38,5.057837,0.0,0.0,0.0,11809.852,0,1661,384
67.0,0.0,-9999.0,9.663007,-3.4028235e+38,5.057837,0.0,0.0,6894.753,11220.758,0,234,1086
82.0,0.0,-9999.0,9.663007,-7.0,5.057837,0.0,0.0,6894.753,12857.141,1,1748,927
93.0,0.0,-9999.0,9.663007,-89.0,5.057837,0.0,0.0,6894.753,13600.484,1,1782,1442
67.0,0.0,-9999.0,9.663007,-3.4028235e+38,5.057837,0.0,0.0,6894.753,11265.359,0,269,866
94.0,0.0,-9999.0,9.663007,-88.0,5.057837,0.0,0.0,6894.753,12700.364,0,1424,1567
82.0,0.0,-9999.0,9.663007,-173.0,5.057837,0.0,0.0,6894.753,11687.986,1,873,1762
91.0,0.0,-9999.0,9.663007,-91.0,5.057837,0.0,0.0,6894.753,13465.269,1,1726,1379
78.0,0.0,-9999.0,9.663007,-177.0,5.057837,0.0,0.0,6894.753,11128.227,1,702,1279
79.0,0.0,-9999.0,9.663007,-176.0,5.057837,0.0,0.0,6894.753,11127.814,0,801,1144
96.0,0.0,-9999.0,9.663007,-86.0,5.057837,0.0,0.0,11162.58,13708.386,0,2322,1543
99.0,0.0,-9999.0,9.663007,-83.0,5.057837,0.0,0.0,10825.289,13642.689,1,2222,1662
90.0,0.0,-9999.0,9.663007,-92.0,5.057837,0.0,0.0,6894.753,12358.409,1,1332,1330
94.0,0.0,-9999.0,9.663007,-88.0,5.057837,0.0,0.0,6894.753,12755.221,0,1457,1480
65.0,0.0,-9999.0,9.663007,-3.4028235e+38,5.057837,0.0,0.0,0.0,11351.834,0,416,219
69.0,0.0,-9999.0,9.663007,-3.4028235e+38,5.057837,0.0,0.0,6894.753,11220.473,0,360,989
99.0,0.0,-9999.0,9.663007,-83.0,5.057837,0.0,0.0,10871.728,13651.689,0,2308,1674
82.0,0.0,-9999.0,9.663007,-7.0,5.057837,0.0,0.0,6894.753,12811.132,1,1708,948
69.0,0.0,-9999.0,9.663007,-3.4028235e+38,5.057837,0.0,0.0,6894.753,11512.475,0,280,1575
85.0,0.0,-9999.0,9.663007,-170.0,5.057837,0.0,0.0,6894.753,11981.84,0,966,1900
84.0,0.0,-9999.0,9.663007,-6.0,5.057837,0.0,0.0,6894.753,13095.305,1,1813,996
98.0,0.0,-9999.0,9.663007,-84.0,5.057837,0.0,0.0,10874.298,13652.768,0,2242,1645
65.0,0.0,-9999.0,9.663007,-3.4028235e+38,5.057837,0.0,0.0,0.0,11242.28,0,681,218
65.0,0.0,-9999.0,9.663007,-3.4028235e+38,5.057837,0.0,0.0,0.0,11452.487,0,1629,169
69.0,0.0,-9999.0,9.663007,-3.4028235e+38,5.057837,0.0,0.0,6894.753,11185.045,0,309,1197
82.0,0.0,-9999.0,9.663007,-173.0,5.057837,0.0,0.0,6894.753,11176.203,1,909,1343
80.0,0.0,-9999.0,9.663007,-175.0,5.057837,0.0,0.0,6894.753,11626.434,1,786,1706
64.0,0.0,-9999.0,9.663007,-3.4028235e+38,5.057837,0.0,0.0,0.0,11276.543,0,1250,140
64.0,0.0,-9999.0,9.663007,-3.4028235e+38,5.057837,0.0,0.0,0.0,11413.534,0,2332,89
83.0,0.0,-9999.0,9.663007,-7.0,5.057837,0.0,0.0,6894.753,12606.079,1,1574,1001
77.0,0.0,-9999.0,9.663007,-3.4028235e+38,5.057837,0.0,0.0,0.0,12197.549,0,1574,712
96.0,0.0,-9999.0,9.663007,-159.0,5.057837,0.0,0.0,6894.753,12979.429,0,1529,1733
71.0,0.0,-9999.0,9.663007,-3.4028235e+38,5.057837,0.0,0.0,0.0,11159.57,0,852,435
78.0,0.0,-9999.0,9.663007,-177.0,5.057837,0.0,0.0,6894.753,11728.556,0,695,1777
76.0,0.0,-9999.0,9.663007,-3.4028235e+38,5.057837,0.0,0.0,0.0,12436.423,0,2095,628
77.0,0.0,-9999.0,9.663007,-3.4028235e+38,5.057837,0.0,0.0,6894.753,12120.485,1,1506,736
71.0,0.0,-9999.0,9.663007,-3.4028235e+38,5.057837,0.0,0.0,0.0,11167.483,1,820,486
61.0,0.0,-9999.0,9.663007,-3.4028235e+38,5.057837,0.0,0.0,0.0,11456.156,1,28,407
61.0,0.0,-9999.0,9.663007,-3.4028235e+38,5.057837,0.0,0.0,0.0,11400.11,1,395,11
72.0,0.0,-9999.0,9.663007,-3.4028235e+38,5.057837,0.0,0.0,0.0,11240.938,1,576,546
91.0,0.0,-9999.0,9.663007,-91.0,5.057837,0.0,0.0,6894.753,13347.117,1,1682,1356
96.0,0.0,-9999.0,9.663007,-159.0,5.057837,0.0,0.0,6894.753,12960.143,1,1513,1812
91.0,0.0,-9999.0,9.663007,-91.0,5.057837,0.0,0.0,6894.753,13597.691,1,1772,1357
96.0,0.0,-9999.0,9.663007,-86.0,5.057837,0.0,0.0,6894.753,13160.965,0,1615,1579
72.0,0.0,-9999.0,9.663007,-3.4028235e+38,5.057837,0.0,0.0,0.0,11393.714,0,1128,493
72.0,0.0,-9999.0,9.663007,-3.4028235e+38,5.057837,0.0,0.0,0.0,11934.852,0,1649,470
64.0,0.0,-9999.0,9.663007,-3.4028235e+38,5.057837,0.0,0.0,0.0,11381.181,1,101,583
84.0,0.0,-9999.0,9.663007,-171.0,5.057837,0.0,0.0,6894.753,11823.577,1,960,1774
77.0,0.0,-9999.0,9.663007,-3.4028235e+38,5.057837,0.0,0.0,0.0,11606.823,1,1201,710
62.0,0.0,-9999.0,9.663007,-3.4028235e+38,5.057837,0.0,0.0,0.0,11242.918,0,1632,32
77.0,0.0,-9999.0,9.663007,-3.4028235e+38,5.057837,0.0,0.0,6894.753,11182.961,1,691,756
87.0,0.0,-9999.0,9.663007,-168.0,5.057837,0.0,0.0,6894.753,11905.823,1,1125,1483
71.0,0.0,-9999.0,9.663007,-3.4028235e+38,5.057837,0.0,0.0,0.0,11596.377,0,1356,440
83.0,0.0,-9999.0,9.663007,-7.0,5.057837,0.0,0.0,6894.753,12304.144,1,1438,999
73.0,0.0,-9999.0,9.663007,-3.4028235e+38,5.057837,0.0,0.0,6894.753,11308.355,0,468,1434
96.0,0.0,-9999.0,9.663007,-86.0,5.057837,0.0,0.0,6894.753,13609.277,1,1805,1557
65.0,0.0,-9999.0,9.663007,-3.4028235e+38,5.057837,0.0,0.0,6894.753,11402.363,0,106,1478
63.0,0.0,-9999.0,9.663007,-3.4028235e+38,5.057837,0.0,0.0,0.0,11405.652,1,105,490
70.0,0.0,-9999.0,9.663007,-3.4028235e+38,5.057837,0.0,0.0,0.0,11235.131,0,628,458
78.0,0.0,-9999.0,9.663007,-177.0,5.057837,0.0,0.0,6894.753,11701.241,0,686,1755
62.0,0.0,-9999.0,9.663007,-3.4028235e+38,5.057837,0.0,0.0,0.0,11301.273,0,586,71
93.0,0.0,-9999.0,9.663007,-89.0,5.057837,0.0,0.0,6894.753,13683.691,0,1925,1405
85.0,0.0,-9999.0,9.663007,-5.0,5.057837,0.0,0.0,6894.753,13242.007,0,2152,1039
74.0,0.0,-9999.0,9.663007,-3.4028235e+38,5.057837,0.0,0.0,0.0,12267.711,0,1797,563
69.0,0.0,-9999.0,10.352969,-3.4028235e+38,5.7477994,0.0,0.0,6894.753,11949.957,0,277,1907
72.0,0.0,-9999.0,9.663007,-3.4028235e+38,5.057837,0.0,0.0,0.0,11158.536,1,844,502
79.0,0.0,-9999.0,9.663007,-176.0,5.057837,0.0,0.0,6894.753,11687.25,1,717,1747
62.0,0.0,-9999.0,9.663007,-3.4028235e+38,5.057837,0.0,0.0,0.0,11465.7705,1,70,321
63.0,0.0,-9999.0,9.663007,-3.4028235e+38,5.057837,0.0,0.0,0.0,11339.82,1,489,107
87.0,0.0,-9999.0,9.663007,-3.0,5.057837,0.0,0.0,6894.753,13376.483,0,2001,1124
84.0,0.0,-9999.0,9.663007,-6.0,5.057837,0.0,0.0,6894.753,12935.973,1,1684,1054
92.0,0.0,-9999.0,9.663007,-90.0,5.057837,0.0,0.0,6894.753,12697.891,1,1444,1402
85.0,0.0,-9999.0,9.663007,-5.0,5.057837,0.0,0.0,6894.753,13211.966,0,2086,1030
83.0,0.0,-9999.0,9.663007,-6.0,5.057837,0.0,0.0,6894.753,11620.241,1,1131,980
71.0,0.0,-9999.0,9.663007,-3.4028235e+38,5.057837,0.0,0.0,0.0,11277.932,1,474,518
79.0,0.0,-9999.0,9.663007,-3.4028235e+38,5.057837,0.0,0.0,6894.753,12715.488,0,1791,805
68.0,0.0,-9999.0,9.663007,-3.4028235e+38,5.057837,0.0,0.0,0.0,11242.359,0,637,371
81.0,0.0,-9999.0,9.663007,-8.0,5.057837,0.0,0.0,6894.753,11535.103,1,1107,898
70.0,0.0,-9999.0,9.663007,-3.4028235e+38,5.057837,0.0,0.0,0.0,11295.771,0,1073,382
89.0,0.0,-9999.0,9.663007,-166.0,5.057837,0.0,0.0,6894.753,12410.878,0,1177,1958
84.0,0.0,-9999.0,9.663007,-171.0,5.057837,0.0,0.0,6894.753,11427.252,1,976,1398
80.0,0.0,-9999.0,9.663007,-9.0,5.057837,0.0,0.0,6894.753,11365.525,0,1029,835
67.0,0.0,-9999.0,9.663007,-3.4028235e+38,5.057837,0.0,0.0,0.0,11603.039,0,1992,202
91.0,0.0,-9999.0,9.663007,-91.0,5.057837,0.0,0.0,6894.753,12602.215,0,1412,1377
78.0,0.0,-9999.0,9.663007,-177.0,5.057837,0.0,0.0,6894.753,11686.789,1,710,1746
94.0,0.0,-9999.0,9.663007,-88.0,5.057837,0.0,0.0,6894.753,13655.754,0,1894,1468
83.0,0.0,-9999.0,9.663007,-6.0,5.057837,0.0,0.0,6894.753,11649.673,1,1146,974
88.0,0.0,-9999.0,9.663007,-2.0,5.057837,0.0,0.0,6894.753,13545.05,0,2322,1177
81.0,0.0,-9999.0,9.663007,-8.0,5.057837,0.0,0.0,6894.753,11575.518,1,1129,891
83.0,0.0,-9999.0,9.663007,-7.0,5.057837,0.0,0.0,6894.753,11713.639,1,1170,997
87.0,0.0,-9999.0,9.663007,-95.0,5.057837,0.0,0.0,6894.753,12876.969,1,1582,1178
82.0,0.0,-9999.0,9.663007,-173.0,5.057837,0.0,0.0,6894.753,11378.474,0,898,1522
63.0,0.0,-9999.0,9.663007,-3.4028235e+38,5.057837,0.0,0.0,0.0,11269.856,0,2406,13
85.0,0.0,-9999.0,9.663007,-5.0,5.057837,0.0,0.0,6894.753,12947.554,1,1677,1071
88.0,0.0,-9999.0,9.663007,-167.0,5.057837,0.0,0.0,6894.753,12071.949,1,1159,1580
91.0,0.0,-9999.0,9.663007,-91.0,5.057837,0.0,0.0,6894.753,12319.583,1,1306,1393
83.0,0.0,-9999.0,9.663007,-6.0,5.057837,0.0,0.0,6894.753,13093.483,0,2178,960
72.0,0.0,-9999.0,9.663007,-3.4028235e+38,5.057837,0.0,0.0,6894.753,11220.701,0,415,1363
78.0,0.0,-9999.0,9.663007,-177.0,5.057837,0.0,0.0,6894.753,11686.208,1,704,1745
85.0,0.0,-9999.0,9.663007,-170.0,5.057837,0.0,0.0,6894.753,11568.348,1,1033,1385
68.0,0.0,-9999.0,9.663007,-3.4028235e+38,5.057837,0.0,0.0,0.0,11770.908,0,1745,321
78.0,0.0,-9999.0,9.663007,-177.0,5.057837,0.0,0.0,6894.753,11702.889,1,683,1756
65.0,0.0,-9999.0,9.663007,-3.4028235e+38,5.057837,0.0,0.0,6894.753,11218.227,0,114,1164
104.0,0.0,-9999.0,9.663007,-82.0,5.057837,0.0,0.0,11229.062,13510.417,0,1913,1900
63.0,0.0,-9999.0,9.663007,-3.4028235e+38,5.057837,0.0,0.0,0.0,11222.27,0,745,143
65.0,0.0,-9999.0,9.663007,-3.4028235e+38,5.057837,0.0,0.0,0.0,11374.018,1,230,448
78.0,0.0,-9999.0,9.663007,-3.4028235e+38,5.057837,0.0,0.0,6894.753,11375.072,0,1044,768
76.0,0.0,-9999.0,9.663007,-3.4028235e+38,5.057837,0.0,0.0,0.0,12433.477,0,2169,621
82.0,0.0,-9999.0,9.663007,-173.0,5.057837,0.0,0.0,6894.753,11690.458,1,863,1763
73.0,0.0,-9999.0,9.663007,-3.4028235e+38,5.057837,0.0,0.0,0.0,12153.483,0,1999,488
76.0,0.0,-9999.0,9.663007,-3.4028235e+38,5.057837,0.0,0.0,0.0,12455.626,0,2365,618
89.0,0.0,-9999.0,9.663007,-166.0,5.057837,0.0,0.0,6894.753,12241.865,1,1224,1601
200.0,18.457277,351.38434,10.356333,14.0,8.719384,0.0,0.0,10551.083,13554.23,1,2319,1913
68.0,0.0,-9999.0,9.663007,-3.4028235e+38,5.057837,0.0,0.0,0.0,11283.583,0,1086,317
62.0,0.0,-9999.0,9.663007,-3.4028235e+38,5.057837,0.0,0.0,0.0,11467.939,1,216,82
70.0,0.0,-9999.0,9.663007,-3.4028235e+38,5.057837,0.0,0.0,0.0,11853.441,0,1980,333
96.0,0.0,-9999.0,9.663007,-86.0,5.057837,0.0,0.0,6894.753,13660.304,1,2039,1533
73.0,0.0,-9999.0,9.663007,-3.4028235e+38,5.057837,0.0,0.0,0.0,12101.63,0,1892,468
74.0,0.0,-9999.0,10.19272,-3.4028235e+38,5.58755,0.0,0.0,0.0,11279.09,0,1006,602
85.0,0.0,-9999.0,9.663007,-5.0,5.057837,0.0,0.0,6894.753,12902.926,0,1652,1080
75.0,0.0,-9999.0,9.663007,-3.4028235e+38,5.057837,0.0,0.0,0.0,11191.604,1,692,669
85.0,0.0,-9999.0,9.663007,-97.0,5.057837,0.0,0.0,6894.753,12381.936,0,1427,1092
82.0,0.0,-9999.0,9.663007,-7.0,5.057837,0.0,0.0,6894.753,12295.447,1,1464,943
83.0,0.0,-9999.0,9.663007,-7.0,5.057837,0.0,0.0,6894.753,12475.309,0,1517,997
83.0,0.0,-9999.0,9.663007,-7.0,5.057837,0.0,0.0,6894.753,12715.8955,1,1628,995
64.0,0.0,-9999.0,9.663007,-3.4028235e+38,5.057837,0.0,0.0,6894.753,11715.93,0,81,1712
76.0,0.0,-9999.0,9.663007,-3.4028235e+38,5.057837,0.0,0.0,0.0,12479.87,0,2356,631
96.0,0.0,-9999.0,9.663007,-86.0,5.057837,0.0,0.0,6894.753,12953.341,1,1522,1666
72.0,0.0,-9999.0,9.663007,-3.4028235e+38,5.057837,0.0,0.0,0.0,11620.55,0,1346,477
91.0,0.0,-9999.0,9.663007,-91.0,5.057837,0.0,0.0,6894.753,12962.975,1,1545,1338
67.0,0.0,-9999.0,9.663007,-3.4028235e+38,5.057837,0.0,0.0,6894.753,11196.287,0,226,1193
86.0,0.0,-9999.0,9.663007,-4.0,5.057837,0.0,0.0,6894.753,13354.654,0,2182,1094
67.0,0.0,-9999.0,9.663007,-3.4028235e+38,5.057837,0.0,0.0,6894.753,11210.471,0,200,1340
78.0,0.0,-9999.0,9.663007,-3.4028235e+38,5.057837,0.0,0.0,6894.753,12097.986,0,1458,784
83.0,0.0,-9999.0,9.663007,-99.0,5.057837,0.0,0.0,6894.753,11297.315,0,975,1093
78.0,0.0,-9999.0,9.663007,-3.4028235e+38,5.057837,0.0,0.0,6894.753,12547.524,0,1724,777
74.0,0.0,-9999.0,9.663007,-181.0,5.057837,0.0,0.0,6894.753,11197.073,0,588,847
64.0,0.0,-9999.0,9.663007,-3.4028235e+38,5.057837,0.0,0.0,6894.753,11312.192,1,134,803
103.0,0.0,-9999.0,9.663007,-83.0,5.057837,0.0,0.0,10809.512,13541.828,1,2039,1856
272.0,18.987982,144.46233,8.298004,86.0,6.687965,0.0,0.0,10552.613,13553.191,0,2293,1908
63.0,0.0,-9999.0,9.663007,-3.4028235e+38,5.057837,0.0,0.0,0.0,11468.519,0,187,132
76.0,0.0,-9999.0,9.663007,-3.4028235e+38,5.057837,0.0,0.0,0.0,12425.172,0,1871,639
77.0,0.0,-9999.0,9.663007,-178.0,5.057837,0.0,0.0,6894.753,11131.161,0,681,1271
77.0,0.0,-9999.0,9.663007,-3.4028235e+38,5.057837,0.0,0.0,0.0,11974.133,0,1423,726
63.0,0.0,-9999.0,9.663007,-3.4028235e+38,5.057837,0.0,0.0,0.0,11251.893,0,1277,96
103.0,0.0,-9999.0,9.663007,-83.0,5.057837,0.0,0.0,10784.983,13541.514,0,2048,1860
69.0,0.0,-9999.0,9.663007,-3.4028235e+38,5.057837,0.0,0.0,6894.753,11232.472,0,326,962
91.0,0.0,-9999.0,9.663007,-91.0,5.057837,0.0,0.0,6894.753,13242.134,1,1644,1337
76.0,0.0,-9999.0,9.663007,-3.4028235e+38,5.057837,0.0,0.0,6894.753,11186.994,0,676,754
68.0,0.0,-9999.0,9.663007,-3.4028235e+38,5.057837,0.0,0.0,0.0,11189.41,0,788,334
71.0,0.0,-9999.0,9.663007,-3.4028235e+38,5.057837,0.0,0.0,6894.753,11233.633,1,459,805
75.0,0.0,-9999.0,9.663007,-3.4028235e+38,5.057837,0.0,0.0,0.0,11291.755,1,1013,618
96.0,0.0,-9999.0,9.663007,-86.0,5.057837,0.0,0.0,6894.753,13655.651,1,2062,1557
102.0,0.0,-9999.0,9.663007,-80.0,5.057837,0.0,0.0,6894.753,13532.077,0,1864,1818
87.0,0.0,-9999.0,9.663007,-3.0,5.057837,0.0,0.0,6894.753,13342.129,0,1983,1108
90.0,0.0,-9999.0,9.663007,-165.0,5.057837,0.0,0.0,6894.753,12396.196,1,1234,1793
68.0,0.0,-9999.0,9.663007,-3.4028235e+38,5.057837,0.0,0.0,0.0,11735.644,0,2182,261
78.0,0.0,-9999.0,9.663007,-177.0,5.057837,0.0,0.0,6894.753,11749.604,1,681,1792
99.0,0.0,-9999.0,10.4097185,-83.0,5.8045483,0.0,0.0,6894.753,13610.522,1,2120,1703
66.0,0.0,-9999.0,9.663007,-3.4028235e+38,5.057837,0.0,0.0,0.0,11505.815,0,1604,212
76.0,0.0,-9999.0,9.663007,-3.4028235e+38,5.057837,0.0,0.0,0.0,11288.578,0,1004,668
62.0,0.0,-9999.0,9.663007,-3.4028235e+38,5.057837,0.0,0.0,0.0,11384.185,1,42,634
68.0,0.0,-9999.0,9.663007,-3.4028235e+38,5.057837,0.0,0.0,0.0,11328.962,0,420,335
91.0,0.0,-9999.0,9.663007,-164.0,5.057837,0.0,0.0,6894.753,12503.783,1,1318,1678
90.0,0.0,-9999.0,10.309285,-92.0,5.704115,0.0,0.0,6894.753,13673.545,0,1901,1290
63.0,0.0,-9999.0,9.663007,-3.4028235e+38,5.057837,0.0,0.0,0.0,11374.525,1,83,626
78.0,0.0,-9999.0,9.663007,-3.4028235e+38,5.057837,0.0,0.0,6894.753,12054.31,1,1438,776
88.0,0.0,-9999.0,9.663007,-94.0,5.057837,0.0,0.0,6894.753,12906.035,0,1580,1202
73.0,0.0,-9999.0,9.663007,-3.4028235e+38,5.057837,0.0,0.0,0.0,11153.101,1,852,553
99.0,0.0,-9999.0,9.663007,-83.0,5.057837,0.0,0.0,10838.202,13645.275,1,2233,1660
81.0,0.0,-9999.0,9.663007,-8.0,5.057837,0.0,0.0,6894.753,11542.923,1,1112,893
314.0,27.995173,253.61046,8.01595,128.0,6.777909,0.0,0.0,10553.067,13539.593,1,2289,1940
92.0,0.0,-9999.0,9.663007,-90.0,5.057837,0.0,0.0,6894.753,13273.251,0,1657,1414
75.0,0.0,-9999.0,9.663007,-3.4028235e+38,5.057837,0.0,0.0,0.0,11993.78,0,1516,625
61.0,0.0,-9999.0,9.807492,-3.4028235e+38,5.202322,0.0,0.0,0.0,11479.582,0,47,304
65.0,0.0,-9999.0,9.663007,-3.4028235e+38,5.057837,0.0,0.0,0.0,11462.319,0,1716,154
76.0,0.0,-9999.0,9.663007,-179.0,5.057837,0.0,0.0,6894.753,11264.341,0,626,1412
81.0,0.0,-9999.0,9.663007,-8.0,5.057837,0.0,0.0,6894.753,11132.913,0,904,896
73.0,0.0,-9999.0,9.663007,-3.4028235e+38,5.057837,0.0,0.0,6894.753,11610.289,0,486,1667
62.0,0.0,-9999.0,9.663007,-3.4028235e+38,5.057837,0.0,0.0,0.0,11494.733,0,48,251
72.0,0.0,-9999.0,9.663007,-3.4028235e+38,5.057837,0.0,0.0,0.0,11209.573,1,676,543
82.0,0.0,-9999.0,9.663007,-7.0,5.057837,0.0,0.0,6894.753,12166.245,1,1410,927
69.0,0.0,-9999.0,9.663007,-3.4028235e+38,5.057837,0.0,0.0,0.0,11302.98,0,352,590
89.0,0.0,-9999.0,9.663007,-166.0,5.057837,0.0,0.0,6894.753,12265.802,0,1228,1622
82.0,0.0,-9999.0,9.663007,-7.0,5.057837,0.0,0.0,6894.753,12114.138,1,1367,964
80.0,0.0,-9999.0,9.663007,-175.0,5.057837,0.0,0.0,6894.753,11220.62,1,799,1391
61.0,0.0,-9999.0,9.663007,-3.4028235e+38,5.057837,0.0,0.0,0.0,11470.398,0,41,343
77.0,0.0,-9999.0,9.663007,-3.4028235e+38,5.057837,0.0,0.0,0.0,11909.224,1,1379,732
73.0,0.0,-9999.0,9.663007,-3.4028235e+38,5.057837,0.0,0.0,0.0,12174.954,0,1770,531
80.0,0.0,-9999.0,9.663007,-9.0,5.057837,0.0,0.0,6894.753,11229.015,1,954,860
90.0,0.0,-9999.0,9.663007,-92.0,5.057837,0.0,0.0,6894.753,13596.493,1,1907,1249
79.0,0.0,-9999.0,9.663007,-176.0,5.057837,0.0,0.0,6894.753,11710.184,0,730,1766
73.0,0.0,-9999.0,9.663007,-3.4028235e+38,5.057837,0.0,0.0,0.0,11873.4795,0,1505,542
67.0,0.0,-9999.0,9.663007,-3.4028235e+38,5.057837,0.0,0.0,0.0,11673.108,0,1734,270
83.0,0.0,-9999.0,9.663007,-172.0,5.057837,0.0,0.0,6894.753,11548.415,1,957,1545
76.0,0.0,-9999.0,9.663007,-3.4028235e+38,5.057837,0.0,0.0,0.0,11145.041,1,854,690
94.0,0.0,-9999.0,9.663007,-88.0,5.057837,0.0,0.0,6894.753,12828.952,1,1485,1488
78.0,0.0,-9999.0,9.663007,-177.0,5.057837,0.0,0.0,6894.753,11126.923,1,717,1277
98.0,0.0,-9999.0,9.663007,-84.0,5.057837,0.0,0.0,10899.124,13658.626,1,2222,1622
69.0,0.0,-9999.0,9.846682,-3.4028235e+38,5.2415113,0.0,0.0,0.0,11301.09,1,391,538
62.0,0.0,-9999.0,9.663007,-3.4028235e+38,5.057837,0.0,0.0,0.0,11267.82,0,1678,44
68.0,0.0,-9999.0,9.663007,-3.4028235e+38,5.057837,0.0,0.0,0.0,11279.418,0,1077,324
78.0,0.0,-9999.0,9.663007,-3.4028235e+38,5.057837,0.0,0.0,6894.753,12100.6,1,1474,763
78.0,0.0,-9999.0,9.663007,-3.4028235e+38,5.057837,0.0,0.0,6894.753,12538.419,0,1733,763
74.0,0.0,-9999.0,9.663007,-3.4028235e+38,5.057837,0.0,0.0,0.0,11165.647,0,797,620
88.0,0.0,-9999.0,9.663007,-94.0,5.057837,0.0,0.0,6894.753,13421.475,1,1837,1165
81.0,0.0,-9999.0,9.663007,-174.0,5.057837,0.0,0.0,6894.753,11113.861,1,860,1253
67.0,0.0,-9999.0,9.663007,-3.4028235e+38,5.057837,0.0,0.0,0.0,11618.154,0,2050,207
64.0,0.0,-9999.0,9.663007,-3.4028235e+38,5.057837,0.0,0.0,0.0,11307.4375,0,1376,127
90.0,0.0,-9999.0,9.663007,-92.0,5.057837,0.0,0.0,6894.753,13430.381,1,1712,1305
87.0,0.0,-9999.0,9.663007,-168.0,5.057837,0.0,0.0,6894.753,12061.564,1,1115,1686
84.0,0.0,-9999.0,10.352969,-171.0,5.7477994,0.0,0.0,6894.753,11675.053,1,1010,1542
100.0,0.0,-9999.0,9.663007,-82.0,5.057837,0.0,0.0,6894.753,13576.011,1,1911,1709
63.0,0.0,-9999.0,9.663007,-3.4028235e+38,5.057837,0.0,0.0,0.0,11224.812,0,1863,10
83.0,0.0,-9999.0,9.663007,-7.0,5.057837,0.0,0.0,6894.753,12253.426,1,1413,1003
78.0,0.0,-9999.0,9.663007,-3.4028235e+38,5.057837,0.0,0.0,6894.753,11888.152,1,1359,744
77.0,0.0,-9999.0,9.663007,-178.0,5.057837,0.0,0.0,6894.753,11513.386,0,657,1607
76.0,0.0,-9999.0,9.663007,-13.0,5.057837,0.0,0.0,6894.753,11176.099,0,674,860
79.0,0.0,-9999.0,9.663007,-3.4028235e+38,5.057837,0.0,0.0,6894.753,11150.067,1,912,800
80.0,0.0,-9999.0,9.663007,-3.4028235e+38,5.057837,0.0,0.0,6894.753,12743.196,0,2091,787
68.0,0.0,-9999.0,9.663007,-3.4028235e+38,5.057837,0.0,0.0,6894.753,11237.405,0,282,978
62.0,0.0,-9999.0,9.663007,-3.4028235e+38,5.057837,0.0,0.0,0.0,11163.713,0,891,24
83.0,0.0,-9999.0,9.663007,-7.0,5.057837,0.0,0.0,6894.753,12298.542,1,1438,994
98.0,0.0,-9999.0,9.663007,-84.0,5.057837,0.0,0.0,6894.753,13604.831,1,1884,1612
82.0,0.0,-9999.0,9.663007,-173.0,5.057837,0.0,0.0,6894.753,11598.485,1,884,1693
78.0,0.0,-9999.0,9.663007,-177.0,5.057837,0.0,0.0,6894.753,11703.008,1,682,1756
80.0,0.0,-9999.0,9.663007,-175.0,5.057837,0.0,0.0,6894.753,11625.046,1,798,1706
89.0,0.0,-9999.0,9.663007,-93.0,5.057837,0.0,0.0,6894.753,12065.05,1,1227,1336
95.0,0.0,-9999.0,9.663007,-87.0,5.057837,0.0,0.0,11238.377,13722.506,0,2333,1514
87.0,0.0,-9999.0,9.663007,-3.0,5.057837,0.0,0.0,6894.753,13391.561,0,2009,1131
83.0,0.0,-9999.0,9.663007,-7.0,5.057837,0.0,0.0,6894.753,11989.64,0,1295,999
85.0,0.0,-9999.0,9.663007,-5.0,5.057837,0.0,0.0,6894.753,13122.467,0,1740,1086
65.0,0.0,-9999.0,9.807492,-3.4028235e+38,5.202322,0.0,0.0,0.0,11408.467,0,230,304
81.0,0.0,-9999.0,9.663007,-174.0,5.057837,0.0,0.0,6894.753,11118.037,1,828,1241
77.0,0.0,-9999.0,9.663007,-3.4028235e+38,5.057837,0.0,0.0,0.0,12407.626,0,1708,711
97.0,0.0,-9999.0,9.663007,-85.0,5.057837,0.0,0.0,6894.753,13633.671,0,1998,1586
91.0,0.0,-9999.0,9.663007,-91.0,5.057837,0.0,0.0,6894.753,13489.474,0,1733,1355
62.0,0.0,-9999.0,9.663007,-3.4028235e+38,5.057837,0.0,0.0,0.0,11465.297,1,217,91
80.0,0.0,-9999.0,9.663007,-9.0,5.057837,0.0,0.0,6894.753,11265.107,1,973,860
77.0,0.0,-9999.0,9.663007,-3.4028235e+38,5.057837,0.0,0.0,0.0,11482.358,0,1124,703
104.0,0.0,-9999.0,9.663007,-82.0,5.057837,0.0,0.0,11344.76,13502.445,0,1878,1911
71.0,0.0,-9999.0,9.663007,-3.4028235e+38,5.057837,0.0,0.0,6894.753,11729.719,0,380,1749
74.0,0.0,-9999.0,9.663007,-3.4028235e+38,5.057837,0.0,0.0,0.0,11222.863,1,603,620
92.0,0.0,-9999.0,9.663007,-90.0,5.057837,0.0,0.0,6894.753,12518.651,1,1358,1518
74.0,0.0,-9999.0,9.663007,-3.4028235e+38,5.057837,0.0,0.0,0.0,12305.761,0,2361,542
100.0,0.0,-9999.0,9.663007,-82.0,5.057837,0.0,0.0,6894.753,13583.44,0,1980,1718
83.0,0.0,-9999.0,9.663007,-172.0,5.057837,0.0,0.0,6894.753,11352.698,1,936,1426
88.0,0.0,-9999.0,9.663007,-167.0,5.057837,0.0,0.0,6894.753,12215.949,1,1134,1817
79.0,0.0,-9999.0,9.663007,-176.0,5.057837,0.0,0.0,6894.753,11121.891,0,740,1308
80.0,0.0,-9999.0,9.663007,-9.0,5.057837,0.0,0.0,6894.753,11737.951,0,1224,854
72.0,0.0,-9999.0,9.663007,-3.4028235e+38,5.057837,0.0,0.0,6894.753,11819.958,0,392,1819
68.0,0.0,-9999.0,9.663007,-3.4028235e+38,5.057837,0.0,0.0,6894.753,11987.965,0,187,1927
102.0,0.0,-9999.0,9.663007,-80.0,5.057837,0.0,0.0,6894.753,13541.909,0,1947,1822
77.0,0.0,-9999.0,9.663007,-178.0,5.057837,0.0,0.0,6894.753,11483.542,0,682,1586
66.0,0.0,-9999.0,9.663007,-3.4028235e+38,5.057837,0.0,0.0,6894.753,11239.4375,0,224,1015
78.0,0.0,-9999.0,9.663007,-3.4028235e+38,5.057837,0.0,0.0,6894.753,11355.865,1,1033,766
78.0,0.0,-9999.0,9.663007,-3.4028235e+38,5.057837,0.0,0.0,6894.753,12299.963,1,1576,782
96.0,0.0,-9999.0,9.663007,-86.0,5.057837,0.0,0.0,6894.753,13649.682,1,1999,1542
71.0,0.0,-9999.0,9.663007,-3.4028235e+38,5.057837,0.0,0.0,0.0,11964.426,0,2245,375
65.0,0.0,-9999.0,9.663007,-3.4028235e+38,5.057837,0.0,0.0,0.0,11451.827,0,1620,171
80.0,0.0,-9999.0,9.663007,-9.0,5.057837,0.0,0.0,6894.753,12784.1875,1,1765,868
85.0,0.0,-9999.0,9.663007,-170.0,5.057837,0.0,0.0,6894.753,11706.072,0,1013,1564
69.0,0.0,-9999.0,9.663007,-3.4028235e+38,5.057837,0.0,0.0,0.0,11820.385,0,1994,315
99.0,0.0,-9999.0,9.663007,-83.0,5.057837,0.0,0.0,6894.753,13533.774,1,1790,1726
87.0,0.0,-9999.0,9.663007,-95.0,5.057837,0.0,0.0,6894.753,11813.591,1,1143,1319
71.0,0.0,-9999.0,9.663007,-3.4028235e+38,5.057837,0.0,0.0,6894.753,11185.09,0,404,1335
84.0,0.0,-9999.0,9.663007,-171.0,5.057837,0.0,0.0,6894.753,11743.954,0,1001,1625
80.0,0.0,-9999.0,9.663007,-3.4028235e+38,5.057837,0.0,0.0,6894.753,12725.631,0,1971,788
82.0,0.0,-9999.0,9.663007,-173.0,5.057837,0.0,0.0,6894.753,11157.382,0,917,1289
85.0,0.0,-9999.0,9.663007,-170.0,5.057837,0.0,0.0,6894.753,11525.011,0,1044,1313
80.0,0.0,-9999.0,9.663007,-9.0,5.057837,0.0,0.0,6894.753,12652.413,1,1706,857
77.0,0.0,-9999.0,10.12172,-178.0,5.5165496,0.0,0.0,6894.753,11141.938,0,731,1096
85.0,0.0,-9999.0,9.663007,-170.0,5.057837,0.0,0.0,6894.753,11573.818,1,1035,1385
69.0,0.0,-9999.0,9.663007,-3.4028235e+38,5.057837,0.0,0.0,0.0,11602.632,0,1476,346
83.0,0.0,-9999.0,9.663007,-7.0,5.057837,0.0,0.0,6894.753,11720.216,1,1172,1001
85.0,0.0,-9999.0,9.663007,-170.0,5.057837,0.0,0.0,6894.753,11467.071,1,1029,1261
94.0,0.0,-9999.0,9.663007,-88.0,5.057837,0.0,0.0,6894.753,13275.412,0,1660,1490
88.0,0.0,-9999.0,9.663007,-167.0,5.057837,0.0,0.0,6894.753,12041.41,1,1167,1518
69.0,0.0,-9999.0,9.663007,-3.4028235e+38,5.057837,0.0,0.0,0.0,11299.887,0,346,614
69.0,0.0,-9999.0,9.663007,-3.4028235e+38,5.057837,0.0,0.0,0.0,11571.755,0,1453,335
75.0,0.0,-9999.0,9.663007,-3.4028235e+38,5.057837,0.0,0.0,0.0,11179.637,1,735,668
72.0,0.0,-9999.0,9.663007,-3.4028235e+38,5.057837,0.0,0.0,0.0,11372.383,0,1111,487
65.0,0.0,-9999.0,9.663007,-3.4028235e+38,5.057837,0.0,0.0,0.0,11478.142,0,2081,133
93.0,0.0,-9999.0,9.663007,-89.0,5.057837,0.0,0.0,6894.753,12745.082,1,1458,1435
94.0,0.0,-9999.0,9.663007,-161.0,5.057837,0.0,0.0,6894.753,12749.435,1,1408,1803
69.0,0.0,-9999.0,9.663007,-3.4028235e+38,5.057837,0.0,0.0,0.0,11168.637,0,839,358
65.0,0.0,-9999.0,9.663007,-3.4028235e+38,5.057837,0.0,0.0,6894.753,11307.111,0,143,814
64.0,0.0,-9999.0,9.663007,-3.4028235e+38,5.057837,0.0,0.0,6894.753,11187.092,0,52,1299
72.0,0.0,-9999.0,9.663007,-3.4028235e+38,5.057837,0.0,0.0,6894.753,11208.769,0,488,915
95.0,0.0,-9999.0,9.663007,-160.0,5.057837,0.0,0.0,6894.753,12914.636,1,1501,1706
98.0,0.0,-9999.0,10.815497,-84.0,6.2103276,0.0,0.0,6894.753,13582.636,1,1852,1662
89.0,0.0,-9999.0,9.663007,-93.0,5.057837,0.0,0.0,6894.753,12043.181,1,1221,1329
99.0,0.0,-9999.0,9.663007,-83.0,5.057837,0.0,0.0,6894.753,13598.577,1,1999,1684
78.0,0.0,-9999.0,9.663007,-3.4028235e+38,5.057837,0.0,0.0,6894.753,12365.757,1,1621,774
92.0,0.0,-9999.0,9.663007,-90.0,5.057837,0.0,0.0,6894.753,13241.247,1,1645,1410
77.0,0.0,-9999.0,9.663007,-178.0,5.057837,0.0,0.0,6894.753,11655.335,0,659,1717
64.0,0.0,-9999.0,9.663007,-3.4028235e+38,5.057837,0.0,0.0,0.0,11376.983,0,163,526
94.0,0.0,-9999.0,9.663007,-88.0,5.057837,0.0,0.0,6894.753,13183.531,0,1624,1500
78.0,0.0,-9999.0,9.663007,-3.4028235e+38,5.057837,0.0,0.0,6894.753,12609.6455,0,1831,739
80.0,0.0,-9999.0,9.663007,-9.0,5.057837,0.0,0.0,6894.753,11230.993,1,955,861
64.0,0.0,-9999.0,9.663007,-3.4028235e+38,5.057837,0.0,0.0,0.0,11268.281,0,631,174
84.0,0.0,-9999.0,9.663007,-171.0,5.057837,0.0,0.0,6894.753,11329.509,0,979,1266
74.0,0.0,-9999.0,9.663007,-181.0,5.057837,0.0,0.0,6894.753,11166.461,0,576,1091
86.0,0.0,-9999.0,9.663007,-169.0,5.057837,0.0,0.0,6894.753,11641.47,1,1069,1359
88.0,0.0,-9999.0,9.663007,-94.0,5.057837,0.0,0.0,6894.753,13497.854,0,1938,1194
96.0,0.0,-9999.0,9.663007,-86.0,5.057837,0.0,0.0,6894.753,13628.367,1,1890,1546
99.0,0.0,-9999.0,9.663007,-83.0,5.057837,0.0,0.0,6894.753,13258.944,1,1662,1756
80.0,0.0,-9999.0,9.663007,-175.0,5.057837,0.0,0.0,6894.753,11490.269,0,798,1601
78.0,0.0,-9999.0,9.663007,-3.4028235e+38,5.057837,0.0,0.0,6894.753,11407.321,1,1065,757
64.0,0.0,-9999.0,9.663007,-3.4028235e+38,5.057837,0.0,0.0,0.0,11336.506,0,1548,108
87.0,0.0,-9999.0,9.663007,-168.0,5.057837,0.0,0.0,6894.753,12036.269,1,1143,1583
80.0,0.0,-9999.0,9.663007,-9.0,5.057837,0.0,0.0,6894.753,11228.861,1,954,858
81.0,0.0,-9999.0,9.663007,-174.0,5.057837,0.0,0.0,6894.753,11136.826,1,845,1329
68.0,0.0,-9999.0,9.663007,-3.4028235e+38,5.057837,0.0,0.0,0.0,11314.716,0,458,334
73.0,0.0,-9999.0,9.663007,-3.4028235e+38,5.057837,0.0,0.0,6894.753,11746.351,0,460,1769
77.0,0.0,-9999.0,9.663007,-3.4028235e+38,5.057837,0.0,0.0,0.0,11430.664,1,1089,711
75.0,0.0,-9999.0,9.663007,-3.4028235e+38,5.057837,0.0,0.0,0.0,11162.657,1,796,666
76.0,0.0,-9999.0,9.663007,-3.4028235e+38,5.057837,0.0,0.0,0.0,11390.22,1,1074,661
78.0,0.0,-9999.0,9.663007,-3.4028235e+38,5.057837,0.0,0.0,6894.753,12041.52,1,1428,780
85.0,0.0,-9999.0,9.663007,-5.0,5.057837,0.0,0.0,6894.753,12981.205,1,1692,1070
85.0,0.0,-9999.0,9.663007,-5.0,5.057837,0.0,0.0,6894.753,13155.513,1,1770,1065
67.0,0.0,-9999.0,9.663007,-3.4028235e+38,5.057837,0.0,0.0,6894.753,11687.763,0,187,1700
75.0,0.0,-9999.0,9.663007,-3.4028235e+38,5.057837,0.0,0.0,0.0,12320.518,0,1765,614
72.0,0.0,-9999.0,9.663007,-3.4028235e+38,5.057837,0.0,0.0,0.0,12105.524,0,2346,441
80.0,0.0,-9999.0,9.663007,-175.0,5.057837,0.0,0.0,6894.753,11219.1455,1,801,1390
68.0,0.0,-9999.0,9.663007,-3.4028235e+38,5.057837,0.0,0.0,0.0,11270.902,0,569,346
74.0,0.0,-9999.0,9.663007,-3.4028235e+38,5.057837,0.0,0.0,0.0,11336.13,0,1053,581
98.0,0.0,-9999.0,9.663007,-157.0,5.057837,0.0,0.0,12061.809,13084.681,0,1573,1890
70.0,0.0,-9999.0,9.663007,-3.4028235e+38,5.057837,0.0,0.0,0.0,11916.827,0,1896,371
91.0,0.0,-9999.0,9.663007,-164.0,5.057837,0.0,0.0,6894.753,12466.855,1,1250,1852
71.0,0.0,-9999.0,9.663007,-3.4028235e+38,5.057837,0.0,0.0,0.0,11221.786,1,654,497
86.0,0.0,-9999.0,9.663007,-169.0,5.057837,0.0,0.0,6894.753,11711.656,1,1073,1420
97.0,0.0,-9999.0,9.663007,-85.0,5.057837,0.0,0.0,6894.753,13128.609,1,1601,1619
70.0,0.0,-9999.0,9.663007,-3.4028235e+38,5.057837,0.0,0.0,0.0,11946.755,0,2244,366
82.0,0.0,-9999.0,9.663007,-100.0,5.057837,0.0,0.0,6894.753,11228.766,0,948,1035
83.0,0.0,-9999.0,9.663007,-172.0,5.057837,0.0,0.0,6894.753,11312.761,1,921,1426
97.0,0.0,-9999.0,9.663007,-85.0,5.057837,0.0,0.0,10930.256,13668.586,0,2166,1572
96.0,0.0,-9999.0,9.663007,-86.0,5.057837,0.0,0.0,6894.753,13388.72,1,1711,1589
97.0,0.0,-9999.0,9.663007,-85.0,5.057837,0.0,0.0,6894.753,13375.571,0,1708,1626
91.0,0.0,-9999.0,9.663007,-91.0,5.057837,0.0,0.0,6894.753,13414.809,1,1706,1351
79.0,0.0,-9999.0,9.663007,-3.4028235e+38,5.057837,0.0,0.0,6894.753,12721.09,1,2026,781
63.0,0.0,-9999.0,9.663007,-3.4028235e+38,5.057837,0.0,0.0,0.0,11341.608,1,485,107
65.0,0.0,-9999.0,9.663007,-3.4028235e+38,5.057837,0.0,0.0,0.0,11343.546,0,433,226
87.0,0.0,-9999.0,9.663007,-95.0,5.057837,0.0,0.0,6894.753,12614.129,1,1478,1183
101.0,0.0,-9999.0,9.663007,-81.0,5.057837,0.0,0.0,11820.06,13337.471,0,1707,1848
81.0,0.0,-9999.0,9.663007,-8.0,5.057837,0.0,0.0,6894.753,12512.952,1,1599,900
103.0,0.0,-9999.0,9.663007,-83.0,5.057837,0.0,0.0,11606.028,13480.567,1,1791,1904
67.0,0.0,-9999.0,9.663007,-3.4028235e+38,5.057837,0.0,0.0,6894.753,11678.162,0,213,1695
65.0,0.0,-9999.0,9.663007,-3.4028235e+38,5.057837,0.0,0.0,6894.753,11229.972,0,167,1091
79.0,0.0,-9999.0,9.663007,-3.4028235e+38,5.057837,0.0,0.0,6894.753,12271.289,1,1550,794
72.0,0.0,-9999.0,9.663007,-3.4028235e+38,5.057837,0.0,0.0,0.0,11270.063,1,473,567
81.0,0.0,-9999.0,9.663007,-8.0,5.057837,0.0,0.0,6894.753,12678.384,0,1701,878
63.0,0.0,-9999.0,9.663007,-3.4028235e+38,5.057837,0.0,0.0,0.0,11440.589,1,261,112
85.0,0.0,-9999.0,9.663007,-170.0,5.057837,0.0,0.0,6894.753,11540.563,1,1054,1276
90.0,0.0,-9999.0,9.663007,-165.0,5.057837,0.0,0.0,6894.753,12404.905,1,1238,1794
76.0,0.0,-9999.0,10.06635,-3.4028235e+38,5.46118,0.0,0.0,0.0,12489.422,0,2193,648
87.0,0.0,-9999.0,9.663007,-168.0,5.057837,0.0,0.0,6894.753,12134.328,0,1065,1872
80.0,0.0,-9999.0,9.663007,-102.0,5.057837,0.0,0.0,6894.753,11131.352,0,841,987
78.0,0.0,-9999.0,9.663007,-3.4028235e+38,5.057837,0.0,0.0,6894.753,12187.01,1,1541,743
83.0,0.0,-9999.0,9.663007,-6.0,5.057837,0.0,0.0,6894.753,13094.988,0,2112,967
96.0,0.0,-9999.0,9.663007,-86.0,5.057837,0.0,0.0,6894.753,13034.843,1,1558,1676
69.0,0.0,-9999.0,9.663007,-3.4028235e+38,5.057837,0.0,0.0,6894.753,11800.227,0,263,1792
71.0,0.0,-9999.0,9.663007,-3.4028235e+38,5.057837,0.0,0.0,0.0,11257.284,0,1014,444
66.0,0.0,-9999.0,9.663007,-3.4028235e+38,5.057837,0.0,0.0,0.0,11296.787,0,535,258
64.0,0.0,-9999.0,9.663007,-3.4028235e+38,5.057837,0.0,0.0,6894.753,11789.206,0,35,1763
89.0,0.0,-9999.0,9.663007,-93.0,5.057837,0.0,0.0,6894.753,13529.073,1,1806,1225
79.0,0.0,-9999.0,9.663007,-3.4028235e+38,5.057837,0.0,0.0,6894.753,12692.4795,0,2198,752
81.0,0.0,-9999.0,9.663007,-174.0,5.057837,0.0,0.0,6894.753,11138.647,1,867,1332
88.0,0.0,-9999.0,9.663007,-94.0,5.057837,0.0,0.0,6894.753,12921.3125,0,1574,1224
67.0,0.0,-9999.0,9.663007,-3.4028235e+38,5.057837,0.0,0.0,0.0,11325.4,0,236,644
82.0,0.0,-9999.0,9.663007,-173.0,5.057837,0.0,0.0,6894.753,11271.792,0,915,1406
0.0,-9999.0,-9999.0,-3.4028235e+38,-3.4028235e+38,-3.4028235e+38,0.0,0.0,0.0,11198.913,0,1540,7
104.0,0.0,-9999.0,9.663007,-82.0,5.057837,0.0,0.0,11429.815,13499.438,1,1850,1910
93.0,0.0,-9999.0,9.663007,-89.0,5.057837,0.0,0.0,6894.753,12648.476,1,1414,1490
83.0,0.0,-9999.0,9.663007,-6.0,5.057837,0.0,0.0,6894.753,11571.198,0,1110,971
78.0,0.0,-9999.0,9.663007,-177.0,5.057837,0.0,0.0,6894.753,11705.946,1,679,1758
64.0,0.0,-9999.0,9.663007,-3.4028235e+38,5.057837,0.0,0.0,0.0,11292.28,0,578,164
65.0,0.0,-9999.0,9.663007,-3.4028235e+38,5.057837,0.0,0.0,6894.753,11310.407,1,164,782
84.0,0.0,-9999.0,9.663007,-171.0,5.057837,0.0,0.0,6894.753,11746.946,0,998,1634
95.0,0.0,-9999.0,9.663007,-87.0,5.057837,0.0,0.0,6894.753,13507.601,1,1757,1550
80.0,0.0,-9999.0,9.663007,-9.0,5.057837,0.0,0.0,6894.753,11131.75,0,861,908
96.0,0.0,-9999.0,9.663007,-86.0,5.057837,0.0,0.0,6894.753,13634.381,1,1882,1524
78.0,0.0,-9999.0,9.663007,-177.0,5.057837,0.0,0.0,6894.753,11126.737,1,716,1280
79.0,0.0,-9999.0,9.663007,-176.0,5.057837,0.0,0.0,6894.753,11130.236,0,822,1060
94.0,0.0,-9999.0,9.663007,-88.0,5.057837,0.0,0.0,6894.753,13635.556,1,1816,1483
78.0,0.0,-9999.0,9.663007,-3.4028235e+38,5.057837,0.0,0.0,6894.753,11681.208,1,1219,781
0.0,-9999.0,-9999.0,-3.4028235e+38,-3.4028235e+38,-3.4028235e+38,0.0,0.0,0.0,11161.894,0,925,7
65.0,0.0,-9999.0,9.663007,-3.4028235e+38,5.057837,0.0,0.0,0.0,11339.107,1,150,686
83.0,0.0,-9999.0,9.663007,-6.0,5.057837,0.0,0.0,6894.753,11628.11,1,1134,983
97.0,0.0,-9999.0,9.663007,-158.0,5.057837,0.0,0.0,6894.753,13069.813,1,1570,1777
63.0,0.0,-9999.0,9.663007,-3.4028235e+38,5.057837,0.0,0.0,0.0,11370.881,1,69,653
85.0,0.0,-9999.0,9.663007,-170.0,5.057837,0.0,0.0,6894.753,11826.627,0,1015,1672
71.0,0.0,-9999.0,9.663007,-3.4028235e+38,5.057837,0.0,0.0,6894.753,11175.138,0,410,1183
90.0,0.0,-9999.0,9.663007,-165.0,5.057837,0.0,0.0,6894.753,12336.084,1,1247,1662
95.0,0.0,-9999.0,9.663007,-87.0,5.057837,0.0,0.0,6894.753,13175.602,1,1621,1542
103.0,0.0,-9999.0,9.663007,-79.0,5.057837,0.0,0.0,11275.007,13524.714,1,1885,1848
64.0,0.0,-9999.0,9.663007,-3.4028235e+38,5.057837,0.0,0.0,0.0,11415.197,0,1797,113
293.0,8.206727,236.30994,8.654425,107.0,6.2691894,0.0,0.0,10538.146,13553.667,0,2386,1933
81.0,0.0,-9999.0,9.663007,-8.0,5.057837,0.0,0.0,6894.753,12895.39,0,2088,866
87.0,0.0,-9999.0,9.663007,-3.0,5.057837,0.0,0.0,6894.753,13412.6045,0,2248,1117
86.0,0.0,-9999.0,9.663007,-4.0,5.057837,0.0,0.0,6894.753,13379.889,0,2359,1089
101.0,0.0,-9999.0,9.663007,-81.0,5.057837,0.0,0.0,6894.753,13575.357,1,2010,1753
92.0,0.0,-9999.0,9.663007,-90.0,5.057837,0.0,0.0,6894.753,12889.635,1,1514,1415
99.0,0.0,-9999.0,9.663007,-83.0,5.057837,0.0,0.0,10770.306,13631.852,1,2160,1664
82.0,0.0,-9999.0,9.663007,-173.0,5.057837,0.0,0.0,6894.753,11458.217,1,881,1583
78.0,0.0,-9999.0,9.663007,-3.4028235e+38,5.057837,0.0,0.0,6894.753,11740.558,0,1255,777
97.0,0.0,-9999.0,9.663007,-158.0,5.057837,0.0,0.0,6894.753,13034.546,1,1554,1753
96.0,0.0,-9999.0,9.663007,-86.0,5.057837,0.0,0.0,6894.753,13492.3545,1,1755,1592
71.0,0.0,-9999.0,9.663007,-3.4028235e+38,5.057837,0.0,0.0,0.0,11282.615,1,440,554
94.0,0.0,-9999.0,9.663007,-88.0,5.057837,0.0,0.0,6894.753,12746.747,1,1450,1512
87.0,0.0,-9999.0,9.663007,-168.0,5.057837,0.0,0.0,6894.753,11727.027,1,1117,1300
63.0,0.0,-9999.0,9.663007,-3.4028235e+38,5.057837,0.0,0.0,0.0,11317.964,0,1763,65
94.0,0.0,-9999.0,9.663007,-88.0,5.057837,0.0,0.0,6894.753,12965.471,1,1538,1497
77.0,0.0,-9999.0,9.663007,-178.0,5.057837,0.0,0.0,6894.753,11481.716,0,675,1584
96.0,0.0,-9999.0,9.663007,-86.0,5.057837,0.0,0.0,6894.753,13629.218,1,1929,1564
67.0,0.0,-9999.0,9.663007,-3.4028235e+38,5.057837,0.0,0.0,0.0,11478.98,0,1454,254
71.0,0.0,-9999.0,9.663007,-3.4028235e+38,5.057837,0.0,0.0,0.0,11222.587,1,661,469
85.0,0.0,-9999.0,9.663007,-170.0,5.057837,0.0,0.0,6894.753,11520.851,0,1045,1296
84.0,0.0,-9999.0,9.663007,-171.0,5.057837,0.0,0.0,6894.753,11800.952,1,946,1779
250.0,6.651733,329.03625,13.199925,64.0,10.629687,0.0,0.0,10548.251,13536.504,0,2309,1953
82.0,0.0,-9999.0,9.663007,-173.0,5.057837,0.0,0.0,6894.753,11554.843,0,897,1660
95.0,0.0,-9999.0,9.663007,-87.0,5.057837,0.0,0.0,6894.753,12887.57,1,1500,1586
85.0,0.0,-9999.0,9.663007,-170.0,5.057837,0.0,0.0,6894.753,11850.124,1,1047,1625
64.0,0.0,-9999.0,9.663007,-3.4028235e+38,5.057837,0.0,0.0,0.0,11299.564,1,564,155
79.0,0.0,-9999.0,9.846682,-176.0,5.2415113,0.0,0.0,6894.753,11628.99,1,775,1707
294.0,10.888077,297.89728,9.674043,108.0,7.5444083,0.0,0.0,10537.376,13551.271,1,2380,1937
70.0,0.0,-9999.0,9.663007,-3.4028235e+38,5.057837,0.0,0.0,6894.753,11175.603,0,333,1228
71.0,0.0,-9999.0,9.663007,-3.4028235e+38,5.057837,0.0,0.0,0.0,11274.315,1,468,551
63.0,0.0,-9999.0,9.663007,-3.4028235e+38,5.057837,0.0,0.0,6894.753,11232.009,0,4,1167
88.0,0.0,-9999.0,9.663007,-167.0,5.057837,0.0,0.0,6894.753,12260.967,0,1136,1865
94.0,0.0,-9999.0,9.663007,-161.0,5.057837,0.0,0.0,12262.09,12713.126,1,1382,1840
79.0,0.0,-9999.0,9.663007,-176.0,5.057837,0.0,0.0,6894.753,11127.172,0,775,1199
88.0,0.0,-9999.0,9.663007,-2.0,5.057837,0.0,0.0,6894.753,13529.805,0,2258,1176
79.0,0.0,-9999.0,9.663007,-176.0,5.057837,0.0,0.0,6894.753,11646.851,0,743,1718
86.0,0.0,-9999.0,9.663007,-169.0,5.057837,0.0,0.0,6894.753,12104.0,0,1028,1909
78.0,0.0,-9999.0,9.663007,-3.4028235e+38,5.057837,0.0,0.0,6894.753,12069.592,1,1469,744
90.0,0.0,-9999.0,9.663007,-165.0,5.057837,0.0,0.0,6894.753,12343.084,1,1243,1686
80.0,0.0,-9999.0,9.663007,-9.0,5.057837,0.0,0.0,6894.753,11660.923,1,1190,832
64.0,0.0,-9999.0,9.663007,-3.4028235e+38,5.057837,0.0,0.0,0.0,11300.125,1,564,151
71.0,0.0,-9999.0,9.663007,-3.4028235e+38,5.057837,0.0,0.0,0.0,11253.552,0,559,495
63.0,0.0,-9999.0,9.663007,-3.4028235e+38,5.057837,0.0,0.0,6894.753,11329.5625,0,57,807
98.0,0.0,-9999.0,9.663007,-84.0,5.057837,0.0,0.0,6894.753,13615.717,0,1958,1617
69.0,0.0,-9999.0,9.663007,-3.4028235e+38,5.057837,0.0,0.0,6894.753,11267.849,0,327,793
90.0,0.0,-9999.0,9.663007,-92.0,5.057837,0.0,0.0,6894.753,12383.921,0,1346,1305
67.0,0.0,-9999.0,9.663007,-3.4028235e+38,5.057837,0.0,0.0,6894.753,11267.504,0,238,886
63.0,0.0,-9999.0,9.663007,-3.4028235e+38,5.057837,0.0,0.0,0.0,11402.359,1,123,480
86.0,0.0,-9999.0,9.663007,-169.0,5.057837,0.0,0.0,6894.753,11966.703,1,1017,1799
70.0,0.0,-9999.0,9.663007,-3.4028235e+38,5.057837,0.0,0.0,0.0,11195.438,1,746,449
99.0,0.0,-9999.0,9.663007,-83.0,5.057837,0.0,0.0,10836.78,13645.101,0,2332,1699
74.0,0.0,-9999.0,9.663007,-3.4028235e+38,5.057837,0.0,0.0,0.0,11175.114,1,929,578
75.0,0.0,-9999.0,9.663007,-3.4028235e+38,5.057837,0.0,0.0,0.0,11362.961,1,1064,621
66.0,0.0,-9999.0,9.663007,-3.4028235e+38,5.057837,0.0,0.0,6894.753,11304.497,0,200,770
65.0,0.0,-9999.0,9.663007,-3.4028235e+38,5.057837,0.0,0.0,6894.753,11329.653,0,130,1425
66.0,0.0,-9999.0,9.663007,-3.4028235e+38,5.057837,0.0,0.0,0.0,11367.107,0,256,439
97.0,0.0,-9999.0,9.663007,-85.0,5.057837,0.0,0.0,6894.753,13661.185,0,2133,1576
72.0,0.0,-9999.0,9.663007,-3.4028235e+38,5.057837,0.0,0.0,6894.753,11380.869,0,422,1486
61.0,0.0,-9999.0,9.663007,-3.4028235e+38,5.057837,0.0,0.0,0.0,11493.619,1,42,263
93.0,0.0,-9999.0,9.663007,-162.0,5.057837,0.0,0.0,6894.753,12703.12,0,1412,1654
75.0,0.0,-9999.0,9.663007,-3.4028235e+38,5.057837,0.0,0.0,0.0,11455.86,1,1125,640
75.0,0.0,-9999.0,9.663007,-3.4028235e+38,5.057837,0.0,0.0,0.0,11185.638,1,717,658
209.0,18.534298,287.354,10.725497,23.0,9.092499,0.0,0.0,10543.621,13563.322,1,2237,1866
76.0,0.0,-9999.0,9.663007,-3.4028235e+38,5.057837,0.0,0.0,0.0,12333.494,0,1719,658
89.0,0.0,-9999.0,9.663007,-166.0,5.057837,0.0,0.0,6894.753,12200.679,1,1220,1556
80.0,0.0,-9999.0,9.663007,-9.0,5.057837,0.0,0.0,6894.753,12367.924,1,1555,858
94.0,0.0,-9999.0,9.663007,-88.0,5.057837,0.0,0.0,6894.753,12866.351,1,1498,1508
68.0,0.0,-9999.0,9.663007,-3.4028235e+38,5.057837,0.0,0.0,0.0,11157.654,0,877,291
76.0,0.0,-9999.0,9.663007,-13.0,5.057837,0.0,0.0,6894.753,11177.562,0,662,871
77.0,0.0,-9999.0,9.663007,-3.4028235e+38,5.057837,0.0,0.0,0.0,12594.518,0,2387,687
102.0,0.0,-9999.0,9.663007,-80.0,5.057837,0.0,0.0,10847.937,13548.832,1,2020,1830
68.0,0.0,-9999.0,9.663007,-3.4028235e+38,5.057837,0.0,0.0,0.0,11168.658,0,928,327
82.0,0.0,-9999.0,9.663007,-7.0,5.057837,0.0,0.0,6894.753,12829.363,1,1711,955
68.0,0.0,-9999.0,10.06635,-3.4028235e+38,5.46118,0.0,0.0,6894.753,11555.042,0,276,1607
74.0,0.0,-9999.0,9.663007,-3.4028235e+38,5.057837,0.0,0.0,0.0,11228.912,1,576,634
78.0,0.0,-9999.0,9.663007,-3.4028235e+38,5.057837,0.0,0.0,6894.753,11919.232,1,1365,766
75.0,0.0,-9999.0,9.663007,-3.4028235e+38,5.057837,0.0,0.0,0.0,11208.538,0,640,649
81.0,0.0,-9999.0,9.663007,-174.0,5.057837,0.0,0.0,6894.753,11808.51,0,809,1850
68.0,0.8102307,315.0,9.069552,-3.4028235e+38,5.057837,0.0,0.0,0.0,11479.84,0,1344,326
65.0,0.0,-9999.0,9.663007,-3.4028235e+38,5.057837,0.0,0.0,6894.753,11637.197,0,131,1657
84.0,0.0,-9999.0,9.663007,-6.0,5.057837,0.0,0.0,6894.753,12316.913,1,1416,1056
64.0,0.0,-9999.0,9.663007,-3.4028235e+38,5.057837,0.0,0.0,0.0,11374.586,0,119,587
68.0,0.0,-9999.0,9.663007,-3.4028235e+38,5.057837,0.0,0.0,0.0,11388.533,0,1256,291
75.0,0.0,-9999.0,9.663007,-3.4028235e+38,5.057837,0.0,0.0,0.0,11170.895,0,767,665
75.0,0.0,-9999.0,9.663007,-3.4028235e+38,5.057837,0.0,0.0,0.0,12329.229,0,1792,599
72.0,0.0,-9999.0,9.663007,-3.4028235e+38,5.057837,0.0,0.0,0.0,11193.983,0,948,489
87.0,0.0,-9999.0,9.663007,-95.0,5.057837,0.0,0.0,6894.753,12560.492,1,1456,1186
91.0,0.0,-9999.0,9.663007,-91.0,5.057837,0.0,0.0,6894.753,12327.469,1,1291,1477
74.0,0.0,-9999.0,9.663007,-3.4028235e+38,5.057837,0.0,0.0,0.0,12325.791,0,2393,550
77.0,0.0,-9999.0,9.663007,-178.0,5.057837,0.0,0.0,6894.753,11130.592,0,675,1282
84.0,0.0,-9999.0,9.663007,-6.0,5.057837,0.0,0.0,6894.753,12772.538,1,1622,1041
78.0,0.0,-9999.0,9.663007,-3.4028235e+38,5.057837,0.0,0.0,6894.753,11906.669,1,1351,778
86.0,0.0,-9999.0,9.663007,-169.0,5.057837,0.0,0.0,6894.753,11951.155,1,1094,1617
96.0,0.0,-9999.0,9.663007,-86.0,5.057837,0.0,0.0,11187.924,13712.566,0,2338,1540
96.0,0.0,-9999.0,9.663007,-159.0,5.057837,0.0,0.0,12179.583,12904.452,0,1477,1874
91.0,0.0,-9999.0,9.663007,-91.0,5.057837,0.0,0.0,6894.753,13099.012,1,1593,1355
80.0,0.0,-9999.0,9.663007,-9.0,5.057837,0.0,0.0,6894.753,11925.028,0,1315,872
63.0,0.0,-9999.0,9.663007,-3.4028235e+38,5.057837,0.0,0.0,0.0,11352.031,0,459,114
82.0,0.0,-9999.0,9.663007,-173.0,5.057837,0.0,0.0,6894.753,11156.269,0,901,1345
63.0,0.0,-9999.0,9.663007,-3.4028235e+38,5.057837,0.0,0.0,6894.753,11320.482,0,33,1411
70.0,0.0,-9999.0,9.663007,-3.4028235e+38,5.057837,0.0,0.0,0.0,11186.503,0,775,435
64.0,0.0,-9999.0,9.663007,-3.4028235e+38,5.057837,0.0,0.0,0.0,11429.164,0,1752,128
80.0,0.0,-9999.0,9.663007,-9.0,5.057837,0.0,0.0,6894.753,11589.812,0,1146,852
87.0,0.0,-9999.0,9.663007,-168.0,5.057837,0.0,0.0,6894.753,12073.555,0,1096,1744
89.0,0.0,-9999.0,9.663007,-166.0,5.057837,0.0,0.0,6894.753,12319.195,1,1229,1696
71.0,0.0,-9999.0,9.663007,-3.4028235e+38,5.057837,0.0,0.0,0.0,11383.166,0,1141,441
94.0,0.0,-9999.0,9.663007,-161.0,5.057837,0.0,0.0,6894.753,12750.574,0,1420,1738
66.0,0.0,-9999.0,9.663007,-3.4028235e+38,5.057837,0.0,0.0,6894.753,11273.267,0,179,1386
102.0,0.0,-9999.0,9.663007,-84.0,5.057837,0.0,0.0,11564.473,13499.8955,1,1795,1866
99.0,0.0,-9999.0,9.663007,-83.0,5.057837,0.0,0.0,6894.753,13321.487,1,1690,1722
71.0,0.0,-9999.0,9.663007,-3.4028235e+38,5.057837,0.0,0.0,0.0,11280.679,1,426,589
82.0,0.0,-9999.0,9.663007,-7.0,5.057837,0.0,0.0,6894.753,12876.842,1,1742,945
70.0,0.0,-9999.0,9.663007,-3.4028235e+38,5.057837,0.0,0.0,0.0,11272.794,1,413,653
75.0,0.0,-9999.0,9.663007,-3.4028235e+38,5.057837,0.0,0.0,0.0,11451.033,1,1121,642
69.0,0.0,-9999.0,9.663007,-3.4028235e+38,5.057837,0.0,0.0,6894.753,11256.369,0,333,841
85.0,0.0,-9999.0,9.663007,-5.0,5.057837,0.0,0.0,6894.753,13020.932,0,1706,1074
77.0,0.0,-9999.0,9.663007,-3.4028235e+38,5.057837,0.0,0.0,0.0,11932.338,0,1415,699
81.0,0.0,-9999.0,9.663007,-174.0,5.057837,0.0,0.0,6894.753,11152.933,1,837,1341
90.0,0.0,-9999.0,9.663007,-165.0,5.057837,0.0,0.0,6894.753,12343.3125,0,1228,1734
77.0,0.0,-9999.0,9.663007,-3.4028235e+38,5.057837,0.0,0.0,0.0,11176.93,0,928,729
86.0,0.0,-9999.0,9.663007,-4.0,5.057837,0.0,0.0,6894.753,13255.812,0,1827,1079
95.0,0.0,-9999.0,9.663007,-87.0,5.057837,0.0,0.0,6894.753,13456.84,1,1735,1536
83.0,0.0,-9999.0,9.663007,-172.0,5.057837,0.0,0.0,6894.753,11355.36,1,937,1426
68.0,0.0,-9999.0,9.663007,-3.4028235e+38,5.057837,0.0,0.0,0.0,11274.66,0,1090,285
65.0,0.0,-9999.0,9.663007,-3.4028235e+38,5.057837,0.0,0.0,6894.753,11932.266,0,52,1872
71.0,0.0,-9999.0,9.663007,-3.4028235e+38,5.057837,0.0,0.0,0.0,11265.957,1,448,635
68.0,0.0,-9999.0,9.663007,-3.4028235e+38,5.057837,0.0,0.0,0.0,11723.161,0,2232,252
81.0,0.0,-9999.0,9.663007,-174.0,5.057837,0.0,0.0,6894.753,11578.632,0,845,1674
89.0,0.0,-9999.0,9.663007,-166.0,5.057837,0.0,0.0,6894.753,12291.534,1,1209,1718
71.0,0.0,-9999.0,9.663007,-3.4028235e+38,5.057837,0.0,0.0,0.0,11236.126,0,616,483
69.0,0.0,-9999.0,9.663007,-3.4028235e+38,5.057837,0.0,0.0,6894.753,11235.072,0,332,944
73.0,0.0,-9999.0,9.663007,-3.4028235e+38,5.057837,0.0,0.0,0.0,11156.739,1,843,539
63.0,0.0,-9999.0,9.663007,-3.4028235e+38,5.057837,0.0,0.0,0.0,11338.765,1,491,108
64.0,0.0,-9999.0,9.663007,-3.4028235e+38,5.057837,0.0,0.0,0.0,11373.351,0,2295,70
91.0,0.0,-9999.0,9.663007,-164.0,5.057837,0.0,0.0,6894.753,12423.854,1,1319,1523
84.0,0.0,-9999.0,9.663007,-171.0,5.057837,0.0,0.0,6894.753,11608.946,1,984,1540
81.0,0.0,-9999.0,9.663007,-8.0,5.057837,0.0,0.0,6894.753,11552.226,1,1115,901
66.0,0.0,-9999.0,9.663007,-3.4028235e+38,5.057837,0.0,0.0,0.0,11594.04,0,2185,188
73.0,0.0,-9999.0,9.663007,-3.4028235e+38,5.057837,0.0,0.0,0.0,11206.949,0,672,579
96.0,0.0,-9999.0,9.663007,-86.0,5.057837,0.0,0.0,6894.753,13629.576,1,1931,1564
81.0,0.0,-9999.0,9.663007,-174.0,5.057837,0.0,0.0,6894.753,11250.813,0,858,1419
84.0,0.0,-9999.0,9.663007,-6.0,5.057837,0.0,0.0,6894.753,12172.967,1,1361,1039
102.0,0.0,-9999.0,9.663007,-153.0,5.057837,0.0,0.0,11732.762,13415.347,1,1762,1953
99.0,0.0,-9999.0,9.663007,-83.0,5.057837,0.0,0.0,6894.753,13611.214,0,2067,1679
73.0,0.0,-9999.0,9.663007,-3.4028235e+38,5.057837,0.0,0.0,0.0,12124.929,0,1895,480
91.0,0.0,-9999.0,9.663007,-164.0,5.057837,0.0,0.0,6894.753,12478.233,0,1298,1711
83.0,0.0,-9999.0,9.663007,-172.0,5.057837,0.0,0.0,6894.753,11241.322,1,947,1276
63.0,0.0,-9999.0,9.663007,-3.4028235e+38,5.057837,0.0,0.0,0.0,11472.692,1,97,259
62.0,0.0,-9999.0,9.663007,-3.4028235e+38,5.057837,0.0,0.0,0.0,11496.423,1,89,186
91.0,0.0,-9999.0,9.663007,-91.0,5.057837,0.0,0.0,6894.753,13755.234,0,2218,1296
91.0,0.0,-9999.0,9.663007,-71.0,5.057837,0.0,0.0,6894.753,13793.028,0,2362,1299
97.0,0.0,-9999.0,9.663007,-85.0,5.057837,0.0,0.0,6894.753,13610.295,0,1892,1600
70.0,0.0,-9999.0,9.663007,-3.4028235e+38,5.057837,0.0,0.0,0.0,11275.543,0,394,667
64.0,0.8102307,315.0,9.069552,-3.4028235e+38,5.057837,0.0,0.0,0.0,11399.492,1,182,413
80.0,0.0,-9999.0,9.663007,-9.0,5.057837,0.0,0.0,6894.753,11358.602,1,1025,837
69.0,0.0,-9999.0,9.663007,-3.4028235e+38,5.057837,0.0,0.0,6894.753,11677.554,0,287,1701
83.0,0.0,-9999.0,9.663007,-172.0,5.057837,0.0,0.0,6894.753,11235.729,1,945,1276
104.0,0.0,-9999.0,9.663007,-82.0,5.057837,0.0,0.0,11255.085,13499.949,1,1912,1930
97.0,0.0,-9999.0,9.663007,-158.0,5.057837,0.0,0.0,12038.134,13015.509,1,1540,1827
79.0,0.0,-9999.0,9.663007,-3.4028235e+38,5.057837,0.0,0.0,6894.753,11395.018,1,1052,790
74.0,0.0,-9999.0,9.663007,-3.4028235e+38,5.057837,0.0,0.0,0.0,11547.013,0,1214,584
89.0,0.0,-9999.0,9.663007,-93.0,5.057837,0.0,0.0,6894.753,13535.142,1,1762,1284
68.0,0.0,-9999.0,9.663007,-3.4028235e+38,5.057837,0.0,0.0,0.0,11346.796,0,346,385
82.0,0.0,-9999.0,9.663007,-7.0,5.057837,0.0,0.0,6894.753,12943.359,0,2220,879
71.0,0.0,-9999.0,9.663007,-3.4028235e+38,5.057837,0.0,0.0,6894.753,11535.81,0,380,1601
87.0,0.0,-9999.0,9.663007,-168.0,5.057837,0.0,0.0,6894.753,12173.746,1,1097,1850
71.0,0.0,-9999.0,9.663007,-3.4028235e+38,5.057837,0.0,0.0,0.0,11283.161,1,436,558
81.0,0.0,-9999.0,9.663007,-8.0,5.057837,0.0,0.0,6894.753,12767.653,1,1716,913
66.0,0.0,-9999.0,9.663007,-3.4028235e+38,5.057837,0.0,0.0,6894.753,11830.216,0,114,1801
92.0,0.8102307,315.0,9.069552,-90.0,5.057837,0.0,0.0,6894.753,13674.471,1,1823,1369
74.0,0.0,-9999.0,9.663007,-3.4028235e+38,5.057837,0.0,0.0,0.0,11995.023,0,1585,559
62.0,0.0,-9999.0,9.663007,-3.4028235e+38,5.057837,0.0,0.0,0.0,11401.053,0,4,615
90.0,0.0,-9999.0,9.663007,-92.0,5.057837,0.0,0.0,6894.753,13719.391,0,2250,1274
61.0,0.0,-9999.0,9.663007,-3.4028235e+38,5.057837,0.0,0.0,0.0,11390.441,1,413,17
82.0,0.0,-9999.0,9.663007,-7.0,5.057837,0.0,0.0,6894.753,12034.786,1,1343,933
79.0,0.0,-9999.0,9.663007,-3.4028235e+38,5.057837,0.0,0.0,6894.753,11832.178,1,1302,790
86.0,0.0,-9999.0,9.663007,-4.0,5.057837,0.0,0.0,6894.753,13258.286,0,1898,1073
102.0,0.0,-9999.0,9.663007,-80.0,5.057837,0.0,0.0,11458.667,13521.647,0,1821,1832
73.0,0.0,-9999.0,9.663007,-3.4028235e+38,5.057837,0.0,0.0,6894.753,11856.8545,0,453,1853
66.0,0.0,-9999.0,9.663007,-3.4028235e+38,5.057837,0.0,0.0,0.0,11448.537,0,1521,200
75.0,0.0,-9999.0,9.663007,-180.0,5.057837,0.0,0.0,6894.753,11161.582,0,589,1330
85.0,0.0,-9999.0,9.663007,-5.0,5.057837,0.0,0.0,6894.753,13206.224,0,2066,1029
70.0,0.0,-9999.0,9.663007,-3.4028235e+38,5.057837,0.0,0.0,0.0,11837.029,0,1900,329
92.0,0.0,-9999.0,9.663007,-90.0,5.057837,0.0,0.0,6894.753,12523.863,0,1356,1540
102.0,0.0,-9999.0,9.663007,-80.0,5.057837,0.0,0.0,6894.753,13543.989,1,1952,1818
79.0,0.0,-9999.0,9.663007,-176.0,5.057837,0.0,0.0,6894.753,11338.022,0,755,1479
93.0,0.0,-9999.0,9.663007,-162.0,5.057837,0.0,0.0,12316.03,12661.993,1,1353,1850
101.0,0.0,-9999.0,9.663007,-81.0,5.057837,0.0,0.0,6894.753,13568.733,1,1960,1751
66.0,0.0,-9999.0,9.663007,-3.4028235e+38,5.057837,0.0,0.0,0.0,11258.204,0,1111,212
83.0,0.0,-9999.0,9.663007,-99.0,5.057837,0.0,0.0,6894.753,11305.121,0,985,980
63.0,0.0,-9999.0,9.663007,-3.4028235e+38,5.057837,0.0,0.0,0.0,11228.923,0,731,137
96.0,0.0,-9999.0,9.663007,-86.0,5.057837,0.0,0.0,6894.753,13652.052,1,2008,1540
89.0,0.0,-9999.0,9.663007,-93.0,5.057837,0.0,0.0,6894.753,13540.711,1,1816,1230
71.0,0.0,-9999.0,9.663007,-3.4028235e+38,5.057837,0.0,0.0,0.0,11279.207,1,468,522
64.0,0.0,-9999.0,9.663007,-3.4028235e+38,5.057837,0.0,0.0,0.0,11348.739,0,106,695
74.0,0.0,-9999.0,9.663007,-181.0,5.057837,0.0,0.0,6894.753,11158.961,0,551,1170
64.0,0.0,-9999.0,9.663007,-3.4028235e+38,5.057837,0.0,0.0,6894.753,11258.65,0,53,1366
90.0,0.0,-9999.0,10.19272,-92.0,5.58755,0.0,0.0,6894.753,13690.356,0,1810,1312
89.0,0.0,-9999.0,9.663007,-93.0,5.057837,0.0,0.0,6894.753,13127.777,0,1621,1277
86.0,0.0,-9999.0,9.663007,-96.0,5.057837,0.0,0.0,6894.753,12396.501,1,1420,1121
86.0,0.0,-9999.0,9.663007,-4.0,5.057837,0.0,0.0,6894.753,13277.602,1,1938,1079
64.0,0.0,-9999.0,9.663007,-3.4028235e+38,5.057837,0.0,0.0,0.0,11266.51,0,642,149
82.0,0.0,-9999.0,9.663007,-7.0,5.057837,0.0,0.0,6894.753,11994.78,1,1312,961
71.0,0.0,-9999.0,9.663007,-3.4028235e+38,5.057837,0.0,0.0,6894.753,11234.66,1,454,806
63.0,0.0,-9999.0,9.663007,-3.4028235e+38,5.057837,0.0,0.0,0.0,11255.529,0,1426,65
65.0,0.0,-9999.0,9.663007,-3.4028235e+38,5.057837,0.0,0.0,6894.753,11185.873,0,131,1276
78.0,0.0,-9999.0,9.663007,-3.4028235e+38,5.057837,0.0,0.0,6894.753,11870.702,1,1338,763
95.0,0.0,-9999.0,9.663007,-160.0,5.057837,0.0,0.0,6894.753,12828.127,1,1446,1813
203.0,25.948528,350.5377,10.623779,17.0,9.312537,0.0,0.0,10550.284,13551.74,0,2319,1919
80.0,0.0,-9999.0,9.663007,-9.0,5.057837,0.0,0.0,6894.753,11464.184,1,1080,848
71.0,0.0,-9999.0,9.663007,-3.4028235e+38,5.057837,0.0,0.0,0.0,11480.563,0,1234,448
82.0,0.0,-9999.0,9.663007,-173.0,5.057837,0.0,0.0,6894.753,11138.685,0,910,1230
89.0,0.0,-9999.0,9.663007,-166.0,5.057837,0.0,0.0,6894.753,12255.078,1,1177,1759
78.0,0.0,-9999.0,9.663007,-3.4028235e+38,5.057837,0.0,0.0,6894.753,11693.887,1,1233,764
77.0,0.0,-9999.0,9.663007,-3.4028235e+38,5.057837,0.0,0.0,0.0,12567.759,0,2158,691
73.0,0.0,-9999.0,9.663007,-3.4028235e+38,5.057837,0.0,0.0,0.0,11927.319,0,1569,525
100.0,0.0,-9999.0,9.663007,-82.0,5.057837,0.0,0.0,6894.753,13605.952,1,2120,1715
63.0,0.0,-9999.0,9.663007,-3.4028235e+38,5.057837,0.0,0.0,0.0,11472.164,1,189,114
85.0,0.0,-9999.0,9.663007,-97.0,5.057837,0.0,0.0,6894.753,11842.002,0,1201,1096
63.0,0.0,-9999.0,9.663007,-3.4028235e+38,5.057837,0.0,0.0,0.0,11337.623,0,1770,75
304.0,2.29061,270.0,8.471934,118.0,5.057837,0.0,0.0,10539.467,13546.101,1,2357,1943
92.0,0.0,-9999.0,9.663007,-90.0,5.057837,0.0,0.0,6894.753,12946.934,1,1537,1384
63.0,0.0,-9999.0,9.663007,-3.4028235e+38,5.057837,0.0,0.0,0.0,11258.355,0,1418,69
64.0,0.0,-9999.0,9.663007,-3.4028235e+38,5.057837,0.0,0.0,0.0,11428.914,1,180,300
73.0,0.0,-9999.0,9.663007,-3.4028235e+38,5.057837,0.0,0.0,0.0,11249.184,0,992,532
79.0,0.0,-9999.0,9.663007,-3.4028235e+38,5.057837,0.0,0.0,6894.753,11821.432,1,1289,805
82.0,0.0,-9999.0,9.663007,-7.0,5.057837,0.0,0.0,6894.753,12904.264,0,1983,880
83.0,0.0,-9999.0,9.663007,-99.0,5.057837,0.0,0.0,6894.753,11672.113,1,1152,993
77.0,0.0,-9999.0,9.663007,-12.0,5.057837,0.0,0.0,6894.753,11167.554,0,723,834
91.0,0.0,-9999.0,9.663007,-164.0,5.057837,0.0,0.0,6894.753,12513.259,1,1313,1716
89.0,0.0,-9999.0,9.663007,-166.0,5.057837,0.0,0.0,6894.753,12293.205,1,1220,1687
102.0,0.0,-9999.0,9.663007,-84.0,5.057837,0.0,0.0,11718.902,13421.422,0,1764,1943
77.0,0.0,-9999.0,9.663007,-3.4028235e+38,5.057837,0.0,0.0,6894.753,11844.8125,1,1336,738
96.0,0.0,-9999.0,9.663007,-86.0,5.057837,0.0,0.0,6894.753,13655.28,1,2062,1558
73.0,0.0,-9999.0,9.663007,-3.4028235e+38,5.057837,0.0,0.0,0.0,11240.559,1,543,620
76.0,0.0,-9999.0,9.663007,-3.4028235e+38,5.057837,0.0,0.0,0.0,11383.506,1,1071,654
95.0,0.0,-9999.0,9.663007,-160.0,5.057837,0.0,0.0,6894.753,12804.125,0,1434,1812
92.0,0.0,-9999.0,9.663007,-163.0,5.057837,0.0,0.0,6894.753,12587.046,0,1335,1769
92.0,0.0,-9999.0,9.663007,-90.0,5.057837,0.0,0.0,6894.753,13740.638,0,2141,1373
81.0,0.0,-9999.0,9.663007,-8.0,5.057837,0.0,0.0,6894.753,12682.923,1,1699,883
69.0,0.0,-9999.0,9.663007,-3.4028235e+38,5.057837,0.0,0.0,6894.753,11193.621,0,297,1334
84.0,0.0,-9999.0,9.663007,-6.0,5.057837,0.0,0.0,6894.753,12470.181,1,1482,1056
93.0,0.0,-9999.0,9.663007,-89.0,5.057837,0.0,0.0,6894.753,13690.201,0,1948,1400
88.0,0.0,-9999.0,9.663007,-167.0,5.057837,0.0,0.0,6894.753,12107.45,1,1187,1539
88.0,0.0,-9999.0,9.663007,-2.0,5.057837,0.0,0.0,6894.753,13534.233,0,2195,1185
81.0,0.0,-9999.0,9.663007,-8.0,5.057837,0.0,0.0,6894.753,11148.2295,0,912,932
66.0,0.0,-9999.0,9.663007,-3.4028235e+38,5.057837,0.0,0.0,6894.753,11282.0625,0,221,841
94.0,0.0,-9999.0,9.663007,-88.0,5.057837,0.0,0.0,6894.753,13690.382,0,2052,1458
81.0,0.0,-9999.0,9.663007,-8.0,5.057837,0.0,0.0,6894.753,11766.488,1,1216,922
64.0,0.0,-9999.0,9.663007,-3.4028235e+38,5.057837,0.0,0.0,0.0,11306.2,1,550,151
102.0,0.0,-9999.0,9.663007,-80.0,5.057837,0.0,0.0,6894.753,13545.281,0,1946,1812
95.0,0.0,-9999.0,9.663007,-87.0,5.057837,0.0,0.0,6894.753,13664.982,0,2021,1511
90.0,0.0,-9999.0,9.663007,-165.0,5.057837,0.0,0.0,6894.753,12373.071,1,1228,1777
83.0,0.0,-9999.0,9.663007,-172.0,5.057837,0.0,0.0,6894.753,11308.831,1,962,1329
76.0,0.0,-9999.0,9.663007,-3.4028235e+38,5.057837,0.0,0.0,0.0,11177.946,0,721,728
82.0,0.0,-9999.0,9.663007,-7.0,5.057837,0.0,0.0,6894.753,12843.733,1,1732,938
72.0,0.0,-9999.0,9.663007,-3.4028235e+38,5.057837,0.0,0.0,0.0,12072.226,0,2233,431
87.0,0.0,-9999.0,9.663007,-3.0,5.057837,0.0,0.0,6894.753,13334.021,0,1866,1116
83.0,0.0,-9999.0,9.663007,-6.0,5.057837,0.0,0.0,6894.753,13051.936,0,2003,955
74.0,0.0,-9999.0,9.663007,-3.4028235e+38,5.057837,0.0,0.0,0.0,11213.605,0,638,611
88.0,0.0,-9999.0,9.663007,-94.0,5.057837,0.0,0.0,6894.753,11910.998,1,1184,1288
79.0,0.0,-9999.0,9.663007,-176.0,5.057837,0.0,0.0,6894.753,11827.396,0,699,1854
74.0,0.0,-9999.0,9.663007,-3.4028235e+38,5.057837,0.0,0.0,0.0,11679.69,0,1330,563
82.0,0.0,-9999.0,9.663007,-7.0,5.057837,0.0,0.0,6894.753,11519.404,0,1093,930
82.0,0.0,-9999.0,9.846682,-7.0,5.2415113,0.0,0.0,6894.753,12984.676,1,1832,936
75.0,0.0,-9999.0,9.663007,-3.4028235e+38,5.057837,0.0,0.0,0.0,12377.436,0,2171,592
86.0,0.0,-9999.0,9.663007,-169.0,5.057837,0.0,0.0,6894.753,11958.932,0,1067,1689
76.0,0.0,-9999.0,9.663007,-3.4028235e+38,5.057837,0.0,0.0,0.0,11580.274,1,1202,664
186.0,9.398914,334.9831,12.564047,0.0,10.300578,0.0,0.0,10550.856,13552.098,0,2315,1917
69.0,0.0,-9999.0,9.663007,-3.4028235e+38,5.057837,0.0,0.0,0.0,11317.358,1,365,498
67.0,0.0,-9999.0,9.663007,-3.4028235e+38,5.057837,0.0,0.0,6894.753,11200.261,0,236,1171
65.0,0.0,-9999.0,9.663007,-3.4028235e+38,5.057837,0.0,0.0,6894.753,11478.387,0,128,1537
89.0,0.0,-9999.0,9.663007,-93.0,5.057837,0.0,0.0,6894.753,11966.902,1,1201,1301
83.0,0.0,-9999.0,9.663007,-7.0,5.057837,0.0,0.0,6894.753,11730.079,1,1178,995
100.0,0.0,-9999.0,9.663007,-82.0,5.057837,0.0,0.0,6894.753,13377.018,1,1719,1757
73.0,0.0,-9999.0,9.663007,-3.4028235e+38,5.057837,0.0,0.0,0.0,11235.826,0,508,716
86.0,0.0,-9999.0,10.352969,-96.0,5.7477994,0.0,0.0,6894.753,12466.549,1,1434,1153
92.0,0.0,-9999.0,9.663007,-163.0,5.057837,0.0,0.0,12512.479,12659.4795,0,1325,1948
67.0,0.0,-9999.0,9.663007,-3.4028235e+38,5.057837,0.0,0.0,6894.753,11232.243,0,246,1029
66.0,0.0,-9999.0,9.663007,-3.4028235e+38,5.057837,0.0,0.0,0.0,11541.394,0,1948,172
69.0,0.0,-9999.0,9.663007,-3.4028235e+38,5.057837,0.0,0.0,6894.753,11197.444,0,357,1106
87.0,0.0,-9999.0,9.663007,-95.0,5.057837,0.0,0.0,6894.753,12059.736,0,1270,1164
94.0,0.0,-9999.0,9.663007,-161.0,5.057837,0.0,0.0,6894.753,12737.304,1,1427,1655
79.0,0.0,-9999.0,10.815497,-10.0,6.2103276,0.0,0.0,6894.753,12293.612,0,1534,832
96.0,0.0,-9999.0,9.663007,-86.0,5.057837,0.0,0.0,6894.753,13652.98,0,2031,1549
64.0,0.0,-9999.0,9.663007,-3.4028235e+38,5.057837,0.0,0.0,6894.753,11313.424,1,130,802
81.0,0.0,-9999.0,9.663007,-8.0,5.057837,0.0,0.0,6894.753,11655.749,1,1166,905
76.0,0.0,-9999.0,9.663007,-3.4028235e+38,5.057837,0.0,0.0,0.0,11994.583,0,1485,661
75.0,0.0,-9999.0,9.663007,-3.4028235e+38,5.057837,0.0,0.0,0.0,11202.491,0,634,714
78.0,0.0,-9999.0,9.663007,-177.0,5.057837,0.0,0.0,6894.753,11871.215,0,679,1886
93.0,0.0,-9999.0,9.663007,-89.0,5.057837,0.0,0.0,6894.753,12673.978,0,1412,1574
73.0,0.0,-9999.0,9.663007,-3.4028235e+38,5.057837,0.0,0.0,0.0,11570.457,0,1273,514
63.0,0.0,-9999.0,9.663007,-3.4028235e+38,5.057837,0.0,0.0,6894.753,11314.354,0,79,842
66.0,0.0,-9999.0,9.663007,-3.4028235e+38,5.057837,0.0,0.0,6894.753,11197.987,0,182,1208
87.0,0.0,-9999.0,9.663007,-3.0,5.057837,0.0,0.0,6894.753,13365.803,0,1948,1124
72.0,0.0,-9999.0,9.663007,-3.4028235e+38,5.057837,0.0,0.0,6894.753,11337.236,0,440,1454
81.0,0.0,-9999.0,9.663007,-8.0,5.057837,0.0,0.0,6894.753,12814.579,0,1975,834
84.0,0.0,-9999.0,9.663007,-6.0,5.057837,0.0,0.0,6894.753,11985.825,1,1285,1022
69.0,0.0,-9999.0,9.663007,-3.4028235e+38,5.057837,0.0,0.0,0.0,11276.213,1,348,727
63.0,0.0,-9999.0,9.663007,-3.4028235e+38,5.057837,0.0,0.0,0.0,11471.274,1,191,114
86.0,0.0,-9999.0,9.663007,-4.0,5.057837,0.0,0.0,6894.753,13334.68,1,1803,1123
87.0,0.0,-9999.0,9.663007,-168.0,5.057837,0.0,0.0,6894.753,12081.583,0,1111,1718
64.0,0.0,-9999.0,9.663007,-3.4028235e+38,5.057837,0.0,0.0,0.0,11315.632,0,1433,118
83.0,0.0,-9999.0,9.663007,-172.0,5.057837,0.0,0.0,6894.753,11597.749,0,950,1601
64.0,0.0,-9999.0,9.663007,-3.4028235e+38,5.057837,0.0,0.0,0.0,11446.131,1,148,282
104.0,1.8112481,198.43495,8.629378,-82.0,5.057837,0.0,0.0,10562.258,13535.624,0,2189,1921
64.0,0.0,-9999.0,9.663007,-3.4028235e+38,5.057837,0.0,0.0,6894.753,11324.262,0,109,781
85.0,0.0,-9999.0,9.663007,-170.0,5.057837,0.0,0.0,6894.753,11474.228,0,1028,1303
69.0,0.0,-9999.0,9.663007,-3.4028235e+38,5.057837,0.0,0.0,0.0,11320.594,1,385,447
70.0,0.0,-9999.0,9.663007,-3.4028235e+38,5.057837,0.0,0.0,0.0,11954.807,0,2212,372
102.0,0.0,-9999.0,9.663007,-84.0,5.057837,0.0,0.0,11759.437,13395.303,1,1747,1928
83.0,0.0,-9999.0,9.663007,-172.0,5.057837,0.0,0.0,6894.753,11302.702,1,926,1407
98.0,0.0,-9999.0,9.663007,-84.0,5.057837,0.0,0.0,10888.797,13655.282,1,2272,1651
64.0,0.0,-9999.0,9.663007,-3.4028235e+38,5.057837,0.0,0.0,0.0,11378.431,1,100,594
82.0,0.0,-9999.0,9.663007,-173.0,5.057837,0.0,0.0,6894.753,11394.29,0,907,1520
69.0,0.0,-9999.0,9.663007,-3.4028235e+38,5.057837,0.0,0.0,0.0,11303.256,1,383,540
73.0,0.0,-9999.0,9.663007,-3.4028235e+38,5.057837,0.0,0.0,0.0,11244.139,1,556,568
72.0,0.0,-9999.0,9.663007,-3.4028235e+38,5.057837,0.0,0.0,0.0,12059.173,0,1811,451
76.0,0.0,-9999.0,9.663007,-3.4028235e+38,5.057837,0.0,0.0,0.0,11159.673,0,797,704
71.0,0.0,-9999.0,9.663007,-3.4028235e+38,5.057837,0.0,0.0,0.0,11169.27,1,817,474
77.0,0.0,-9999.0,9.663007,-3.4028235e+38,5.057837,0.0,0.0,6894.753,11162.436,1,771,758
81.0,0.0,-9999.0,9.663007,-174.0,5.057837,0.0,0.0,6894.753,11114.129,1,858,1252
81.0,0.0,-9999.0,9.663007,-174.0,5.057837,0.0,0.0,6894.753,11741.297,1,792,1796
66.0,0.0,-9999.0,9.663007,-3.4028235e+38,5.057837,0.0,0.0,6894.753,11495.423,0,180,1554
84.0,0.0,-9999.0,9.663007,-6.0,5.057837,0.0,0.0,6894.753,12420.55,1,1481,1017
73.0,0.0,-9999.0,9.663007,-3.4028235e+38,5.057837,0.0,0.0,6894.753,11665.666,0,458,1707
65.0,0.0,-9999.0,9.663007,-3.4028235e+38,5.057837,0.0,0.0,0.0,11406.477,0,198,362
74.0,0.0,-9999.0,9.663007,-181.0,5.057837,0.0,0.0,6894.753,11472.409,0,520,1564
76.0,0.0,-9999.0,9.663007,-3.4028235e+38,5.057837,0.0,0.0,0.0,11154.729,1,817,697
85.0,0.0,-9999.0,9.663007,-97.0,5.057837,0.0,0.0,6894.753,11575.359,0,1092,1085
70.0,0.0,-9999.0,10.815497,-3.4028235e+38,6.2103276,0.0,0.0,0.0,11284.993,1,429,560
65.0,0.0,-9999.0,9.663007,-3.4028235e+38,5.057837,0.0,0.0,6894.753,11307.683,1,174,783
65.0,0.0,-9999.0,9.663007,-3.4028235e+38,5.057837,0.0,0.0,0.0,11350.389,0,151,642
72.0,0.0,-9999.0,9.663007,-3.4028235e+38,5.057837,0.0,0.0,6894.753,11322.767,0,441,1443
87.0,0.0,-9999.0,9.663007,-95.0,5.057837,0.0,0.0,6894.753,12713.963,0,1524,1168
99.0,0.0,-9999.0,9.663007,-83.0,5.057837,0.0,0.0,6894.753,13598.847,0,1976,1673
87.0,0.0,-9999.0,9.663007,-168.0,5.057837,0.0,0.0,6894.753,11721.33,1,1115,1300
84.0,0.0,-9999.0,9.663007,-5.0,5.057837,0.0,0.0,6894.753,13125.41,0,2172,977
88.0,0.0,-9999.0,9.663007,-2.0,5.057837,0.0,0.0,6894.753,13515.782,0,2228,1172
77.0,0.0,-9999.0,9.663007,-178.0,5.057837,0.0,0.0,6894.753,11468.36,0,655,1572
80.0,0.0,-9999.0,9.663007,-9.0,5.057837,0.0,0.0,6894.753,11168.061,1,922,838
102.0,0.0,-9999.0,9.663007,-80.0,5.057837,0.0,0.0,10568.7295,13586.382,0,2201,1796
100.0,0.0,-9999.0,9.663007,-82.0,5.057837,0.0,0.0,10672.208,13609.576,1,2219,1744
83.0,0.0,-9999.0,9.663007,-99.0,5.057837,0.0,0.0,6894.753,11819.142,1,1214,1011
71.0,0.0,-9999.0,9.663007,-3.4028235e+38,5.057837,0.0,0.0,0.0,11188.183,0,763,466
77.0,0.0,-9999.0,9.663007,-3.4028235e+38,5.057837,0.0,0.0,0.0,11842.483,1,1347,716
95.0,0.0,-9999.0,9.663007,-160.0,5.057837,0.0,0.0,6894.753,12899.053,1,1494,1704
71.0,0.0,-9999.0,9.663007,-3.4028235e+38,5.057837,0.0,0.0,6894.753,11184.3955,0,405,1137
94.0,0.0,-9999.0,9.663007,-88.0,5.057837,0.0,0.0,6894.753,13659.173,1,1855,1435
80.0,0.0,-9999.0,9.663007,-9.0,5.057837,0.0,0.0,6894.753,12579.398,1,1684,838
81.0,0.0,-9999.0,9.663007,-8.0,5.057837,0.0,0.0,6894.753,12620.406,1,1646,909
77.0,0.0,-9999.0,9.663007,-3.4028235e+38,5.057837,0.0,0.0,6894.753,12145.299,1,1522,735
103.0,0.0,-9999.0,9.663007,-83.0,5.057837,0.0,0.0,11498.083,13489.242,1,1834,1935
96.0,0.0,-9999.0,9.663007,-86.0,5.057837,0.0,0.0,6894.753,12988.99,1,1537,1681
101.0,0.0,-9999.0,9.663007,-81.0,5.057837,0.0,0.0,6894.753,13388.43,1,1731,1823
88.0,0.0,-9999.0,9.663007,-94.0,5.057837,0.0,0.0,6894.753,13453.688,0,1773,1223
80.0,0.0,-9999.0,9.663007,-9.0,5.057837,0.0,0.0,6894.753,12249.876,1,1496,853
84.0,0.0,-9999.0,9.663007,-171.0,5.057837,0.0,0.0,6894.753,11451.007,1,986,1395
64.0,0.0,-9999.0,9.663007,-3.4028235e+38,5.057837,0.0,0.0,0.0,11392.777,0,1982,93
96.0,0.0,-9999.0,9.663007,-86.0,5.057837,0.0,0.0,6894.753,13656.434,1,2020,1534
90.0,0.0,-9999.0,9.663007,-92.0,5.057837,0.0,0.0,6894.753,13080.649,1,1587,1324
97.0,0.0,-9999.0,9.663007,-85.0,5.057837,0.0,0.0,10913.563,13664.947,1,2163,1580
92.0,0.0,-9999.0,9.663007,-90.0,5.057837,0.0,0.0,6894.753,13182.067,0,1623,1408
77.0,0.0,-9999.0,9.663007,-3.4028235e+38,5.057837,0.0,0.0,0.0,12514.789,0,2128,666
82.0,0.0,-9999.0,9.663007,-173.0,5.057837,0.0,0.0,6894.753,11617.654,1,908,1695
61.0,0.0,-9999.0,9.663007,-3.4028235e+38,5.057837,0.0,0.0,0.0,11506.228,1,35,230
72.0,0.0,-9999.0,9.663007,-3.4028235e+38,5.057837,0.0,0.0,6894.753,11362.359,0,437,1473
81.0,0.0,-9999.0,9.663007,-174.0,5.057837,0.0,0.0,6894.753,11584.352,1,851,1679
94.0,0.0,-9999.0,9.663007,-161.0,5.057837,0.0,0.0,6894.753,12774.793,0,1439,1688
77.0,0.0,-9999.0,9.663007,-3.4028235e+38,5.057837,0.0,0.0,6894.753,11174.344,0,710,795
72.0,0.0,-9999.0,9.663007,-3.4028235e+38,5.057837,0.0,0.0,0.0,11245.47,1,570,527
85.0,0.0,-9999.0,9.663007,-5.0,5.057837,0.0,0.0,6894.753,12662.14,0,1550,1081
94.0,0.0,-9999.0,9.663007,-88.0,5.057837,0.0,0.0,6894.753,13145.304,0,1609,1480
90.0,0.0,-9999.0,9.663007,-92.0,5.057837,0.0,0.0,6894.753,13604.789,1,1910,1253
73.0,0.0,-9999.0,10.19272,-3.4028235e+38,5.58755,0.0,0.0,0.0,11150.978,1,910,556
94.0,0.0,-9999.0,9.663007,-161.0,5.057837,0.0,0.0,6894.753,12774.025,0,1420,1805
94.0,0.0,-9999.0,9.663007,-88.0,5.057837,0.0,0.0,6894.753,12920.487,0,1521,1486
91.0,0.0,-9999.0,9.663007,-91.0,5.057837,0.0,0.0,6894.753,12831.697,0,1496,1370
82.0,0.0,-9999.0,9.663007,-7.0,5.057837,0.0,0.0,6894.753,11503.867,0,1083,944
86.0,0.0,-9999.0,9.663007,-96.0,5.057837,0.0,0.0,6894.753,11946.334,0,1240,1111
72.0,0.0,-9999.0,9.663007,-3.4028235e+38,5.057837,0.0,0.0,0.0,11267.303,1,476,578
79.0,0.0,-9999.0,9.663007,-176.0,5.057837,0.0,0.0,6894.753,11682.901,1,732,1745
82.0,0.0,-9999.0,9.663007,-100.0,5.057837,0.0,0.0,6894.753,11187.65,0,931,946
88.0,0.0,-9999.0,9.663007,-94.0,5.057837,0.0,0.0,6894.753,12434.4795,0,1390,1231
75.0,0.0,-9999.0,9.663007,-180.0,5.057837,0.0,0.0,6894.753,11247.552,0,558,1394
76.0,0.0,-9999.0,9.663007,-3.4028235e+38,5.057837,0.0,0.0,0.0,11415.967,0,1090,667
93.0,0.0,-9999.0,9.663007,-162.0,5.057837,0.0,0.0,6894.753,12698.783,0,1392,1756
83.0,0.0,-9999.0,9.663007,-7.0,5.057837,0.0,0.0,6894.753,12604.814,1,1576,997
67.0,0.0,-9999.0,9.663007,-3.4028235e+38,5.057837,0.0,0.0,0.0,11393.478,0,1282,275
71.0,0.0,-9999.0,9.663007,-3.4028235e+38,5.057837,0.0,0.0,0.0,11995.695,0,2212,393
63.0,0.0,-9999.0,9.663007,-3.4028235e+38,5.057837,0.0,0.0,0.0,11381.2705,1,49,637
79.0,0.0,-9999.0,9.663007,-3.4028235e+38,5.057837,0.0,0.0,6894.753,12684.874,0,1802,781
94.0,0.0,-9999.0,9.663007,-88.0,5.057837,0.0,0.0,6894.753,12749.012,0,1449,1528
65.0,0.0,-9999.0,9.663007,-3.4028235e+38,5.057837,0.0,0.0,0.0,11518.203,0,2408,139
70.0,0.0,-9999.0,9.663007,-3.4028235e+38,5.057837,0.0,0.0,6894.753,11971.086,0,307,1926
67.0,0.0,-9999.0,9.663007,-3.4028235e+38,5.057837,0.0,0.0,0.0,11244.379,0,654,298
89.0,0.0,-9999.0,9.663007,-93.0,5.057837,0.0,0.0,6894.753,13616.917,0,2082,1240
66.0,0.0,-9999.0,9.663007,-3.4028235e+38,5.057837,0.0,0.0,0.0,11242.555,0,1095,192
75.0,0.0,-9999.0,9.663007,-3.4028235e+38,5.057837,0.0,0.0,0.0,11372.321,1,1071,620
62.0,0.0,-9999.0,9.663007,-3.4028235e+38,5.057837,0.0,0.0,0.0,11430.728,0,80,431
71.0,0.0,-9999.0,9.663007,-3.4028235e+38,5.057837,0.0,0.0,0.0,11228.468,1,643,471
78.0,0.0,-9999.0,9.663007,-177.0,5.057837,0.0,0.0,6894.753,11687.38,1,705,1746
71.0,0.0,-9999.0,9.663007,-3.4028235e+38,5.057837,0.0,0.0,6894.753,11459.292,0,385,1543
66.0,0.0,-9999.0,9.663007,-3.4028235e+38,5.057837,0.0,0.0,0.0,11378.11,0,339,246
74.0,0.0,-9999.0,9.663007,-181.0,5.057837,0.0,0.0,6894.753,11321.282,0,548,1450
73.0,0.0,-9999.0,9.663007,-3.4028235e+38,5.057837,0.0,0.0,0.0,11139.88,1,894,553
67.0,0.0,-9999.0,9.663007,-3.4028235e+38,5.057837,0.0,0.0,0.0,11334.616,0,299,519
73.0,0.0,-9999.0,9.663007,-3.4028235e+38,5.057837,0.0,0.0,0.0,11228.884,0,545,696
79.0,0.0,-9999.0,9.663007,-10.0,5.057837,0.0,0.0,6894.753,11685.844,1,1209,816
85.0,0.0,-9999.0,9.663007,-170.0,5.057837,0.0,0.0,6894.753,11576.554,1,1036,1385
73.0,0.0,-9999.0,9.663007,-3.4028235e+38,5.057837,0.0,0.0,6894.753,11226.105,0,513,770
86.0,0.0,-9999.0,9.663007,-169.0,5.057837,0.0,0.0,6894.753,11954.962,1,1074,1669
62.0,0.0,-9999.0,9.663007,-3.4028235e+38,5.057837,0.0,0.0,0.0,11194.329,0,1381,12
89.0,0.0,-9999.0,9.663007,-166.0,5.057837,0.0,0.0,6894.753,12120.623,0,1199,1517
66.0,0.0,-9999.0,9.663007,-3.4028235e+38,5.057837,0.0,0.0,0.0,11314.067,0,498,243
79.0,0.0,-9999.0,9.663007,-10.0,5.057837,0.0,0.0,6894.753,11808.564,1,1277,816
91.0,0.0,-9999.0,9.663007,-91.0,5.057837,0.0,0.0,6894.753,12645.956,0,1429,1368
83.0,0.0,-9999.0,9.663007,-172.0,5.057837,0.0,0.0,6894.753,11289.005,1,920,1409
69.0,0.0,-9999.0,9.663007,-3.4028235e+38,5.057837,0.0,0.0,0.0,11307.593,1,454,384
87.0,0.0,-9999.0,9.663007,-168.0,5.057837,0.0,0.0,6894.753,11996.88,1,1125,1587
85.0,0.0,-9999.0,9.663007,-170.0,5.057837,0.0,0.0,6894.753,11945.45,1,1016,1781
91.0,0.0,-9999.0,9.663007,-91.0,5.057837,0.0,0.0,6894.753,13802.814,0,2313,1311
74.0,0.0,-9999.0,9.663007,-3.4028235e+38,5.057837,0.0,0.0,0.0,12223.448,0,2034,522
72.0,0.0,-9999.0,9.663007,-3.4028235e+38,5.057837,0.0,0.0,0.0,12095.182,0,1963,460
87.0,0.0,-9999.0,9.663007,-3.0,5.057837,0.0,0.0,6894.753,13399.814,0,2136,1122
68.0,0.0,-9999.0,10.001798,-3.4028235e+38,5.3966274,0.0,0.0,0.0,11332.319,0,392,373
81.0,0.0,-9999.0,9.663007,-8.0,5.057837,0.0,0.0,6894.753,12014.352,0,1356,883
96.0,0.0,-9999.0,9.663007,-86.0,5.057837,0.0,0.0,6894.753,13655.696,1,2016,1534
62.0,0.0,-9999.0,9.663007,-3.4028235e+38,5.057837,0.0,0.0,6894.753,11257.112,0,6,1084
80.0,0.0,-9999.0,9.663007,-9.0,5.057837,0.0,0.0,6894.753,11322.642,0,1003,863
89.0,0.0,-9999.0,9.663007,-93.0,5.057837,0.0,0.0,6894.753,13184.628,1,1659,1246
67.0,0.0,-9999.0,9.663007,-3.4028235e+38,5.057837,0.0,0.0,0.0,11471.252,0,1469,240
77.0,0.0,-9999.0,9.663007,-178.0,5.057837,0.0,0.0,6894.753,11145.386,0,687,1128
71.0,0.0,-9999.0,9.663007,-3.4028235e+38,5.057837,0.0,0.0,6894.753,11238.603,0,427,820
76.0,0.0,-9999.0,9.663007,-179.0,5.057837,0.0,0.0,6894.753,11136.31,0,634,1268
88.0,0.0,-9999.0,9.663007,-2.0,5.057837,0.0,0.0,6894.753,13453.637,0,1965,1168
88.0,0.0,-9999.0,9.663007,-167.0,5.057837,0.0,0.0,6894.753,11997.598,1,1157,1495
79.0,0.0,-9999.0,9.663007,-3.4028235e+38,5.057837,0.0,0.0,6894.753,11225.714,1,955,794
93.0,0.0,-9999.0,9.663007,-89.0,5.057837,0.0,0.0,6894.753,13585.816,1,1776,1438
90.0,0.0,-9999.0,9.663007,-92.0,5.057837,0.0,0.0,6894.753,13481.372,1,1736,1295
85.0,0.0,-9999.0,9.663007,-97.0,5.057837,0.0,0.0,6894.753,12462.46,1,1463,1087
81.0,0.0,-9999.0,9.663007,-174.0,5.057837,0.0,0.0,6894.753,11257.222,0,871,1425
75.0,0.0,-9999.0,9.663007,-3.4028235e+38,5.057837,0.0,0.0,0.0,12242.525,0,1691,628
90.0,0.0,-9999.0,9.663007,-92.0,5.057837,0.0,0.0,6894.753,13475.474,0,1725,1312
79.0,0.0,-9999.0,9.663007,-176.0,5.057837,0.0,0.0,6894.753,11687.947,1,722,1748
96.0,0.0,-9999.0,9.663007,-86.0,5.057837,0.0,0.0,6894.753,13663.621,1,2063,1536
66.0,0.0,-9999.0,9.663007,-3.4028235e+38,5.057837,0.0,0.0,6894.753,11222.872,0,180,1111
77.0,0.0,-9999.0,9.663007,-3.4028235e+38,5.057837,0.0,0.0,0.0,12173.066,1,1544,729
97.0,0.0,-9999.0,9.663007,-85.0,5.057837,0.0,0.0,10975.353,13673.207,0,2265,1604
102.0,0.0,-9999.0,9.663007,-80.0,5.057837,0.0,0.0,11456.375,13521.451,1,1822,1833
65.0,0.0,-9999.0,9.663007,-3.4028235e+38,5.057837,0.0,0.0,0.0,11455.07,0,2243,114
103.0,0.0,-9999.0,9.663007,-83.0,5.057837,0.0,0.0,11569.363,13487.46,1,1810,1932
97.0,0.0,-9999.0,9.663007,-85.0,5.057837,0.0,0.0,6894.753,13553.583,1,1783,1609
81.0,0.0,-9999.0,9.663007,-8.0,5.057837,0.0,0.0,6894.753,12833.583,0,1906,850
65.0,0.0,-9999.0,9.663007,-3.4028235e+38,5.057837,0.0,0.0,6894.753,11308.186,1,173,782
80.0,0.0,-9999.0,9.663007,-9.0,5.057837,0.0,0.0,6894.753,12817.115,0,2117,823
76.0,0.0,-9999.0,9.663007,-3.4028235e+38,5.057837,0.0,0.0,0.0,11157.575,1,804,707
78.0,0.0,-9999.0,9.663007,-3.4028235e+38,5.057837,0.0,0.0,6894.753,11768.502,1,1278,762
90.0,0.0,-9999.0,9.663007,-92.0,5.057837,0.0,0.0,6894.753,12263.814,1,1280,1418
90.0,0.0,-9999.0,9.663007,-92.0,5.057837,0.0,0.0,6894.753,12340.69,1,1329,1312
82.0,0.0,-9999.0,9.663007,-7.0,5.057837,0.0,0.0,6894.753,12960.219,0,2261,884
75.0,0.0,-9999.0,9.663007,-3.4028235e+38,5.057837,0.0,0.0,0.0,12222.206,0,1680,625
95.0,0.0,-9999.0,9.663007,-87.0,5.057837,0.0,0.0,11176.935,13716.887,0,2239,1484
84.0,0.0,-9999.0,9.663007,-171.0,5.057837,0.0,0.0,6894.753,11664.575,0,976,1606
83.0,0.0,-9999.0,9.663007,-7.0,5.057837,0.0,0.0,6894.753,11725.143,1,1176,994
82.0,0.0,-9999.0,9.663007,-100.0,5.057837,0.0,0.0,6894.753,11207.345,0,938,1067
71.0,0.0,-9999.0,9.663007,-3.4028235e+38,5.057837,0.0,0.0,0.0,11644.473,0,1423,423
97.0,0.0,-9999.0,9.663007,-85.0,5.057837,0.0,0.0,10957.329,13672.779,0,2194,1574
73.0,0.0,-9999.0,9.663007,-3.4028235e+38,5.057837,0.0,0.0,0.0,11228.749,0,606,567
86.0,0.0,-9999.0,9.663007,-96.0,5.057837,0.0,0.0,6894.753,11640.631,0,1100,1203
82.0,0.0,-9999.0,9.663007,-7.0,5.057837,0.0,0.0,6894.753,12708.847,0,1656,952
71.0,0.0,-9999.0,9.663007,-3.4028235e+38,5.057837,0.0,0.0,0.0,11165.39,1,827,482
103.0,5.710593,0.0,7.75932,-79.0,5.057837,0.0,0.0,10555.857,13581.888,0,2302,1841
78.0,0.0,-9999.0,9.663007,-177.0,5.057837,0.0,0.0,6894.753,11686.326,1,703,1745
69.0,0.0,-9999.0,9.663007,-3.4028235e+38,5.057837,0.0,0.0,6894.753,11559.429,0,320,1614
90.0,0.0,-9999.0,9.663007,-92.0,5.057837,0.0,0.0,6894.753,12339.6,0,1333,1297
93.0,0.0,-9999.0,9.663007,-89.0,5.057837,0.0,0.0,6894.753,13383.477,1,1699,1431
80.0,0.0,-9999.0,9.663007,-3.4028235e+38,5.057837,0.0,0.0,6894.753,12813.713,0,2344,802
82.0,0.0,-9999.0,9.663007,-173.0,5.057837,0.0,0.0,6894.753,11462.483,1,877,1586
63.0,0.0,-9999.0,9.663007,-3.4028235e+38,5.057837,0.0,0.0,0.0,11454.738,1,220,129
77.0,0.0,-9999.0,9.663007,-3.4028235e+38,5.057837,0.0,0.0,0.0,12550.104,0,2054,690
92.0,0.0,-9999.0,9.663007,-90.0,5.057837,0.0,0.0,6894.753,12536.342,0,1364,1524
70.0,0.0,-9999.0,10.06635,-3.4028235e+38,5.46118,0.0,0.0,0.0,11272.509,1,414,653
69.0,0.0,-9999.0,9.663007,-3.4028235e+38,5.057837,0.0,0.0,0.0,11763.8125,0,1876,292
91.0,0.0,-9999.0,9.663007,-164.0,5.057837,0.0,0.0,6894.753,12455.206,1,1257,1813
87.0,0.0,-9999.0,9.663007,-3.0,5.057837,0.0,0.0,6894.753,13373.331,1,1853,1138
93.0,0.0,-9999.0,9.663007,-89.0,5.057837,0.0,0.0,11409.461,13761.913,0,2270,1388
82.0,0.0,-9999.0,9.663007,-173.0,5.057837,0.0,0.0,6894.753,11112.625,0,888,1213
87.0,0.0,-9999.0,9.663007,-95.0,5.057837,0.0,0.0,6894.753,11685.451,0,1108,1261
85.0,0.0,-9999.0,9.663007,-170.0,5.057837,0.0,0.0,6894.753,11490.464,1,1037,1266
96.0,0.0,-9999.0,9.663007,-159.0,5.057837,0.0,0.0,12198.026,12976.224,0,1510,1928
66.0,0.0,-9999.0,9.663007,-3.4028235e+38,5.057837,0.0,0.0,0.0,11345.396,0,1291,208
65.0,0.0,-9999.0,9.663007,-3.4028235e+38,5.057837,0.0,0.0,0.0,11286.039,0,575,219
100.0,0.0,-9999.0,9.663007,-82.0,5.057837,0.0,0.0,10675.1875,13610.317,1,2224,1744
100.0,0.0,-9999.0,9.663007,-82.0,5.057837,0.0,0.0,6894.753,13601.146,1,2096,1718
76.0,0.0,-9999.0,9.663007,-179.0,5.057837,0.0,0.0,6894.753,11423.281,0,604,1533
89.0,0.0,-9999.0,9.663007,-166.0,5.057837,0.0,0.0,6894.753,12169.7,0,1222,1505
83.0,0.0,-9999.0,9.663007,-172.0,5.057837,0.0,0.0,6894.753,11542.159,1,953,1548
64.0,0.0,-9999.0,9.663007,-3.4028235e+38,5.057837,0.0,0.0,0.0,11307.503,1,547,151
86.0,0.0,-9999.0,9.663007,-4.0,5.057837,0.0,0.0,6894.753,13266.773,0,2030,1064
63.0,0.0,-9999.0,9.663007,-3.4028235e+38,5.057837,0.0,0.0,0.0,11277.491,0,1879,37
98.0,0.0,-9999.0,9.663007,-84.0,5.057837,0.0,0.0,10810.13,13640.402,1,2179,1650
66.0,0.0,-9999.0,9.663007,-3.4028235e+38,5.057837,0.0,0.0,0.0,11418.246,0,236,253
75.0,0.0,-9999.0,9.663007,-3.4028235e+38,5.057837,0.0,0.0,0.0,11231.178,0,970,606
96.0,0.0,-9999.0,9.663007,-86.0,5.057837,0.0,0.0,6894.753,13618.577,1,1864,1561
65.0,0.0,-9999.0,9.663007,-3.4028235e+38,5.057837,0.0,0.0,6894.753,11319.982,0,163,746
82.0,0.0,-9999.0,9.663007,-173.0,5.057837,0.0,0.0,6894.753,11142.556,1,894,1337
72.0,0.0,-9999.0,9.663007,-3.4028235e+38,5.057837,0.0,0.0,6894.753,11962.308,0,405,1929
83.0,0.0,-9999.0,9.663007,-172.0,5.057837,0.0,0.0,6894.753,11577.593,0,952,1580
88.0,0.0,-9999.0,9.663007,-167.0,5.057837,0.0,0.0,6894.753,12226.351,1,1144,1806
73.0,0.0,-9999.0,9.663007,-3.4028235e+38,5.057837,0.0,0.0,0.0,11221.552,1,628,570
85.0,0.0,-9999.0,9.846682,-170.0,5.2415113,0.0,0.0,6894.753,11543.359,1,1055,1276
86.0,0.0,-9999.0,9.663007,-169.0,5.057837,0.0,0.0,6894.753,11708.634,1,1066,1436
91.0,0.0,-9999.0,9.663007,-164.0,5.057837,0.0,0.0,6894.753,12445.325,1,1248,1825
100.0,0.0,-9999.0,9.663007,-82.0,5.057837,0.0,0.0,6894.753,13581.268,1,2023,1742
103.0,0.0,-9999.0,9.663007,-79.0,5.057837,0.0,0.0,11295.669,13525.366,1,1877,1843
71.0,0.0,-9999.0,9.663007,-3.4028235e+38,5.057837,0.0,0.0,0.0,11276.067,1,440,591
79.0,0.0,-9999.0,9.663007,-3.4028235e+38,5.057837,0.0,0.0,6894.753,12352.563,1,1584,809
94.0,0.0,-9999.0,9.663007,-161.0,5.057837,0.0,0.0,6894.753,12820.343,1,1462,1670
82.0,0.0,-9999.0,9.663007,-7.0,5.057837,0.0,0.0,6894.753,12076.062,0,1364,931
78.0,0.0,-9999.0,9.663007,-3.4028235e+38,5.057837,0.0,0.0,6894.753,12058.5205,1,1463,743
62.0,0.0,-9999.0,9.663007,-3.4028235e+38,5.057837,0.0,0.0,0.0,11454.854,1,255,62
90.0,0.0,-9999.0,9.663007,-92.0,5.057837,0.0,0.0,6894.753,13627.696,0,1945,1261
104.0,0.0,-9999.0,9.663007,-82.0,5.057837,0.0,0.0,10718.815,13531.285,0,2079,1898
75.0,0.0,-9999.0,9.807492,-180.0,5.202322,0.0,0.0,6894.753,11190.665,0,597,1353
74.0,0.0,-9999.0,9.663007,-3.4028235e+38,5.057837,0.0,0.0,0.0,11226.339,1,583,638
73.0,0.0,-9999.0,9.663007,-3.4028235e+38,5.057837,0.0,0.0,0.0,11152.113,1,857,542
78.0,0.0,-9999.0,9.663007,-177.0,5.057837,0.0,0.0,6894.753,11711.945,1,672,1762
68.0,0.0,-9999.0,9.663007,-3.4028235e+38,5.057837,0.0,0.0,0.0,11371.371,0,1218,304
80.0,0.0,-9999.0,9.663007,-9.0,5.057837,0.0,0.0,6894.753,12170.815,0,1451,858
101.0,0.0,-9999.0,9.663007,-81.0,5.057837,0.0,0.0,10607.599,13595.679,1,2222,1780
86.0,0.0,-9999.0,9.663007,-169.0,5.057837,0.0,0.0,6894.753,11784.754,1,1100,1421
64.0,0.0,-9999.0,9.663007,-3.4028235e+38,5.057837,0.0,0.0,0.0,11303.597,1,556,151
73.0,0.0,-9999.0,9.663007,-3.4028235e+38,5.057837,0.0,0.0,0.0,11630.875,0,1315,528
95.0,0.0,-9999.0,9.663007,-87.0,5.057837,0.0,0.0,6894.753,13641.442,0,1907,1517
72.0,0.0,-9999.0,9.663007,-3.4028235e+38,5.057837,0.0,0.0,6894.753,12006.433,0,378,1960
74.0,0.0,-9999.0,9.663007,-3.4028235e+38,5.057837,0.0,0.0,0.0,11183.363,0,935,592
91.0,0.0,-9999.0,9.663007,-91.0,5.057837,0.0,0.0,6894.753,12890.713,1,1518,1360
98.0,0.0,-9999.0,9.663007,-157.0,5.057837,0.0,0.0,6894.753,13124.646,0,1597,1772
70.0,0.0,-9999.0,9.663007,-3.4028235e+38,5.057837,0.0,0.0,0.0,11804.318,0,1625,401
78.0,0.0,-9999.0,9.663007,-3.4028235e+38,5.057837,0.0,0.0,6894.753,12253.837,1,1573,753
89.0,0.0,-9999.0,9.663007,-93.0,5.057837,0.0,0.0,6894.753,12528.563,1,1413,1261
62.0,0.0,-9999.0,9.663007,-3.4028235e+38,5.057837,0.0,0.0,0.0,11384.872,1,6,666
88.0,0.0,-9999.0,9.663007,-2.0,5.057837,0.0,0.0,6894.753,13557.692,0,2242,1192
68.0,0.0,-9999.0,9.663007,-3.4028235e+38,5.057837,0.0,0.0,0.0,11210.251,0,730,347
95.0,0.0,-9999.0,9.663007,-87.0,5.057837,0.0,0.0,6894.753,13661.558,0,1999,1509
83.0,0.0,-9999.0,9.663007,-6.0,5.057837,0.0,0.0,6894.753,11702.799,1,1169,981
87.0,0.0,-9999.0,10.788214,-95.0,6.1830435,0.0,0.0,6894.753,13420.856,1,1834,1165
79.0,0.0,-9999.0,9.663007,-3.4028235e+38,5.057837,0.0,0.0,6894.753,11136.315,0,865,802
84.0,0.0,-9999.0,9.663007,-171.0,5.057837,0.0,0.0,6894.753,11540.397,0,972,1506
61.0,0.0,-9999.0,9.663007,-3.4028235e+38,5.057837,0.0,0.0,0.0,11495.341,0,183,33
71.0,0.0,-9999.0,9.663007,-3.4028235e+38,5.057837,0.0,0.0,0.0,11283.296,1,435,559
64.0,0.0,-9999.0,9.663007,-3.4028235e+38,5.057837,0.0,0.0,0.0,11392.175,1,147,488
91.0,0.0,-9999.0,9.663007,-91.0,5.057837,0.0,0.0,6894.753,13395.088,0,1699,1352
91.0,0.0,-9999.0,9.663007,-91.0,5.057837,0.0,0.0,6894.753,12395.141,0,1324,1444
84.0,0.0,-9999.0,9.663007,-171.0,5.057837,0.0,0.0,6894.753,11307.558,0,975,1177
81.0,0.0,-9999.0,9.663007,-8.0,5.057837,0.0,0.0,6894.753,12902.653,0,2187,861
84.0,0.0,-9999.0,9.663007,-6.0,5.057837,0.0,0.0,6894.753,12226.46,0,1392,1022
76.0,0.0,-9999.0,9.663007,-3.4028235e+38,5.057837,0.0,0.0,0.0,11170.95,1,925,649
69.0,0.0,-9999.0,9.663007,-3.4028235e+38,5.057837,0.0,0.0,6894.753,11793.747,0,273,1788
87.0,0.0,-9999.0,9.663007,-168.0,5.057837,0.0,0.0,6894.753,11920.468,1,1128,1491
80.0,0.0,-9999.0,9.663007,-3.4028235e+38,5.057837,0.0,0.0,6894.753,12764.88,0,1953,810
75.0,0.0,-9999.0,9.663007,-3.4028235e+38,5.057837,0.0,0.0,0.0,11411.201,1,1095,635
101.0,0.0,-9999.0,9.663007,-81.0,5.057837,0.0,0.0,10625.785,13598.703,1,2188,1760
95.0,0.0,-9999.0,9.663007,-87.0,5.057837,0.0,0.0,6894.753,13027.705,0,1560,1561
74.0,0.0,-9999.0,9.663007,-181.0,5.057837,0.0,0.0,6894.753,11480.217,0,520,1570
91.0,0.0,-9999.0,9.663007,-91.0,5.057837,0.0,0.0,6894.753,12236.897,1,1286,1345
69.0,0.0,-9999.0,9.663007,-3.4028235e+38,5.057837,0.0,0.0,0.0,11848.105,0,2270,314
78.0,0.0,-9999.0,9.663007,-3.4028235e+38,5.057837,0.0,0.0,6894.753,11138.553,1,859,787
74.0,0.0,-9999.0,9.663007,-3.4028235e+38,5.057837,0.0,0.0,0.0,11296.679,0,1026,562
64.0,0.0,-9999.0,9.663007,-3.4028235e+38,5.057837,0.0,0.0,0.0,11307.937,1,546,151
65.0,0.0,-9999.0,9.663007,-3.4028235e+38,5.057837,0.0,0.0,0.0,11434.287,1,222,210
99.0,0.0,-9999.0,9.663007,-83.0,5.057837,0.0,0.0,6894.753,13589.728,0,1961,1692
86.0,0.0,-9999.0,9.663007,-169.0,5.057837,0.0,0.0,6894.753,11682.838,1,1057,1434
88.0,0.0,-9999.0,9.663007,-167.0,5.057837,0.0,0.0,6894.753,12090.327,1,1172,1564
79.0,0.0,-9999.0,9.663007,-3.4028235e+38,5.057837,0.0,0.0,6894.753,12344.531,0,1595,790
101.0,0.0,-9999.0,9.663007,-85.0,5.057837,0.0,0.0,11752.828,13383.83,0,1733,1864
97.0,0.0,-9999.0,9.663007,-85.0,5.057837,0.0,0.0,6894.753,13632.29,1,1954,1568
63.0,0.0,-9999.0,9.663007,-3.4028235e+38,5.057837,0.0,0.0,0.0,11474.709,1,181,118
61.0,0.0,-9999.0,9.663007,-3.4028235e+38,5.057837,0.0,0.0,0.0,11482.092,1,18,333
62.0,0.0,-9999.0,9.663007,-3.4028235e+38,5.057837,0.0,0.0,0.0,11351.794,1,466,97
76.0,0.0,-9999.0,9.663007,-3.4028235e+38,5.057837,0.0,0.0,0.0,12446.492,0,1965,643
71.0,0.0,-9999.0,9.663007,-3.4028235e+38,5.057837,0.0,0.0,0.0,12013.024,0,2128,407
78.0,0.0,-9999.0,9.663007,-177.0,5.057837,0.0,0.0,6894.753,11707.476,1,677,1759
104.0,0.0,-9999.0,9.663007,-82.0,5.057837,0.0,0.0,11104.861,13506.932,1,1960,1926
66.0,0.0,-9999.0,9.663007,-3.4028235e+38,5.057837,0.0,0.0,0.0,11313.731,0,500,240
65.0,0.0,-9999.0,9.663007,-3.4028235e+38,5.057837,0.0,0.0,0.0,11487.417,0,1706,171
87.0,0.0,-9999.0,9.663007,-3.0,5.057837,0.0,0.0,6894.753,13410.919,0,2143,1127
84.0,0.0,-9999.0,9.663007,-6.0,5.057837,0.0,0.0,6894.753,12828.438,1,1643,1046
81.0,0.0,-9999.0,9.663007,-8.0,5.057837,0.0,0.0,6894.753,12850.942,0,2031,848
63.0,0.0,-9999.0,9.663007,-3.4028235e+38,5.057837,0.0,0.0,0.0,11443.051,0,246,130
80.0,0.0,-9999.0,9.663007,-175.0,5.057837,0.0,0.0,6894.753,11696.1455,1,783,1760
92.0,0.0,-9999.0,9.663007,-90.0,5.057837,0.0,0.0,6894.753,12505.059,1,1357,1494
95.0,0.0,-9999.0,9.663007,-87.0,5.057837,0.0,0.0,6894.753,12898.983,1,1500,1641
62.0,0.0,-9999.0,9.663007,-3.4028235e+38,5.057837,0.0,0.0,0.0,11411.723,0,91,485
79.0,0.0,-9999.0,9.663007,-3.4028235e+38,5.057837,0.0,0.0,6894.753,11677.965,0,1212,795
72.0,0.0,-9999.0,9.663007,-3.4028235e+38,5.057837,0.0,0.0,6894.753,11282.708,0,423,1411
94.0,0.0,-9999.0,9.663007,-161.0,5.057837,0.0,0.0,12345.207,12787.164,1,1405,1919
68.0,0.0,-9999.0,9.663007,-3.4028235e+38,5.057837,0.0,0.0,0.0,11781.543,0,1777,314
100.0,0.0,-9999.0,9.663007,-82.0,5.057837,0.0,0.0,10814.973,13641.851,0,2371,1721
77.0,0.0,-9999.0,9.663007,-3.4028235e+38,5.057837,0.0,0.0,6894.753,11170.74,0,739,756
68.0,0.0,-9999.0,9.663007,-3.4028235e+38,5.057837,0.0,0.0,0.0,11323.148,1,300,570
83.0,0.0,-9999.0,9.663007,-6.0,5.057837,0.0,0.0,6894.753,12113.531,1,1364,970
63.0,0.0,-9999.0,9.663007,-3.4028235e+38,5.057837,0.0,0.0,0.0,11457.036,1,223,114
98.0,0.0,-9999.0,9.663007,-84.0,5.057837,0.0,0.0,6894.753,13139.081,1,1604,1777
91.0,0.0,-9999.0,9.663007,-91.0,5.057837,0.0,0.0,6894.753,13738.625,0,2030,1309
86.0,0.0,-9999.0,9.663007,-169.0,5.057837,0.0,0.0,6894.753,11673.652,0,1091,1328
73.0,0.0,-9999.0,9.663007,-3.4028235e+38,5.057837,0.0,0.0,0.0,11197.659,1,696,598
78.0,0.0,-9999.0,9.663007,-3.4028235e+38,5.057837,0.0,0.0,6894.753,12167.833,0,1510,768
63.0,0.0,-9999.0,9.663007,-3.4028235e+38,5.057837,0.0,0.0,0.0,11432.707,1,123,368
84.0,0.0,-9999.0,9.663007,-171.0,5.057837,0.0,0.0,6894.753,11815.521,0,952,1781
74.0,0.0,-9999.0,9.663007,-181.0,5.057837,0.0,0.0,6894.753,11155.942,0,538,1202
71.0,0.0,-9999.0,9.663007,-3.4028235e+38,5.057837,0.0,0.0,0.0,11986.679,0,2235,387
74.0,0.0,-9999.0,9.663007,-181.0,5.057837,0.0,0.0,6894.753,11164.435,0,555,1128
87.0,0.0,-9999.0,9.663007,-95.0,5.057837,0.0,0.0,6894.753,12450.165,0,1419,1173
96.0,0.0,-9999.0,9.663007,-86.0,5.057837,0.0,0.0,6894.753,13646.727,0,1954,1527
80.0,0.0,-9999.0,9.663007,-9.0,5.057837,0.0,0.0,6894.753,12602.557,1,1692,843
71.0,0.0,-9999.0,9.663007,-3.4028235e+38,5.057837,0.0,0.0,0.0,11275.551,1,471,538
77.0,0.0,-9999.0,9.663007,-178.0,5.057837,0.0,0.0,6894.753,11593.412,0,658,1669
83.0,0.0,-9999.0,9.663007,-6.0,5.057837,0.0,0.0,6894.753,13029.3545,1,1783,981
73.0,0.0,-9999.0,9.663007,-3.4028235e+38,5.057837,0.0,0.0,0.0,11162.391,1,819,570
100.0,0.0,-9999.0,9.663007,-155.0,5.057837,0.0,0.0,11908.771,13245.147,0,1659,1856
78.0,0.0,-9999.0,9.663007,-177.0,5.057837,0.0,0.0,6894.753,11811.348,0,662,1838
87.0,0.0,-9999.0,9.663007,-168.0,5.057837,0.0,0.0,6894.753,12127.118,1,1070,1855
65.0,0.0,-9999.0,9.663007,-3.4028235e+38,5.057837,0.0,0.0,0.0,11404.156,0,1957,100
104.0,0.0,-9999.0,9.663007,-82.0,5.057837,0.0,0.0,10889.72,13527.508,1,2021,1889
64.0,0.0,-9999.0,9.663007,-3.4028235e+38,5.057837,0.0,0.0,0.0,11307.068,1,548,151
82.0,0.0,-9999.0,9.663007,-173.0,5.057837,0.0,0.0,6894.753,11691.261,1,867,1764
79.0,0.0,-9999.0,9.663007,-3.4028235e+38,5.057837,0.0,0.0,6894.753,12219.029,0,1521,793
70.0,0.0,-9999.0,9.663007,-3.4028235e+38,5.057837,0.0,0.0,0.0,11270.304,0,408,674
72.0,0.0,-9999.0,9.663007,-3.4028235e+38,5.057837,0.0,0.0,0.0,11262.088,1,470,620
66.0,0.0,-9999.0,9.663007,-3.4028235e+38,5.057837,0.0,0.0,0.0,11168.201,0,859,225
62.0,0.0,-9999.0,9.663007,-3.4028235e+38,5.057837,0.0,0.0,0.0,11518.409,0,63,148
77.0,0.0,-9999.0,9.663007,-3.4028235e+38,5.057837,0.0,0.0,0.0,11131.558,0,899,718
68.0,0.0,-9999.0,9.663007,-3.4028235e+38,5.057837,0.0,0.0,0.0,11322.839,1,301,570
65.0,0.0,-9999.0,9.663007,-3.4028235e+38,5.057837,0.0,0.0,6894.753,11304.127,1,176,795
68.0,0.0,-9999.0,9.663007,-3.4028235e+38,5.057837,0.0,0.0,6894.753,11188.928,0,274,1199
81.0,0.0,-9999.0,9.663007,-174.0,5.057837,0.0,0.0,6894.753,11585.315,1,865,1681
91.0,0.0,-9999.0,9.663007,-164.0,5.057837,0.0,0.0,6894.753,12478.025,1,1312,1655
90.0,0.0,-9999.0,9.663007,-92.0,5.057837,0.0,0.0,6894.753,12512.242,0,1386,1332
61.0,0.0,-9999.0,9.663007,-3.4028235e+38,5.057837,0.0,0.0,0.0,11463.841,1,15,397
103.0,0.0,-9999.0,9.663007,-83.0,5.057837,0.0,0.0,10532.641,13553.3955,1,2165,1868
71.0,0.0,-9999.0,9.663007,-3.4028235e+38,5.057837,0.0,0.0,0.0,11229.288,1,631,498
70.0,0.0,-9999.0,9.663007,-3.4028235e+38,5.057837,0.0,0.0,0.0,11155.255,0,870,395
77.0,0.0,-9999.0,9.663007,-3.4028235e+38,5.057837,0.0,0.0,6894.753,11570.435,1,1169,736
88.0,0.0,-9999.0,9.663007,-167.0,5.057837,0.0,0.0,6894.753,12108.98,1,1187,1541
62.0,0.0,-9999.0,9.663007,-3.4028235e+38,5.057837,0.0,0.0,0.0,11224.449,0,1336,49
86.0,0.0,-9999.0,9.663007,-169.0,5.057837,0.0,0.0,6894.753,11827.363,0,1094,1484
65.0,0.0,-9999.0,9.663007,-3.4028235e+38,5.057837,0.0,0.0,6894.753,11267.139,0,140,967
77.0,0.0,-9999.0,9.663007,-3.4028235e+38,5.057837,0.0,0.0,6894.753,12146.268,0,1521,737
70.0,0.0,-9999.0,9.663007,-3.4028235e+38,5.057837,0.0,0.0,6894.753,11177.56,0,348,1210
74.0,0.0,-9999.0,9.663007,-181.0,5.057837,0.0,0.0,6894.753,11509.492,0,550,1595
67.0,0.0,-9999.0,9.663007,-3.4028235e+38,5.057837,0.0,0.0,6894.753,11990.455,0,178,1928
0.0,-9999.0,-9999.0,-3.4028235e+38,-3.4028235e+38,-3.4028235e+38,0.0,0.0,0.0,11177.198,0,865,0
85.0,0.0,-9999.0,9.663007,-5.0,5.057837,0.0,0.0,6894.753,13190.122,0,1802,1047
63.0,0.0,-9999.0,9.663007,-3.4028235e+38,5.057837,0.0,0.0,0.0,11477.712,0,130,191
68.0,0.0,-9999.0,9.663007,-3.4028235e+38,5.057837,0.0,0.0,0.0,11339.38,0,349,416
79.0,0.0,-9999.0,9.663007,-10.0,5.057837,0.0,0.0,6894.753,11199.104,0,939,828
82.0,0.0,-9999.0,9.663007,-7.0,5.057837,0.0,0.0,6894.753,12827.259,1,1710,955
89.0,0.0,-9999.0,9.663007,-166.0,5.057837,0.0,0.0,6894.753,12230.547,1,1214,1618
82.0,0.0,-9999.0,9.663007,-7.0,5.057837,0.0,0.0,6894.753,11820.138,0,1235,944
62.0,0.0,-9999.0,9.663007,-3.4028235e+38,5.057837,0.0,0.0,0.0,11412.189,0,82,494
81.0,0.0,-9999.0,9.663007,-174.0,5.057837,0.0,0.0,6894.753,11432.537,0,846,1560
70.0,0.0,-9999.0,9.663007,-3.4028235e+38,5.057837,0.0,0.0,0.0,11283.987,1,409,599
96.0,0.0,-9999.0,9.663007,-86.0,5.057837,0.0,0.0,11015.014,13685.316,0,2198,1544
79.0,0.0,-9999.0,9.663007,-3.4028235e+38,5.057837,0.0,0.0,6894.753,12406.66,1,1621,801
87.0,0.0,-9999.0,9.663007,-95.0,5.057837,0.0,0.0,6894.753,12693.409,0,1518,1164
61.0,0.0,-9999.0,9.663007,-3.4028235e+38,5.057837,0.0,0.0,0.0,11266.776,0,669,39
85.0,0.0,-9999.0,9.663007,-5.0,5.057837,0.0,0.0,6894.753,13210.767,0,2100,1028
88.0,0.0,-9999.0,9.663007,-167.0,5.057837,0.0,0.0,6894.753,12041.166,0,1152,1563
85.0,0.0,-9999.0,9.663007,-97.0,5.057837,0.0,0.0,6894.753,12065.805,0,1298,1084
80.0,0.0,-9999.0,9.663007,-9.0,5.057837,0.0,0.0,6894.753,11127.319,1,895,844
62.0,0.0,-9999.0,9.663007,-3.4028235e+38,5.057837,0.0,0.0,0.0,11352.029,0,478,63
79.0,0.0,-9999.0,9.663007,-3.4028235e+38,5.057837,0.0,0.0,6894.753,11401.408,0,1053,806
75.0,0.0,-9999.0,9.663007,-180.0,5.057837,0.0,0.0,6894.753,11418.68,0,586,1528
89.0,0.0,-9999.0,9.663007,-93.0,5.057837,0.0,0.0,6894.753,12213.743,0,1295,1275
72.0,0.0,-9999.0,9.663007,-3.4028235e+38,5.057837,0.0,0.0,0.0,11186.641,0,746,551
63.0,0.0,-9999.0,9.663007,-3.4028235e+38,5.057837,0.0,0.0,0.0,11364.909,0,84,659
95.0,0.0,-9999.0,9.663007,-160.0,5.057837,0.0,0.0,6894.753,12850.111,1,1458,1807
80.0,0.0,-9999.0,9.663007,-9.0,5.057837,0.0,0.0,6894.753,11435.719,0,1062,865
78.0,0.0,-9999.0,9.663007,-3.4028235e+38,5.057837,0.0,0.0,0.0,12588.956,0,2081,708
77.0,0.0,-9999.0,9.663007,-178.0,5.057837,0.0,0.0,6894.753,11391.059,0,665,1513
97.0,0.0,-9999.0,9.663007,-85.0,5.057837,0.0,0.0,6894.753,13106.966,0,1591,1653
85.0,0.0,-9999.0,9.663007,-97.0,5.057837,0.0,0.0,6894.753,12172.496,1,1351,1063
75.0,0.0,-9999.0,9.663007,-180.0,5.057837,0.0,0.0,6894.753,11147.466,0,576,1230
87.0,0.0,-9999.0,9.663007,-3.0,5.057837,0.0,0.0,6894.753,13356.612,0,1874,1127
73.0,0.0,-9999.0,9.663007,-3.4028235e+38,5.057837,0.0,0.0,6894.753,11211.74,0,507,871
80.0,0.0,-9999.0,9.663007,-9.0,5.057837,0.0,0.0,6894.753,12747.94,0,1778,835
103.0,0.0,-9999.0,9.663007,-83.0,5.057837,0.0,0.0,11333.243,13511.227,1,1875,1884
82.0,0.0,-9999.0,9.663007,-173.0,5.057837,0.0,0.0,6894.753,11695.491,0,853,1766
76.0,0.0,-9999.0,9.663007,-3.4028235e+38,5.057837,0.0,0.0,0.0,11688.557,0,1279,657
0.0,-9999.0,-9999.0,-3.4028235e+38,-3.4028235e+38,-3.4028235e+38,0.0,0.0,0.0,11226.192,0,1962,7
87.0,0.0,-9999.0,9.663007,-168.0,5.057837,0.0,0.0,6894.753,12079.311,1,1117,1701
73.0,0.0,-9999.0,9.663007,-3.4028235e+38,5.057837,0.0,0.0,0.0,11209.261,1,659,594
304.0,3.237688,315.0,8.218989,118.0,5.057837,0.0,0.0,10539.266,13546.214,0,2358,1943
67.0,0.0,-9999.0,9.663007,-3.4028235e+38,5.057837,0.0,0.0,0.0,11276.275,0,573,296
82.0,0.0,-9999.0,9.663007,-7.0,5.057837,0.0,0.0,6894.753,12936.115,1,1774,941
91.0,0.0,-9999.0,9.663007,-164.0,5.057837,0.0,0.0,6894.753,12517.89,0,1329,1658
86.0,0.0,-9999.0,9.663007,-169.0,5.057837,0.0,0.0,6894.753,11976.183,1,1027,1789
71.0,0.0,-9999.0,9.663007,-3.4028235e+38,5.057837,0.0,0.0,0.0,11548.122,0,1300,449
73.0,0.0,-9999.0,9.663007,-3.4028235e+38,5.057837,0.0,0.0,0.0,11151.796,1,858,542
101.0,0.0,-9999.0,9.663007,-81.0,5.057837,0.0,0.0,6894.753,13557.568,1,1898,1757
90.0,0.0,-9999.0,9.663007,-92.0,5.057837,0.0,0.0,6894.753,12712.069,0,1462,1302
86.0,0.0,-9999.0,9.663007,-169.0,5.057837,0.0,0.0,6894.753,11589.713,1,1068,1307
64.0,0.0,-9999.0,9.663007,-3.4028235e+38,5.057837,0.0,0.0,0.0,11304.465,1,554,151
66.0,0.0,-9999.0,9.663007,-3.4028235e+38,5.057837,0.0,0.0,0.0,11336.384,0,433,266
71.0,0.0,-9999.0,9.663007,-3.4028235e+38,5.057837,0.0,0.0,0.0,11192.765,0,746,480
62.0,0.0,-9999.0,9.663007,-3.4028235e+38,5.057837,0.0,0.0,0.0,11472.651,0,204,85
83.0,0.0,-9999.0,9.663007,-172.0,5.057837,0.0,0.0,6894.753,11305.398,1,927,1407
92.0,0.0,-9999.0,9.663007,-163.0,5.057837,0.0,0.0,6894.753,12562.2295,0,1368,1560
94.0,0.0,-9999.0,9.663007,-88.0,5.057837,0.0,0.0,11339.102,13743.613,0,2311,1453
65.0,0.0,-9999.0,9.663007,-3.4028235e+38,5.057837,0.0,0.0,0.0,11431.175,0,1891,117
77.0,0.0,-9999.0,9.663007,-178.0,5.057837,0.0,0.0,6894.753,11138.188,0,666,1221
83.0,0.0,-9999.0,9.663007,-172.0,5.057837,0.0,0.0,6894.753,11459.632,0,954,1476
95.0,0.0,-9999.0,9.663007,-160.0,5.057837,0.0,0.0,12268.743,12828.953,1,1433,1894
91.0,0.0,-9999.0,9.663007,-91.0,5.057837,0.0,0.0,6894.753,13682.279,0,1818,1342
72.0,0.0,-9999.0,9.663007,-3.4028235e+38,5.057837,0.0,0.0,0.0,12057.195,0,2173,427
87.0,0.0,-9999.0,9.663007,-168.0,5.057837,0.0,0.0,6894.753,11848.428,1,1144,1357
97.0,0.0,-9999.0,9.663007,-85.0,5.057837,0.0,0.0,10930.902,13668.021,0,2176,1578
71.0,0.0,-9999.0,9.663007,-3.4028235e+38,5.057837,0.0,0.0,6894.753,11182.469,0,393,1156
94.0,0.0,-9999.0,9.663007,-88.0,5.057837,0.0,0.0,11163.008,13718.237,0,2197,1460
64.0,0.0,-9999.0,9.663007,-3.4028235e+38,5.057837,0.0,0.0,6894.753,11182.902,0,66,1309
81.0,0.0,-9999.0,9.663007,-8.0,5.057837,0.0,0.0,6894.753,12109.029,0,1392,907
68.0,0.0,-9999.0,9.663007,-3.4028235e+38,5.057837,0.0,0.0,6894.753,11658.367,0,236,1682
87.0,0.0,-9999.0,9.663007,-95.0,5.057837,0.0,0.0,6894.753,13417.657,1,1797,1170
71.0,0.0,-9999.0,9.663007,-3.4028235e+38,5.057837,0.0,0.0,0.0,11197.267,0,731,486
67.0,0.0,-9999.0,9.663007,-3.4028235e+38,5.057837,0.0,0.0,0.0,11641.066,0,1968,223
99.0,0.0,-9999.0,9.663007,-83.0,5.057837,0.0,0.0,10799.627,13637.794,1,2187,1660
71.0,0.0,-9999.0,9.663007,-3.4028235e+38,5.057837,0.0,0.0,0.0,11855.997,0,1584,463
65.0,0.0,-9999.0,9.663007,-3.4028235e+38,5.057837,0.0,0.0,0.0,11422.523,1,248,214
79.0,0.0,-9999.0,9.663007,-176.0,5.057837,0.0,0.0,6894.753,11635.29,1,765,1711
103.0,0.0,-9999.0,9.663007,-83.0,5.057837,0.0,0.0,11509.466,13499.924,0,1821,1898
99.0,0.0,-9999.0,9.663007,-83.0,5.057837,0.0,0.0,6894.753,13627.537,1,2131,1663
98.0,0.0,-9999.0,9.663007,-84.0,5.057837,0.0,0.0,10904.857,13659.455,1,2234,1625
74.0,0.0,-9999.0,9.663007,-3.4028235e+38,5.057837,0.0,0.0,0.0,12285.109,0,2120,548
70.0,0.0,-9999.0,10.19272,-3.4028235e+38,5.58755,0.0,0.0,0.0,11285.126,1,428,561
89.0,0.0,-9999.0,9.663007,-93.0,5.057837,0.0,0.0,6894.753,12058.71,0,1220,1355
88.0,0.0,-9999.0,9.663007,-167.0,5.057837,0.0,0.0,6894.753,12213.438,0,1183,1689
90.0,0.0,-9999.0,9.663007,-92.0,5.057837,0.0,0.0,6894.753,12222.545,1,1289,1307
90.0,0.0,-9999.0,9.663007,-92.0,5.057837,0.0,0.0,6894.753,13651.016,1,1787,1319
79.0,0.0,-9999.0,9.663007,-3.4028235e+38,5.057837,0.0,0.0,6894.753,12745.259,0,2370,765
69.0,0.0,-9999.0,9.663007,-3.4028235e+38,5.057837,0.0,0.0,0.0,11314.644,0,358,523
67.0,0.0,-9999.0,9.663007,-3.4028235e+38,5.057837,0.0,0.0,0.0,11350.767,0,283,470
62.0,0.0,-9999.0,9.663007,-3.4028235e+38,5.057837,0.0,0.0,0.0,11406.232,0,350,86
94.0,0.0,-9999.0,9.663007,-161.0,5.057837,0.0,0.0,12227.774,12765.471,1,1409,1841
63.0,0.0,-9999.0,9.663007,-3.4028235e+38,5.057837,0.0,0.0,0.0,11175.874,0,856,105
85.0,0.0,-9999.0,9.663007,-5.0,5.057837,0.0,0.0,6894.753,12520.76,1,1500,1063
94.0,0.0,-9999.0,9.663007,-88.0,5.057837,0.0,0.0,6894.753,13209.4,1,1634,1482
83.0,0.0,-9999.0,9.663007,-6.0,5.057837,0.0,0.0,6894.753,12127.43,1,1362,989
81.0,0.0,-9999.0,9.663007,-8.0,5.057837,0.0,0.0,6894.753,12814.955,0,1763,887
65.0,0.0,-9999.0,9.663007,-3.4028235e+38,5.057837,0.0,0.0,0.0,11510.934,0,1725,180
98.0,0.0,-9999.0,9.663007,-84.0,5.057837,0.0,0.0,10913.041,13660.314,1,2268,1637
86.0,0.0,-9999.0,9.663007,-96.0,5.057837,0.0,0.0,6894.753,12401.908,1,1420,1126
80.0,0.0,-9999.0,9.663007,-175.0,5.057837,0.0,0.0,6894.753,11277.492,0,808,1436
81.0,0.0,-9999.0,9.663007,-8.0,5.057837,0.0,0.0,6894.753,12906.259,1,1808,897
79.0,0.0,-9999.0,9.663007,-176.0,5.057837,0.0,0.0,6894.753,11185.554,1,776,1362
66.0,0.0,-9999.0,9.663007,-3.4028235e+38,5.057837,0.0,0.0,6894.753,11458.128,0,157,1524
77.0,0.0,-9999.0,9.663007,-178.0,5.057837,0.0,0.0,6894.753,11232.275,0,650,1389
97.0,0.0,-9999.0,9.663007,-85.0,5.057837,0.0,0.0,10916.938,13663.313,0,2203,1602
74.0,0.0,-9999.0,9.663007,-3.4028235e+38,5.057837,0.0,0.0,0.0,11164.623,1,800,622
71.0,0.0,-9999.0,9.663007,-3.4028235e+38,5.057837,0.0,0.0,0.0,12018.297,0,2026,416
100.0,0.0,-9999.0,9.663007,-82.0,5.057837,0.0,0.0,6894.753,13569.872,1,1869,1708
84.0,0.0,-9999.0,9.663007,-171.0,5.057837,0.0,0.0,6894.753,11383.273,1,999,1256
86.0,0.0,-9999.0,9.663007,-169.0,5.057837,0.0,0.0,6894.753,12033.293,1,1039,1821
85.0,0.0,-9999.0,9.663007,-97.0,5.057837,0.0,0.0,6894.753,11456.766,0,1036,1144
68.0,0.0,-9999.0,9.663007,-3.4028235e+38,5.057837,0.0,0.0,0.0,11305.139,0,1115,318
97.0,0.0,-9999.0,9.663007,-85.0,5.057837,0.0,0.0,6894.753,13220.921,0,1641,1629
67.0,0.0,-9999.0,9.663007,-3.4028235e+38,5.057837,0.0,0.0,6894.753,11452.926,0,207,1524
94.0,0.0,-9999.0,9.663007,-161.0,5.057837,0.0,0.0,6894.753,12771.751,1,1433,1719
103.0,0.0,-9999.0,9.663007,-83.0,5.057837,0.0,0.0,10879.815,13530.906,0,2022,1880
71.0,0.0,-9999.0,9.663007,-3.4028235e+38,5.057837,0.0,0.0,0.0,11282.882,1,430,570
63.0,0.0,-9999.0,9.663007,-3.4028235e+38,5.057837,0.0,0.0,0.0,11486.998,0,108,191
102.0,0.0,-9999.0,9.663007,-84.0,5.057837,0.0,0.0,11652.679,13450.313,1,1772,1889
72.0,0.0,-9999.0,9.663007,-3.4028235e+38,5.057837,0.0,0.0,0.0,12123.0,0,2218,458
87.0,0.0,-9999.0,9.663007,-95.0,5.057837,0.0,0.0,6894.753,13312.023,0,1740,1193
91.0,0.0,-9999.0,9.663007,-164.0,5.057837,0.0,0.0,6894.753,12355.865,1,1294,1513
95.0,0.0,-9999.0,9.663007,-87.0,5.057837,0.0,0.0,6894.753,12822.751,0,1476,1555
66.0,0.0,-9999.0,9.663007,-3.4028235e+38,5.057837,0.0,0.0,0.0,11511.889,0,1961,156
96.0,0.0,-9999.0,9.663007,-86.0,5.057837,0.0,0.0,6894.753,13661.963,1,2044,1531
80.0,0.0,-9999.0,9.663007,-9.0,5.057837,0.0,0.0,6894.753,11126.636,1,900,855
78.0,0.0,-9999.0,9.663007,-3.4028235e+38,5.057837,0.0,0.0,6894.753,12277.936,1,1584,757
64.0,0.0,-9999.0,9.663007,-3.4028235e+38,5.057837,0.0,0.0,0.0,11418.684,0,2323,92
90.0,0.0,-9999.0,9.663007,-165.0,5.057837,0.0,0.0,6894.753,12207.927,1,1244,1479
85.0,0.0,-9999.0,9.663007,-5.0,5.057837,0.0,0.0,6894.753,12954.822,0,1678,1074
94.0,0.0,-9999.0,9.663007,-161.0,5.057837,0.0,0.0,6894.753,12806.0,0,1449,1719
80.0,0.0,-9999.0,9.663007,-9.0,5.057837,0.0,0.0,6894.753,12613.169,1,1695,846
82.0,0.0,-9999.0,9.663007,-7.0,5.057837,0.0,0.0,6894.753,12039.254,1,1339,947
80.0,0.0,-9999.0,9.663007,-9.0,5.057837,0.0,0.0,6894.753,12309.992,1,1530,850
76.0,0.0,-9999.0,9.663007,-3.4028235e+38,5.057837,0.0,0.0,0.0,11857.693,0,1394,658
83.0,0.0,-9999.0,9.663007,-6.0,5.057837,0.0,0.0,6894.753,11715.832,1,1173,989
85.0,0.0,-9999.0,9.663007,-170.0,5.057837,0.0,0.0,6894.753,11876.8545,1,1044,1658
64.0,0.0,-9999.0,9.663007,-3.4028235e+38,5.057837,0.0,0.0,0.0,11402.498,1,175,411
96.0,0.0,-9999.0,9.663007,-86.0,5.057837,0.0,0.0,6894.753,13655.511,1,2051,1552
64.0,0.0,-9999.0,9.663007,-3.4028235e+38,5.057837,0.0,0.0,0.0,11378.902,0,2193,77
71.0,0.0,-9999.0,9.663007,-3.4028235e+38,5.057837,0.0,0.0,0.0,11171.689,0,806,493
72.0,0.0,-9999.0,9.663007,-3.4028235e+38,5.057837,0.0,0.0,6894.753,11179.475,0,488,1095
86.0,0.0,-9999.0,9.663007,-169.0,5.057837,0.0,0.0,6894.753,11868.939,0,1095,1526
92.0,0.0,-9999.0,9.663007,-90.0,5.057837,0.0,0.0,6894.753,13685.253,1,1847,1352
86.0,0.0,-9999.0,9.663007,-169.0,5.057837,0.0,0.0,6894.753,11973.768,1,1032,1777
75.0,0.0,-9999.0,9.663007,-3.4028235e+38,5.057837,0.0,0.0,0.0,12358.544,0,2302,573
74.0,0.0,-9999.0,9.663007,-3.4028235e+38,5.057837,0.0,0.0,6894.753,11855.337,0,486,1855
68.0,0.0,-9999.0,9.663007,-3.4028235e+38,5.057837,0.0,0.0,0.0,11325.777,0,319,530
81.0,0.0,-9999.0,9.663007,-8.0,5.057837,0.0,0.0,6894.753,12120.24,0,1393,916
64.0,0.0,-9999.0,9.663007,-3.4028235e+38,5.057837,0.0,0.0,0.0,11436.804,0,151,313
74.0,0.0,-9999.0,9.663007,-181.0,5.057837,0.0,0.0,6894.753,11478.916,0,520,1569
62.0,0.0,-9999.0,9.663007,-3.4028235e+38,5.057837,0.0,0.0,0.0,11187.731,0,1090,50
93.0,0.0,-9999.0,9.663007,-162.0,5.057837,0.0,0.0,12434.39,12726.501,1,1366,1939
61.0,0.0,-9999.0,9.663007,-3.4028235e+38,5.057837,0.0,0.0,0.0,11460.114,1,11,414
96.0,0.0,-9999.0,9.663007,-159.0,5.057837,0.0,0.0,6894.753,12967.264,1,1520,1773
93.0,0.0,-9999.0,9.663007,-89.0,5.057837,0.0,0.0,11359.762,13751.746,0,2270,1413
82.0,0.0,-9999.0,9.663007,-7.0,5.057837,0.0,0.0,6894.753,12110.648,1,1364,967
79.0,0.0,-9999.0,9.663007,-176.0,5.057837,0.0,0.0,6894.753,11128.341,0,816,1104
66.0,0.0,-9999.0,9.663007,-3.4028235e+38,5.057837,0.0,0.0,0.0,11440.235,0,1455,220
74.0,0.0,-9999.0,9.663007,-181.0,5.057837,0.0,0.0,6894.753,11405.749,0,548,1515
77.0,0.0,-9999.0,9.663007,-3.4028235e+38,5.057837,0.0,0.0,6894.753,11217.879,0,953,736
65.0,0.0,-9999.0,9.663007,-3.4028235e+38,5.057837,0.0,0.0,6894.753,11286.934,0,166,871
73.0,0.0,-9999.0,9.663007,-3.4028235e+38,5.057837,0.0,0.0,0.0,11899.882,0,1540,530
71.0,0.0,-9999.0,9.663007,-3.4028235e+38,5.057837,0.0,0.0,0.0,11179.381,1,784,488
103.0,0.0,-9999.0,9.663007,-83.0,5.057837,0.0,0.0,11446.594,13507.843,1,1837,1880
80.0,0.0,-9999.0,9.663007,-9.0,5.057837,0.0,0.0,6894.753,11204.028,1,941,854
73.0,0.0,-9999.0,9.663007,-3.4028235e+38,5.057837,0.0,0.0,0.0,11178.334,1,762,591
71.0,0.0,-9999.0,9.663007,-3.4028235e+38,5.057837,0.0,0.0,0.0,11218.647,1,671,474
79.0,0.0,-9999.0,9.663007,-3.4028235e+38,5.057837,0.0,0.0,6894.753,11160.683,1,918,806
77.0,0.0,-9999.0,9.663007,-3.4028235e+38,5.057837,0.0,0.0,6894.753,11148.771,0,827,749
71.0,0.0,-9999.0,9.663007,-3.4028235e+38,5.057837,0.0,0.0,0.0,11170.29,1,813,479
70.0,0.0,-9999.0,9.663007,-3.4028235e+38,5.057837,0.0,0.0,6894.753,11239.297,0,389,863
78.0,0.0,-9999.0,9.663007,-3.4028235e+38,5.057837,0.0,0.0,6894.753,12014.624,1,1435,745
63.0,0.0,-9999.0,9.663007,-3.4028235e+38,5.057837,0.0,0.0,0.0,11383.038,0,377,142
90.0,0.0,-9999.0,9.663007,-92.0,5.057837,0.0,0.0,6894.753,13636.743,1,1925,1268
66.0,0.0,-9999.0,9.663007,-3.4028235e+38,5.057837,0.0,0.0,6894.753,11278.417,0,220,857
91.0,0.0,-9999.0,9.663007,-164.0,5.057837,0.0,0.0,6894.753,12475.052,1,1308,1666
72.0,0.0,-9999.0,9.663007,-3.4028235e+38,5.057837,0.0,0.0,0.0,11188.904,1,747,521
69.0,0.0,-9999.0,9.663007,-3.4028235e+38,5.057837,0.0,0.0,6894.753,11744.201,0,291,1752
83.0,0.0,-9999.0,9.663007,-172.0,5.057837,0.0,0.0,6894.753,11361.479,1,950,1402
81.0,0.0,-9999.0,9.663007,-174.0,5.057837,0.0,0.0,6894.753,11111.081,0,860,1306
0.0,-9999.0,-9999.0,-3.4028235e+38,-3.4028235e+38,-3.4028235e+38,0.0,0.0,0.0,11472.581,0,1,385
83.0,0.0,-9999.0,9.663007,-172.0,5.057837,0.0,0.0,6894.753,11274.787,0,961,1214
65.0,0.0,-9999.0,9.663007,-3.4028235e+38,5.057837,0.0,0.0,0.0,11414.638,0,2084,100
85.0,0.0,-9999.0,9.663007,-5.0,5.057837,0.0,0.0,6894.753,12430.769,1,1462,1062
62.0,0.0,-9999.0,9.663007,-3.4028235e+38,5.057837,0.0,0.0,0.0,11457.834,1,247,65
83.0,0.0,-9999.0,9.663007,-6.0,5.057837,0.0,0.0,6894.753,11704.96,1,1170,981
89.0,0.0,-9999.0,9.663007,-1.0,5.057837,0.0,0.0,6894.753,13630.077,0,2243,1229
97.0,0.0,-9999.0,9.663007,-85.0,5.057837,0.0,0.0,6894.753,13105.085,1,1590,1661
94.0,0.0,-9999.0,9.663007,-161.0,5.057837,0.0,0.0,12390.295,12790.392,1,1401,1946
83.0,0.0,-9999.0,9.663007,-7.0,5.057837,0.0,0.0,6894.753,13053.912,1,1784,993
64.0,0.0,-9999.0,9.663007,-3.4028235e+38,5.057837,0.0,0.0,0.0,11156.704,0,898,114
80.0,0.0,-9999.0,9.663007,-175.0,5.057837,0.0,0.0,6894.753,11719.135,1,752,1775
78.0,0.0,-9999.0,9.663007,-3.4028235e+38,5.057837,0.0,0.0,6894.753,12565.991,0,1743,769
75.0,0.0,-9999.0,9.663007,-3.4028235e+38,5.057837,0.0,0.0,0.0,12379.822,0,2272,586
68.0,0.0,-9999.0,9.663007,-3.4028235e+38,5.057837,0.0,0.0,6894.753,11504.541,0,268,1568
63.0,0.0,-9999.0,9.663007,-3.4028235e+38,5.057837,0.0,0.0,0.0,11271.539,0,634,136
73.0,0.0,-9999.0,9.663007,-3.4028235e+38,5.057837,0.0,0.0,0.0,11866.333,0,1494,547
71.0,0.0,-9999.0,9.663007,-3.4028235e+38,5.057837,0.0,0.0,0.0,11279.039,1,459,540
89.0,0.0,-9999.0,9.663007,-93.0,5.057837,0.0,0.0,6894.753,12038.676,1,1206,1381
73.0,0.0,-9999.0,9.663007,-3.4028235e+38,5.057837,0.0,0.0,0.0,11540.291,0,1224,554
68.0,0.0,-9999.0,9.663007,-3.4028235e+38,5.057837,0.0,0.0,0.0,11324.713,0,319,535
77.0,0.0,-9999.0,9.663007,-3.4028235e+38,5.057837,0.0,0.0,0.0,12516.598,0,2352,650
91.0,0.0,-9999.0,9.663007,-91.0,5.057837,0.0,0.0,6894.753,12806.395,0,1488,1356
76.0,0.0,-9999.0,9.663007,-3.4028235e+38,5.057837,0.0,0.0,0.0,11181.298,1,713,715
79.0,0.0,-9999.0,9.663007,-10.0,5.057837,0.0,0.0,6894.753,12437.258,1,1622,820
64.0,0.0,-9999.0,9.663007,-3.4028235e+38,5.057837,0.0,0.0,0.0,11433.969,0,237,185
80.0,0.0,-9999.0,9.663007,-9.0,5.057837,0.0,0.0,6894.753,12010.481,1,1370,851
101.0,0.0,-9999.0,9.663007,-81.0,5.057837,0.0,0.0,10605.49,13593.835,1,2176,1768
62.0,0.0,-9999.0,9.663007,-3.4028235e+38,5.057837,0.0,0.0,0.0,11388.274,0,8,653
95.0,0.0,-9999.0,9.663007,-87.0,5.057837,0.0,0.0,6894.753,13330.826,1,1685,1558
71.0,0.0,-9999.0,9.663007,-3.4028235e+38,5.057837,0.0,0.0,0.0,11204.671,1,708,489
92.0,0.0,-9999.0,9.663007,-90.0,5.057837,0.0,0.0,6894.753,13702.686,0,1944,1362
80.0,0.0,-9999.0,9.663007,-9.0,5.057837,0.0,0.0,6894.753,12160.334,1,1459,836
91.0,0.0,-9999.0,9.663007,-91.0,5.057837,0.0,0.0,6894.753,12366.012,0,1330,1356
69.0,0.0,-9999.0,9.663007,-3.4028235e+38,5.057837,0.0,0.0,0.0,11431.704,0,1239,370
65.0,0.0,-9999.0,9.663007,-3.4028235e+38,5.057837,0.0,0.0,0.0,11423.588,1,246,213
89.0,0.0,-9999.0,9.663007,-93.0,5.057837,0.0,0.0,6894.753,12783.499,1,1494,1286
71.0,0.0,-9999.0,9.663007,-3.4028235e+38,5.057837,0.0,0.0,0.0,11256.913,1,548,497
94.0,0.0,-9999.0,9.663007,-88.0,5.057837,0.0,0.0,6894.753,12750.021,1,1438,1617
95.0,0.0,-9999.0,9.663007,-160.0,5.057837,0.0,0.0,6894.753,12865.568,1,1467,1798
78.0,0.0,-9999.0,9.663007,-3.4028235e+38,5.057837,0.0,0.0,6894.753,11367.591,0,1041,759
80.0,0.0,-9999.0,9.663007,-175.0,5.057837,0.0,0.0,6894.753,11712.725,1,784,1773
71.0,0.0,-9999.0,9.663007,-3.4028235e+38,5.057837,0.0,0.0,0.0,11257.59,0,427,715
84.0,0.0,-9999.0,9.663007,-5.0,5.057837,0.0,0.0,6894.753,13097.743,0,1908,988
68.0,0.0,-9999.0,9.663007,-3.4028235e+38,5.057837,0.0,0.0,0.0,11772.265,0,2369,270
72.0,0.0,-9999.0,9.663007,-3.4028235e+38,5.057837,0.0,0.0,0.0,11202.625,0,701,533
72.0,0.0,-9999.0,9.663007,-3.4028235e+38,5.057837,0.0,0.0,0.0,11253.167,1,476,663
82.0,0.0,-9999.0,9.663007,-100.0,5.057837,0.0,0.0,6894.753,11164.708,1,920,944
80.0,0.0,-9999.0,9.663007,-175.0,5.057837,0.0,0.0,6894.753,11193.0625,1,819,1371
65.0,0.0,-9999.0,9.663007,-3.4028235e+38,5.057837,0.0,0.0,0.0,11449.288,1,189,205
95.0,0.0,-9999.0,9.663007,-87.0,5.057837,0.0,0.0,11109.723,13706.414,0,2197,1490
62.0,0.0,-9999.0,9.663007,-3.4028235e+38,5.057837,0.0,0.0,0.0,11449.511,0,69,379
78.0,0.0,-9999.0,9.663007,-3.4028235e+38,5.057837,0.0,0.0,6894.753,12063.948,1,1453,762
72.0,0.0,-9999.0,9.663007,-3.4028235e+38,5.057837,0.0,0.0,0.0,12018.097,0,1944,421
73.0,0.0,-9999.0,9.663007,-3.4028235e+38,5.057837,0.0,0.0,0.0,11141.713,1,892,525
67.0,0.0,-9999.0,9.663007,-3.4028235e+38,5.057837,0.0,0.0,0.0,11185.673,0,807,283
71.0,0.0,-9999.0,9.663007,-3.4028235e+38,5.057837,0.0,0.0,0.0,11335.416,0,1089,452
88.0,0.0,-9999.0,9.663007,-167.0,5.057837,0.0,0.0,6894.753,12074.292,1,1161,1577
71.0,0.0,-9999.0,9.663007,-3.4028235e+38,5.057837,0.0,0.0,0.0,11276.396,1,427,611
82.0,0.0,-9999.0,9.663007,-173.0,5.057837,0.0,0.0,6894.753,11748.585,0,848,1807
67.0,0.0,-9999.0,9.663007,-3.4028235e+38,5.057837,0.0,0.0,0.0,11301.831,0,248,730
79.0,0.0,-9999.0,9.663007,-3.4028235e+38,5.057837,0.0,0.0,6894.753,11959.222,1,1368,802
61.0,0.0,-9999.0,9.663007,-3.4028235e+38,5.057837,0.0,0.0,0.0,11423.726,0,329,48
63.0,0.0,-9999.0,9.663007,-3.4028235e+38,5.057837,0.0,0.0,0.0,11442.603,1,257,111
76.0,0.0,-9999.0,9.663007,-3.4028235e+38,5.057837,0.0,0.0,0.0,11710.242,0,1281,681
69.0,0.0,-9999.0,9.663007,-3.4028235e+38,5.057837,0.0,0.0,0.0,11256.01,0,1043,331
82.0,0.0,-9999.0,9.663007,-7.0,5.057837,0.0,0.0,6894.753,12982.646,0,2046,915
63.0,0.0,-9999.0,9.663007,-3.4028235e+38,5.057837,0.0,0.0,0.0,11397.373,0,358,112
73.0,0.0,-9999.0,9.663007,-182.0,5.057837,0.0,0.0,6894.753,11195.997,0,533,938
70.0,0.0,-9999.0,9.663007,-3.4028235e+38,5.057837,0.0,0.0,0.0,11289.788,1,382,611
70.0,0.0,-9999.0,9.663007,-3.4028235e+38,5.057837,0.0,0.0,0.0,11896.98,0,2288,338
63.0,0.0,-9999.0,9.663007,-3.4028235e+38,5.057837,0.0,0.0,0.0,11330.3,0,1588,96
101.0,0.0,-9999.0,9.663007,-81.0,5.057837,0.0,0.0,6894.753,13557.374,1,1918,1766
62.0,0.0,-9999.0,9.663007,-3.4028235e+38,5.057837,0.0,0.0,0.0,11197.813,0,1415,13
86.0,0.0,-9999.0,9.663007,-169.0,5.057837,0.0,0.0,6894.753,11875.834,1,1059,1623
71.0,0.0,-9999.0,9.663007,-3.4028235e+38,5.057837,0.0,0.0,0.0,11219.407,1,671,467
83.0,0.0,-9999.0,9.663007,-172.0,5.057837,0.0,0.0,6894.753,11271.715,0,951,1324
62.0,0.0,-9999.0,9.663007,-3.4028235e+38,5.057837,0.0,0.0,0.0,11425.66,1,45,490
82.0,0.0,-9999.0,9.663007,-7.0,5.057837,0.0,0.0,6894.753,12170.703,1,1399,953
83.0,0.0,-9999.0,9.663007,-7.0,5.057837,0.0,0.0,6894.753,12372.144,1,1470,997
97.0,0.0,-9999.0,9.663007,-85.0,5.057837,0.0,0.0,10907.63,13661.807,1,2192,1601
68.0,0.0,-9999.0,9.663007,-3.4028235e+38,5.057837,0.0,0.0,0.0,11684.183,0,1824,253
80.0,0.0,-9999.0,9.663007,-102.0,5.057837,0.0,0.0,6894.753,11136.791,0,829,935
72.0,0.0,-9999.0,9.663007,-3.4028235e+38,5.057837,0.0,0.0,6894.753,11226.222,1,471,832
97.0,0.0,-9999.0,9.663007,-85.0,5.057837,0.0,0.0,6894.753,13219.165,0,1640,1616
93.0,0.0,-9999.0,9.663007,-89.0,5.057837,0.0,0.0,11489.406,13770.734,0,2334,1399
86.0,0.0,-9999.0,9.663007,-96.0,5.057837,0.0,0.0,6894.753,12100.117,0,1296,1132
64.0,0.0,-9999.0,9.663007,-3.4028235e+38,5.057837,0.0,0.0,0.0,11305.767,1,551,151
61.0,0.0,-9999.0,9.663007,-3.4028235e+38,5.057837,0.0,0.0,0.0,11452.486,0,18,431
67.0,0.0,-9999.0,9.663007,-3.4028235e+38,5.057837,0.0,0.0,0.0,11194.187,0,973,257
97.0,0.0,-9999.0,9.663007,-85.0,5.057837,0.0,0.0,6894.753,13331.047,1,1690,1649
64.0,0.0,-9999.0,9.663007,-3.4028235e+38,5.057837,0.0,0.0,0.0,11309.525,1,542,152
64.0,0.0,-9999.0,9.663007,-3.4028235e+38,5.057837,0.0,0.0,0.0,11300.559,1,563,151
62.0,0.0,-9999.0,9.663007,-3.4028235e+38,5.057837,0.0,0.0,0.0,11181.487,0,1097,31
65.0,0.0,-9999.0,9.663007,-3.4028235e+38,5.057837,0.0,0.0,0.0,11330.653,0,468,217
82.0,0.0,-9999.0,9.663007,-7.0,5.057837,0.0,0.0,6894.753,11572.286,1,1119,929
71.0,0.0,-9999.0,9.663007,-3.4028235e+38,5.057837,0.0,0.0,0.0,11275.665,1,468,543
83.0,0.0,-9999.0,9.663007,-7.0,5.057837,0.0,0.0,6894.753,12104.929,1,1347,1000
93.0,0.0,-9999.0,9.663007,-89.0,5.057837,0.0,0.0,6894.753,12622.343,1,1403,1495
75.0,0.0,-9999.0,9.663007,-3.4028235e+38,5.057837,0.0,0.0,0.0,11286.543,1,1007,634
70.0,0.0,-9999.0,9.663007,-3.4028235e+38,5.057837,0.0,0.0,6894.753,11615.031,0,328,1657
80.0,0.0,-9999.0,9.663007,-175.0,5.057837,0.0,0.0,6894.753,11738.75,1,760,1791
68.0,0.0,-9999.0,9.663007,-3.4028235e+38,5.057837,0.0,0.0,0.0,11263.92,0,580,367
81.0,0.0,-9999.0,9.663007,-8.0,5.057837,0.0,0.0,6894.753,11882.681,1,1284,894
79.0,0.0,-9999.0,9.663007,-3.4028235e+38,5.057837,0.0,0.0,6894.753,12102.64,1,1458,788
88.0,0.0,-9999.0,9.663007,-167.0,5.057837,0.0,0.0,6894.753,12146.53,1,1107,1799
88.0,0.0,-9999.0,9.663007,-2.0,5.057837,0.0,0.0,6894.753,13497.322,0,2233,1162
73.0,0.0,-9999.0,9.663007,-3.4028235e+38,5.057837,0.0,0.0,0.0,11168.91,1,802,552
89.0,0.0,-9999.0,9.663007,-93.0,5.057837,0.0,0.0,6894.753,13497.17,1,1862,1202
98.0,0.0,-9999.0,9.663007,-84.0,5.057837,0.0,0.0,6894.753,13182.728,1,1625,1720
64.0,0.0,-9999.0,9.663007,-3.4028235e+38,5.057837,0.0,0.0,0.0,11392.184,0,1835,99
84.0,0.0,-9999.0,9.663007,-171.0,5.057837,0.0,0.0,6894.753,11312.002,0,976,1192
81.0,0.0,-9999.0,9.663007,-8.0,5.057837,0.0,0.0,6894.753,12370.439,0,1538,884
69.0,0.0,-9999.0,9.663007,-3.4028235e+38,5.057837,0.0,0.0,0.0,11876.444,0,2333,325
97.0,0.0,-9999.0,9.663007,-85.0,5.057837,0.0,0.0,6894.753,13631.533,0,1994,1590
64.0,0.0,-9999.0,9.663007,-3.4028235e+38,5.057837,0.0,0.0,0.0,11389.124,0,2321,77
64.0,0.0,-9999.0,9.663007,-3.4028235e+38,5.057837,0.0,0.0,6894.753,11826.144,0,38,1791
85.0,0.0,-9999.0,9.663007,-5.0,5.057837,0.0,0.0,6894.753,13276.579,0,2394,1033
266.0,17.432621,350.83765,10.825302,80.0,9.1342535,0.0,0.0,10549.062,13552.738,1,2331,1920
62.0,0.0,-9999.0,9.663007,-3.4028235e+38,5.057837,0.0,0.0,0.0,11473.181,0,93,263
82.0,0.0,-9999.0,9.663007,-173.0,5.057837,0.0,0.0,6894.753,11140.819,1,911,1265
80.0,0.0,-9999.0,9.663007,-9.0,5.057837,0.0,0.0,6894.753,11643.501,0,1179,837
78.0,0.0,-9999.0,9.663007,-177.0,5.057837,0.0,0.0,6894.753,11530.576,0,712,1625
69.0,0.0,-9999.0,9.663007,-3.4028235e+38,5.057837,0.0,0.0,0.0,11293.286,0,356,632
74.0,0.0,-9999.0,9.663007,-3.4028235e+38,5.057837,0.0,0.0,0.0,11181.803,1,734,647
83.0,0.0,-9999.0,9.663007,-172.0,5.057837,0.0,0.0,6894.753,11277.631,0,961,1245
63.0,0.0,-9999.0,9.663007,-3.4028235e+38,5.057837,0.0,0.0,0.0,11483.371,0,114,195
66.0,0.0,-9999.0,9.663007,-3.4028235e+38,5.057837,0.0,0.0,6894.753,11333.243,0,161,1430
95.0,0.0,-9999.0,9.663007,-87.0,5.057837,0.0,0.0,6894.753,12881.959,1,1495,1615
81.0,0.0,-9999.0,9.663007,-8.0,5.057837,0.0,0.0,6894.753,12749.572,0,1735,881
79.0,0.0,-9999.0,9.663007,-3.4028235e+38,5.057837,0.0,0.0,6894.753,11137.561,1,905,804
78.0,0.0,-9999.0,9.663007,-3.4028235e+38,5.057837,0.0,0.0,6894.753,12334.901,1,1603,774
97.0,0.0,-9999.0,9.663007,-158.0,5.057837,0.0,0.0,12083.636,13008.669,1,1534,1860
84.0,0.0,-9999.0,9.663007,-171.0,5.057837,0.0,0.0,6894.753,11805.864,1,949,1778
81.0,0.0,-9999.0,9.663007,-8.0,5.057837,0.0,0.0,6894.753,11269.812,0,973,900
94.0,0.0,-9999.0,9.663007,-88.0,5.057837,0.0,0.0,6894.753,13650.022,0,1846,1457
86.0,0.0,-9999.0,9.663007,-96.0,5.057837,0.0,0.0,6894.753,12796.938,0,1578,1129
96.0,0.0,-9999.0,9.663007,-159.0,5.057837,0.0,0.0,12211.447,12962.281,0,1502,1929
64.0,0.0,-9999.0,9.663007,-3.4028235e+38,5.057837,0.0,0.0,0.0,11376.147,0,1709,105
71.0,0.0,-9999.0,9.663007,-3.4028235e+38,5.057837,0.0,0.0,0.0,11276.796,1,478,517
74.0,0.0,-9999.0,9.663007,-3.4028235e+38,5.057837,0.0,0.0,0.0,11214.8125,1,627,628
83.0,0.0,-9999.0,9.663007,-6.0,5.057837,0.0,0.0,6894.753,11709.299,1,1170,989
66.0,0.0,-9999.0,9.663007,-3.4028235e+38,5.057837,0.0,0.0,6894.753,11996.813,0,129,1928
79.0,0.0,-9999.0,9.663007,-3.4028235e+38,5.057837,0.0,0.0,6894.753,12776.939,0,2408,778
66.0,0.0,-9999.0,9.663007,-3.4028235e+38,5.057837,0.0,0.0,0.0,11365.947,1,254,447
66.0,0.0,-9999.0,10.352969,-3.4028235e+38,5.7477994,0.0,0.0,0.0,11282.547,0,562,282
89.0,0.0,-9999.0,9.663007,-93.0,5.057837,0.0,0.0,6894.753,13592.855,0,1811,1258
69.0,0.0,-9999.0,9.663007,-3.4028235e+38,5.057837,0.0,0.0,6894.753,11659.472,0,284,1687
63.0,0.0,-9999.0,9.663007,-3.4028235e+38,5.057837,0.0,0.0,0.0,11413.764,0,325,104
75.0,0.0,-9999.0,9.663007,-3.4028235e+38,5.057837,0.0,0.0,0.0,11202.901,1,627,726
65.0,0.0,-9999.0,9.663007,-3.4028235e+38,5.057837,0.0,0.0,6894.753,11264.283,0,180,948
67.0,0.0,-9999.0,9.663007,-3.4028235e+38,5.057837,0.0,0.0,6894.753,11277.266,0,246,837
78.0,0.0,-9999.0,9.663007,-177.0,5.057837,0.0,0.0,6894.753,11694.657,1,698,1751
80.0,0.0,-9999.0,9.663007,-175.0,5.057837,0.0,0.0,6894.753,11230.181,1,793,1398
76.0,0.0,-9999.0,9.663007,-179.0,5.057837,0.0,0.0,6894.753,11181.31,0,614,1347
63.0,0.0,-9999.0,9.663007,-3.4028235e+38,5.057837,0.0,0.0,6894.753,11630.671,0,47,1645
72.0,0.0,-9999.0,9.663007,-3.4028235e+38,5.057837,0.0,0.0,6894.753,11160.524,0,457,1233
71.0,0.0,-9999.0,9.663007,-3.4028235e+38,5.057837,0.0,0.0,0.0,11232.438,0,632,469
77.0,0.0,-9999.0,9.663007,-3.4028235e+38,5.057837,0.0,0.0,0.0,11560.865,0,1175,701
84.0,0.0,-9999.0,9.663007,-6.0,5.057837,0.0,0.0,6894.753,11983.576,1,1284,1022
92.0,0.0,-9999.0,9.663007,-163.0,5.057837,0.0,0.0,6894.753,12553.794,1,1334,1707
74.0,0.0,-9999.0,9.846682,-3.4028235e+38,5.2415113,0.0,0.0,0.0,11160.357,0,812,633
77.0,0.0,-9999.0,9.663007,-3.4028235e+38,5.057837,0.0,0.0,0.0,11434.239,1,1086,734
75.0,0.0,-9999.0,9.663007,-3.4028235e+38,5.057837,0.0,0.0,0.0,11438.455,0,1123,607
64.0,0.0,-9999.0,10.263605,-3.4028235e+38,5.658435,0.0,0.0,6894.753,11310.19,1,139,806
90.0,0.0,-9999.0,9.663007,-72.0,5.057837,0.0,0.0,6894.753,13724.265,0,2371,1263
87.0,0.0,-9999.0,9.663007,-95.0,5.057837,0.0,0.0,6894.753,12976.424,1,1624,1172
70.0,0.0,-9999.0,9.663007,-3.4028235e+38,5.057837,0.0,0.0,0.0,11610.772,0,1433,384
84.0,0.0,-9999.0,9.663007,-6.0,5.057837,0.0,0.0,6894.753,13192.07,0,2227,1006
67.0,0.0,-9999.0,9.663007,-3.4028235e+38,5.057837,0.0,0.0,6894.753,11838.06,0,180,1813
81.0,0.0,-9999.0,9.663007,-174.0,5.057837,0.0,0.0,6894.753,11719.509,1,813,1781
62.0,0.0,-9999.0,9.663007,-3.4028235e+38,5.057837,0.0,0.0,0.0,11348.862,1,474,93
97.0,0.0,-9999.0,9.663007,-85.0,5.057837,0.0,0.0,6894.753,13589.017,1,1799,1615
80.0,0.0,-9999.0,9.663007,-3.4028235e+38,5.057837,0.0,0.0,6894.753,12783.545,0,2113,806
95.0,0.0,-9999.0,9.663007,-87.0,5.057837,0.0,0.0,6894.753,13607.518,1,1797,1543
87.0,0.0,-9999.0,9.663007,-168.0,5.057837,0.0,0.0,6894.753,12137.296,1,1101,1802
311.0,16.235792,285.94537,8.483841,125.0,6.725659,0.0,0.0,10545.468,13543.217,0,2328,1942
76.0,0.0,-9999.0,9.663007,-3.4028235e+38,5.057837,0.0,0.0,0.0,12509.114,0,2368,645
98.0,0.0,-9999.0,9.663007,-84.0,5.057837,0.0,0.0,10931.064,13664.11,0,2264,1626
83.0,0.0,-9999.0,9.663007,-99.0,5.057837,0.0,0.0,6894.753,11294.394,0,973,1109
97.0,0.0,-9999.0,9.663007,-85.0,5.057837,0.0,0.0,6894.753,13591.383,1,1813,1616
64.0,0.0,-9999.0,9.663007,-3.4028235e+38,5.057837,0.0,0.0,0.0,11225.997,0,1156,105
67.0,0.0,-9999.0,10.352969,-3.4028235e+38,5.7477994,0.0,0.0,6894.753,11869.189,0,185,1837
81.0,0.0,-9999.0,9.663007,-174.0,5.057837,0.0,0.0,6894.753,11119.471,0,871,1115
63.0,0.0,-9999.0,9.663007,-3.4028235e+38,5.057837,0.0,0.0,0.0,11438.512,1,127,341
80.0,0.0,-9999.0,9.663007,-9.0,5.057837,0.0,0.0,6894.753,12162.355,1,1452,849
67.0,0.0,-9999.0,9.663007,-3.4028235e+38,5.057837,0.0,0.0,0.0,11427.909,0,1363,257
102.0,0.0,-9999.0,9.663007,-84.0,5.057837,0.0,0.0,11462.581,13515.253,1,1825,1853
101.0,0.0,-9999.0,9.663007,-81.0,5.057837,0.0,0.0,10596.166,13591.056,1,2146,1764
69.0,0.0,-9999.0,9.663007,-3.4028235e+38,5.057837,0.0,0.0,0.0,11825.593,0,2242,304
63.0,0.0,-9999.0,9.663007,-3.4028235e+38,5.057837,0.0,0.0,6894.753,11266.226,0,52,1028
83.0,0.0,-9999.0,9.663007,-172.0,5.057837,0.0,0.0,6894.753,11599.042,1,934,1633
91.0,0.0,-9999.0,9.663007,-91.0,5.057837,0.0,0.0,6894.753,13695.497,0,1888,1303
67.0,0.0,-9999.0,9.663007,-3.4028235e+38,5.057837,0.0,0.0,0.0,11356.613,0,312,397
82.0,0.0,-9999.0,9.663007,-7.0,5.057837,0.0,0.0,6894.753,12956.362,0,2061,900
74.0,0.0,-9999.0,9.663007,-3.4028235e+38,5.057837,0.0,0.0,0.0,11173.433,0,928,559
76.0,0.0,-9999.0,9.663007,-3.4028235e+38,5.057837,0.0,0.0,0.0,11204.208,1,947,673
86.0,0.0,-9999.0,9.663007,-169.0,5.057837,0.0,0.0,6894.753,11985.471,1,1096,1649
84.0,0.0,-9999.0,9.663007,-171.0,5.057837,0.0,0.0,6894.753,11812.824,1,953,1777
70.0,0.0,-9999.0,9.663007,-3.4028235e+38,5.057837,0.0,0.0,0.0,11930.461,0,2325,353
101.0,0.0,-9999.0,9.663007,-85.0,5.057837,0.0,0.0,11780.689,13376.358,0,1733,1900
100.0,0.0,-9999.0,9.663007,-82.0,5.057837,0.0,0.0,6894.753,13607.04,1,2100,1704
93.0,0.0,-9999.0,9.663007,-162.0,5.057837,0.0,0.0,12419.482,12670.691,1,1343,1907
82.0,0.0,-9999.0,9.663007,-173.0,5.057837,0.0,0.0,6894.753,11456.808,1,914,1556
67.0,0.0,-9999.0,9.663007,-3.4028235e+38,5.057837,0.0,0.0,0.0,11206.875,0,997,247
67.0,0.0,-9999.0,9.663007,-3.4028235e+38,5.057837,0.0,0.0,6894.753,11540.146,0,219,1591
77.0,0.0,-9999.0,9.663007,-3.4028235e+38,5.057837,0.0,0.0,0.0,11414.021,0,1080,704
84.0,0.0,-9999.0,9.663007,-171.0,5.057837,0.0,0.0,6894.753,11668.845,0,993,1574
65.0,0.0,-9999.0,9.663007,-3.4028235e+38,5.057837,0.0,0.0,6894.753,11212.76,0,141,1171
63.0,0.0,-9999.0,9.663007,-3.4028235e+38,5.057837,0.0,0.0,0.0,11236.467,0,720,108
75.0,0.0,-9999.0,9.663007,-3.4028235e+38,5.057837,0.0,0.0,0.0,11270.034,1,999,604
70.0,0.0,-9999.0,9.663007,-3.4028235e+38,5.057837,0.0,0.0,6894.753,11601.388,0,356,1649
75.0,0.0,-9999.0,9.663007,-3.4028235e+38,5.057837,0.0,0.0,0.0,11944.4,0,1493,611
98.0,0.0,-9999.0,9.663007,-84.0,5.057837,0.0,0.0,10840.827,13646.616,1,2200,1643
70.0,0.0,-9999.0,9.663007,-3.4028235e+38,5.057837,0.0,0.0,0.0,11550.087,0,1357,390
63.0,0.0,-9999.0,9.663007,-3.4028235e+38,5.057837,0.0,0.0,0.0,11353.253,1,462,99
70.0,0.0,-9999.0,9.663007,-3.4028235e+38,5.057837,0.0,0.0,0.0,11285.542,1,422,569
99.0,0.0,-9999.0,9.663007,-83.0,5.057837,0.0,0.0,10776.062,13632.92,0,2169,1665
65.0,0.0,-9999.0,9.663007,-3.4028235e+38,5.057837,0.0,0.0,0.0,11336.079,1,161,686
96.0,0.0,-9999.0,9.663007,-86.0,5.057837,0.0,0.0,6894.753,13663.258,1,2055,1533
63.0,0.0,-9999.0,10.12172,-3.4028235e+38,5.5165496,0.0,0.0,0.0,11212.924,0,1119,98
94.0,0.0,-9999.0,9.663007,-88.0,5.057837,0.0,0.0,6894.753,13691.715,0,2031,1443
88.0,0.0,-9999.0,9.663007,-94.0,5.057837,0.0,0.0,6894.753,13426.888,1,1854,1166
99.0,0.0,-9999.0,9.663007,-83.0,5.057837,0.0,0.0,10759.104,13628.759,1,2182,1681
61.0,0.0,-9999.0,9.663007,-3.4028235e+38,5.057837,0.0,0.0,0.0,11571.258,0,14,44
64.0,0.0,-9999.0,9.663007,-3.4028235e+38,5.057837,0.0,0.0,0.0,11369.296,0,2343,66
76.0,0.0,-9999.0,9.663007,-3.4028235e+38,5.057837,0.0,0.0,0.0,11509.342,1,1146,688
89.0,0.0,-9999.0,9.663007,-93.0,5.057837,0.0,0.0,6894.753,12073.519,1,1230,1336
78.0,0.0,-9999.0,9.663007,-3.4028235e+38,5.057837,0.0,0.0,6894.753,12085.269,1,1454,779
64.0,0.0,-9999.0,9.663007,-3.4028235e+38,5.057837,0.0,0.0,6894.753,11193.762,0,64,1318
90.0,0.0,-9999.0,9.663007,-92.0,5.057837,0.0,0.0,6894.753,13460.176,1,1731,1291
72.0,0.0,-9999.0,9.663007,-3.4028235e+38,5.057837,0.0,0.0,0.0,11263.052,1,515,528
75.0,0.0,-9999.0,9.663007,-3.4028235e+38,5.057837,0.0,0.0,0.0,11207.413,0,606,734
66.0,0.0,-9999.0,9.663007,-3.4028235e+38,5.057837,0.0,0.0,6894.753,11820.083,0,110,1793
81.0,0.0,-9999.0,9.663007,-8.0,5.057837,0.0,0.0,6894.753,11508.585,1,1094,896
79.0,0.0,-9999.0,9.663007,-10.0,5.057837,0.0,0.0,6894.753,11635.763,1,1180,820
80.0,0.0,-9999.0,9.663007,-9.0,5.057837,0.0,0.0,6894.753,11145.67,1,910,847
95.0,0.0,-9999.0,9.663007,-160.0,5.057837,0.0,0.0,6894.753,12878.039,1,1475,1784
75.0,0.0,-9999.0,9.663007,-3.4028235e+38,5.057837,0.0,0.0,0.0,12179.724,0,1645,629
90.0,0.0,-9999.0,9.663007,-92.0,5.057837,0.0,0.0,6894.753,12144.106,1,1265,1294
71.0,0.0,-9999.0,9.663007,-3.4028235e+38,5.057837,0.0,0.0,6894.753,11894.481,0,341,1871
100.0,0.0,-9999.0,9.663007,-82.0,5.057837,0.0,0.0,10682.01,13611.29,1,2165,1719
76.0,0.0,-9999.0,9.663007,-179.0,5.057837,0.0,0.0,6894.753,11819.608,0,564,1835
63.0,0.0,-9999.0,9.663007,-3.4028235e+38,5.057837,0.0,0.0,0.0,11215.25,0,1212,64
77.0,0.0,-9999.0,9.663007,-178.0,5.057837,0.0,0.0,6894.753,11158.757,0,691,992
86.0,0.0,-9999.0,9.663007,-169.0,5.057837,0.0,0.0,6894.753,11685.14,1,1070,1401
75.0,0.0,-9999.0,9.663007,-3.4028235e+38,5.057837,0.0,0.0,0.0,12342.621,0,1963,589
76.0,0.0,-9999.0,9.663007,-3.4028235e+38,5.057837,0.0,0.0,0.0,12485.285,0,2178,647
62.0,0.0,-9999.0,9.663007,-3.4028235e+38,5.057837,0.0,0.0,0.0,11222.386,0,1751,13
94.0,0.0,-9999.0,9.663007,-88.0,5.057837,0.0,0.0,6894.753,13405.504,0,1710,1474
73.0,0.0,-9999.0,9.663007,-3.4028235e+38,5.057837,0.0,0.0,0.0,11211.416,0,660,572
83.0,0.0,-9999.0,9.663007,-7.0,5.057837,0.0,0.0,6894.753,12115.951,1,1355,993
82.0,0.0,-9999.0,9.663007,-7.0,5.057837,0.0,0.0,6894.753,12169.7,1,1401,948
68.0,0.0,-9999.0,9.663007,-3.4028235e+38,5.057837,0.0,0.0,6894.753,11389.728,0,244,1479
85.0,0.0,-9999.0,9.663007,-170.0,5.057837,0.0,0.0,6894.753,11543.278,1,1053,1295
74.0,0.0,-9999.0,9.663007,-3.4028235e+38,5.057837,0.0,0.0,0.0,12229.247,0,2005,527
69.0,0.0,-9999.0,9.663007,-3.4028235e+38,5.057837,0.0,0.0,0.0,11709.052,0,1640,331
81.0,0.0,-9999.0,9.663007,-174.0,5.057837,0.0,0.0,6894.753,11119.895,0,860,1138
91.0,0.0,-9999.0,9.663007,-164.0,5.057837,0.0,0.0,12472.362,12526.549,1,1273,1878
91.0,0.0,-9999.0,9.663007,-91.0,5.057837,0.0,0.0,6894.753,13289.062,1,1661,1350
78.0,0.0,-9999.0,9.663007,-177.0,5.057837,0.0,0.0,6894.753,11709.005,1,675,1760
92.0,0.0,-9999.0,9.663007,-90.0,5.057837,0.0,0.0,6894.753,13710.843,0,2004,1375
99.0,0.0,-9999.0,9.663007,-83.0,5.057837,0.0,0.0,6894.753,13442.588,0,1745,1706
77.0,0.0,-9999.0,9.663007,-3.4028235e+38,5.057837,0.0,0.0,0.0,11730.491,0,1286,697
64.0,0.0,-9999.0,9.663007,-3.4028235e+38,5.057837,0.0,0.0,0.0,11217.853,0,753,154
80.0,0.0,-9999.0,9.663007,-9.0,5.057837,0.0,0.0,6894.753,12280.653,0,1501,870
94.0,0.0,-9999.0,9.663007,-88.0,5.057837,0.0,0.0,6894.753,12849.034,1,1492,1498
90.0,0.0,-9999.0,9.663007,-92.0,5.057837,0.0,0.0,6894.753,13001.814,1,1567,1295
87.0,0.0,-9999.0,9.663007,-168.0,5.057837,0.0,0.0,6894.753,12075.912,1,1143,1630
90.0,0.0,-9999.0,9.663007,-165.0,5.057837,0.0,0.0,6894.753,12392.739,1,1263,1695
85.0,0.0,-9999.0,9.663007,-170.0,5.057837,0.0,0.0,6894.753,11839.87,1,1043,1624
92.0,0.0,-9999.0,9.663007,-163.0,5.057837,0.0,0.0,6894.753,12563.337,0,1318,1790
84.0,0.0,-9999.0,9.663007,-171.0,5.057837,0.0,0.0,6894.753,11349.082,0,979,1322
64.0,0.0,-9999.0,9.663007,-3.4028235e+38,5.057837,0.0,0.0,6894.753,11262.989,0,125,993
103.0,0.0,-9999.0,9.663007,-83.0,5.057837,0.0,0.0,10531.955,13550.084,0,2148,1871
75.0,0.0,-9999.0,9.663007,-180.0,5.057837,0.0,0.0,6894.753,11136.308,0,596,1311
90.0,0.0,-9999.0,9.663007,-165.0,5.057837,0.0,0.0,6894.753,12378.629,1,1258,1690
100.0,0.0,-9999.0,9.663007,-155.0,5.057837,0.0,0.0,11924.143,13297.376,0,1692,1933
79.0,0.0,-9999.0,9.868055,-176.0,5.262885,0.0,0.0,6894.753,11122.899,1,780,1247
96.0,0.0,-9999.0,9.663007,-86.0,5.057837,0.0,0.0,6894.753,13323.228,1,1684,1601
78.0,0.0,-9999.0,9.663007,-3.4028235e+38,5.057837,0.0,0.0,6894.753,11560.515,0,1161,742
75.0,0.0,-9999.0,9.663007,-3.4028235e+38,5.057837,0.0,0.0,0.0,12349.493,0,1971,592
84.0,0.0,-9999.0,9.663007,-171.0,5.057837,0.0,0.0,6894.753,11894.564,0,936,1873
98.0,0.0,-9999.0,9.663007,-84.0,5.057837,0.0,0.0,10899.458,13659.199,1,2209,1615
91.0,0.0,-9999.0,9.663007,-71.0,5.057837,0.0,0.0,6894.753,13817.603,0,2387,1315
89.0,0.0,-9999.0,9.663007,-166.0,5.057837,0.0,0.0,6894.753,12391.449,0,1168,1953
62.0,0.0,-9999.0,9.663007,-3.4028235e+38,5.057837,0.0,0.0,0.0,11441.223,1,60,419
84.0,0.0,-9999.0,9.663007,-171.0,5.057837,0.0,0.0,6894.753,11606.486,1,983,1540
73.0,0.0,-9999.0,9.663007,-3.4028235e+38,5.057837,0.0,0.0,0.0,12034.872,0,1670,518
76.0,0.0,-9999.0,9.663007,-3.4028235e+38,5.057837,0.0,0.0,0.0,11194.647,1,941,661
94.0,0.8102307,315.0,9.069552,-88.0,5.057837,0.0,0.0,6894.753,13102.593,0,1592,1501
83.0,0.0,-9999.0,9.663007,-7.0,5.057837,0.0,0.0,6894.753,12408.733,1,1485,1000
90.0,1.8112481,288.43494,8.629378,-165.0,5.057837,0.0,0.0,6894.753,12359.332,0,1248,1694
83.0,0.0,-9999.0,9.663007,-6.0,5.057837,0.0,0.0,6894.753,11729.461,1,1179,990
65.0,0.0,-9999.0,9.663007,-3.4028235e+38,5.057837,0.0,0.0,6894.753,11310.383,1,162,784
90.0,0.0,-9999.0,9.663007,-92.0,5.057837,0.0,0.0,6894.753,13643.796,1,1931,1271
88.0,0.0,-9999.0,9.663007,-94.0,5.057837,0.0,0.0,6894.753,11854.351,1,1159,1313
78.0,0.0,-9999.0,9.663007,-3.4028235e+38,5.057837,0.0,0.0,6894.753,11808.123,1,1291,784
91.0,0.0,-9999.0,9.663007,-91.0,5.057837,0.0,0.0,6894.753,12395.546,1,1339,1365
83.0,0.0,-9999.0,9.663007,-172.0,5.057837,0.0,0.0,6894.753,11251.625,0,954,1155
82.0,0.0,-9999.0,9.663007,-173.0,5.057837,0.0,0.0,6894.753,11192.457,1,913,1347
69.0,0.0,-9999.0,9.663007,-3.4028235e+38,5.057837,0.0,0.0,0.0,11273.117,1,359,728
76.0,0.0,-9999.0,9.663007,-3.4028235e+38,5.057837,0.0,0.0,0.0,11427.93,0,1096,675
98.0,0.0,-9999.0,9.663007,-84.0,5.057837,0.0,0.0,11053.502,13686.208,0,2385,1622
65.0,0.0,-9999.0,9.663007,-3.4028235e+38,5.057837,0.0,0.0,6894.753,11274.684,0,150,931
79.0,0.0,-9999.0,9.663007,-10.0,5.057837,0.0,0.0,6894.753,11209.629,1,945,820
94.0,0.0,-9999.0,9.663007,-88.0,5.057837,0.0,0.0,6894.753,12872.134,1,1502,1487
68.0,0.0,-9999.0,9.663007,-3.4028235e+38,5.057837,0.0,0.0,0.0,11268.61,0,574,349
81.0,0.0,-9999.0,9.663007,-174.0,5.057837,0.0,0.0,6894.753,11743.1875,1,787,1797
77.0,0.0,-9999.0,9.663007,-178.0,5.057837,0.0,0.0,6894.753,11148.551,0,722,1040
62.0,0.0,-9999.0,9.663007,-3.4028235e+38,5.057837,0.0,0.0,0.0,11215.239,0,1265,51
98.0,0.0,-9999.0,9.663007,-84.0,5.057837,0.0,0.0,6894.753,13451.101,1,1744,1659
63.0,0.0,-9999.0,9.663007,-3.4028235e+38,5.057837,0.0,0.0,0.0,11459.683,0,211,125
101.0,0.0,-9999.0,9.663007,-81.0,5.057837,0.0,0.0,6894.753,13579.231,1,2085,1772
84.0,0.0,-9999.0,9.663007,-171.0,5.057837,0.0,0.0,6894.753,11292.564,1,965,1285
84.0,0.0,-9999.0,9.663007,-6.0,5.057837,0.0,0.0,6894.753,13073.102,0,1758,1035
71.0,0.0,-9999.0,9.663007,-3.4028235e+38,5.057837,0.0,0.0,6894.753,11197.101,0,435,1042
83.0,0.0,-9999.0,9.663007,-172.0,5.057837,0.0,0.0,6894.753,11746.933,0,947,1732
102.0,0.0,-9999.0,9.663007,-80.0,5.057837,0.0,0.0,10814.286,13551.626,0,2030,1826
65.0,0.0,-9999.0,9.663007,-3.4028235e+38,5.057837,0.0,0.0,0.0,11425.486,1,242,212
0.0,-9999.0,-9999.0,-3.4028235e+38,-3.4028235e+38,-3.4028235e+38,0.0,0.0,0.0,11199.298,0,1622,4
72.0,0.0,-9999.0,9.663007,-3.4028235e+38,5.057837,0.0,0.0,0.0,12039.959,0,2030,427
84.0,0.0,-9999.0,9.663007,-171.0,5.057837,0.0,0.0,6894.753,11802.986,1,947,1779
94.0,0.0,-9999.0,9.663007,-88.0,5.057837,0.0,0.0,6894.753,12877.041,1,1504,1486
63.0,0.0,-9999.0,9.663007,-3.4028235e+38,5.057837,0.0,0.0,0.0,11353.356,0,68,715
89.0,0.0,-9999.0,9.663007,-93.0,5.057837,0.0,0.0,6894.753,11984.358,1,1208,1297
83.0,0.0,-9999.0,9.663007,-6.0,5.057837,0.0,0.0,6894.753,11700.638,1,1169,977
90.0,0.0,-9999.0,9.663007,-92.0,5.057837,0.0,0.0,6894.753,12133.519,1,1254,1324
92.0,0.0,-9999.0,9.663007,-90.0,5.057837,0.0,0.0,6894.753,13781.6455,0,2286,1348
88.0,0.0,-9999.0,9.663007,-167.0,5.057837,0.0,0.0,6894.753,12113.05,0,1183,1559
71.0,0.0,-9999.0,9.663007,-3.4028235e+38,5.057837,0.0,0.0,0.0,11962.131,0,1810,400
100.0,0.0,-9999.0,9.663007,-82.0,5.057837,0.0,0.0,10700.4795,13615.495,1,2190,1718
84.0,0.0,-9999.0,9.663007,-6.0,5.057837,0.0,0.0,6894.753,13170.584,0,2051,1012
75.0,0.0,-9999.0,9.663007,-3.4028235e+38,5.057837,0.0,0.0,0.0,11346.109,1,1051,625
62.0,0.0,-9999.0,9.663007,-3.4028235e+38,5.057837,0.0,0.0,0.0,11197.83,0,1178,44
81.0,0.0,-9999.0,9.663007,-8.0,5.057837,0.0,0.0,6894.753,12547.701,1,1609,910
65.0,0.0,-9999.0,9.663007,-3.4028235e+38,5.057837,0.0,0.0,0.0,11349.262,0,183,610
94.0,0.0,-9999.0,9.663007,-88.0,5.057837,0.0,0.0,6894.753,13644.938,0,1812,1452
100.0,0.0,-9999.0,9.663007,-82.0,5.057837,0.0,0.0,6894.753,13609.761,1,2120,1705
76.0,0.0,-9999.0,9.663007,-3.4028235e+38,5.057837,0.0,0.0,0.0,11827.789,0,1379,650
65.0,0.0,-9999.0,9.663007,-3.4028235e+38,5.057837,0.0,0.0,0.0,11416.754,0,258,221
74.0,0.0,-9999.0,9.663007,-181.0,5.057837,0.0,0.0,6894.753,11179.445,0,536,1340
93.0,0.0,-9999.0,9.663007,-162.0,5.057837,0.0,0.0,6894.753,12613.121,0,1335,1821
74.0,0.0,-9999.0,9.663007,-181.0,5.057837,0.0,0.0,6894.753,11193.013,0,579,892
90.0,0.0,-9999.0,9.663007,-92.0,5.057837,0.0,0.0,6894.753,13632.044,1,1921,1266
99.0,0.0,-9999.0,9.663007,-83.0,5.057837,0.0,0.0,10881.05,13653.564,1,2289,1662
68.0,0.0,-9999.0,9.663007,-3.4028235e+38,5.057837,0.0,0.0,0.0,11703.698,0,2057,251
78.0,0.0,-9999.0,9.663007,-3.4028235e+38,5.057837,0.0,0.0,6894.753,12202.003,1,1527,772
80.0,0.0,-9999.0,9.663007,-9.0,5.057837,0.0,0.0,6894.753,11891.58,0,1309,846
74.0,0.0,-9999.0,9.663007,-3.4028235e+38,5.057837,0.0,0.0,0.0,11407.701,0,1112,569
78.0,0.0,-9999.0,9.663007,-3.4028235e+38,5.057837,0.0,0.0,6894.753,12000.645,1,1408,774
71.0,0.0,-9999.0,9.663007,-3.4028235e+38,5.057837,0.0,0.0,6894.753,11234.421,1,455,806
76.0,0.0,-9999.0,9.663007,-3.4028235e+38,5.057837,0.0,0.0,0.0,11158.201,0,806,690
76.0,0.0,-9999.0,9.663007,-3.4028235e+38,5.057837,0.0,0.0,0.0,12441.632,0,2226,621
86.0,0.0,-9999.0,9.663007,-96.0,5.057837,0.0,0.0,6894.753,13030.145,1,1676,1123
71.0,0.0,-9999.0,9.663007,-3.4028235e+38,5.057837,0.0,0.0,6894.753,11249.003,0,442,741
96.0,0.0,-9999.0,9.663007,-159.0,5.057837,0.0,0.0,6894.753,12957.884,1,1511,1821
94.0,0.0,-9999.0,9.663007,-88.0,5.057837,0.0,0.0,6894.753,13346.349,1,1689,1513
63.0,0.0,-9999.0,9.663007,-3.4028235e+38,5.057837,0.0,0.0,0.0,11208.585,0,1137,79
81.0,0.0,-9999.0,9.663007,-8.0,5.057837,0.0,0.0,6894.753,12912.981,1,1803,901
64.0,0.0,-9999.0,9.663007,-3.4028235e+38,5.057837,0.0,0.0,6894.753,11911.516,0,5,1852
90.0,0.0,-9999.0,9.663007,-92.0,5.057837,0.0,0.0,6894.753,13478.534,1,1735,1295
78.0,0.0,-9999.0,9.663007,-3.4028235e+38,5.057837,0.0,0.0,6894.753,11895.469,1,1356,757
96.0,0.0,-9999.0,9.663007,-86.0,5.057837,0.0,0.0,6894.753,13644.61,1,1983,1548
82.0,0.0,-9999.0,9.663007,-173.0,5.057837,0.0,0.0,6894.753,11113.264,0,893,1314
83.0,0.0,-9999.0,9.663007,-172.0,5.057837,0.0,0.0,6894.753,11671.421,1,927,1705
87.0,0.0,-9999.0,9.663007,-168.0,5.057837,0.0,0.0,6894.753,12061.777,0,1106,1708
70.0,0.0,-9999.0,9.663007,-3.4028235e+38,5.057837,0.0,0.0,0.0,11931.758,0,2146,364
71.0,0.0,-9999.0,9.663007,-3.4028235e+38,5.057837,0.0,0.0,0.0,11267.954,1,527,470
68.0,0.0,-9999.0,9.663007,-3.4028235e+38,5.057837,0.0,0.0,0.0,11497.332,0,1413,294
94.0,0.0,-9999.0,9.663007,-161.0,5.057837,0.0,0.0,12251.68,12760.397,0,1404,1853
86.0,0.0,-9999.0,9.663007,-4.0,5.057837,0.0,0.0,6894.753,13320.085,1,1806,1115
82.0,0.0,-9999.0,9.663007,-173.0,5.057837,0.0,0.0,6894.753,11140.829,1,885,1335
69.0,0.0,-9999.0,9.663007,-3.4028235e+38,5.057837,0.0,0.0,6894.753,11207.285,0,356,1058
85.0,0.0,-9999.0,9.663007,-170.0,5.057837,0.0,0.0,6894.753,11528.812,1,1048,1294
91.0,0.0,-9999.0,9.663007,-91.0,5.057837,0.0,0.0,6894.753,13786.166,0,2287,1304
63.0,0.0,-9999.0,9.663007,-3.4028235e+38,5.057837,0.0,0.0,0.0,11292.947,0,2372,26
95.0,0.0,-9999.0,10.001798,-87.0,5.3966274,0.0,0.0,11305.885,13732.199,0,2396,1519
66.0,0.0,-9999.0,9.663007,-3.4028235e+38,5.057837,0.0,0.0,6894.753,11624.013,0,154,1649
74.0,0.0,-9999.0,9.663007,-3.4028235e+38,5.057837,0.0,0.0,6894.753,11982.05,0,464,1950
71.0,0.0,-9999.0,9.663007,-3.4028235e+38,5.057837,0.0,0.0,0.0,11172.168,1,806,486
74.0,0.0,-9999.0,9.663007,-3.4028235e+38,5.057837,0.0,0.0,0.0,11225.518,1,594,620
83.0,0.0,-9999.0,9.663007,-172.0,5.057837,0.0,0.0,6894.753,11225.5625,1,941,1297
62.0,0.0,-9999.0,9.663007,-3.4028235e+38,5.057837,0.0,0.0,0.0,11456.7,1,252,60
83.0,0.0,-9999.0,9.663007,-172.0,5.057837,0.0,0.0,6894.753,11358.023,1,938,1426
81.0,0.0,-9999.0,9.663007,-174.0,5.057837,0.0,0.0,6894.753,11179.086,0,845,1362
73.0,0.0,-9999.0,9.663007,-3.4028235e+38,5.057837,0.0,0.0,0.0,11222.604,1,625,569
80.0,0.0,-9999.0,9.663007,-175.0,5.057837,0.0,0.0,6894.753,11120.795,1,798,1249
91.0,0.0,-9999.0,9.663007,-91.0,5.057837,0.0,0.0,6894.753,13303.779,0,1667,1373
80.0,0.0,-9999.0,9.663007,-9.0,5.057837,0.0,0.0,6894.753,12699.88,0,1732,856
93.0,0.0,-9999.0,9.663007,-162.0,5.057837,0.0,0.0,6894.753,12675.151,0,1380,1759
66.0,0.0,-9999.0,9.663007,-3.4028235e+38,5.057837,0.0,0.0,0.0,11585.674,0,2242,181
79.0,0.0,-9999.0,9.663007,-3.4028235e+38,5.057837,0.0,0.0,6894.753,11547.625,0,1139,791
75.0,0.0,-9999.0,10.12172,-3.4028235e+38,5.5165496,0.0,0.0,0.0,11176.706,1,929,648
99.0,0.0,-9999.0,9.663007,-156.0,5.057837,0.0,0.0,6894.753,13185.096,1,1627,1822
91.0,0.0,-9999.0,9.663007,-91.0,5.057837,0.0,0.0,6894.753,12853.194,1,1504,1367
62.0,0.0,-9999.0,9.663007,-3.4028235e+38,5.057837,0.0,0.0,0.0,11202.573,0,1464,14
74.0,0.0,-9999.0,9.663007,-3.4028235e+38,5.057837,0.0,0.0,0.0,12265.816,0,1797,562
71.0,0.0,-9999.0,9.663007,-3.4028235e+38,5.057837,0.0,0.0,0.0,11267.547,1,455,614
69.0,0.0,-9999.0,9.663007,-3.4028235e+38,5.057837,0.0,0.0,6894.753,11384.769,0,306,1480
83.0,0.0,-9999.0,9.663007,-172.0,5.057837,0.0,0.0,6894.753,11662.62,1,954,1648
70.0,0.0,-9999.0,9.663007,-3.4028235e+38,5.057837,0.0,0.0,0.0,11802.177,0,1626,399
96.0,0.0,-9999.0,9.663007,-86.0,5.057837,0.0,0.0,6894.753,13017.52,0,1552,1641
96.0,0.0,-9999.0,9.663007,-86.0,5.057837,0.0,0.0,10990.174,13684.491,0,2145,1521
62.0,0.0,-9999.0,9.663007,-3.4028235e+38,5.057837,0.0,0.0,0.0,11208.378,0,788,77
88.0,0.0,-9999.0,10.815497,-167.0,6.2103276,0.0,0.0,6894.753,12321.923,0,1148,1911
71.0,0.0,-9999.0,9.663007,-3.4028235e+38,5.057837,0.0,0.0,6894.753,11216.374,0,435,934
102.0,0.0,-9999.0,9.663007,-80.0,5.057837,0.0,0.0,10513.125,13564.393,0,2160,1838
90.0,0.0,-9999.0,9.663007,-92.0,5.057837,0.0,0.0,6894.753,13385.124,1,1695,1307
89.0,0.0,-9999.0,9.663007,-166.0,5.057837,0.0,0.0,6894.753,12310.819,0,1193,1789
66.0,0.0,-9999.0,9.663007,-3.4028235e+38,5.057837,0.0,0.0,0.0,11350.858,0,270,489
63.0,0.0,-9999.0,9.663007,-3.4028235e+38,5.057837,0.0,0.0,0.0,11476.86,1,175,120
79.0,0.0,-9999.0,9.663007,-3.4028235e+38,5.057837,0.0,0.0,6894.753,12329.279,1,1583,794
95.0,0.0,-9999.0,9.663007,-87.0,5.057837,0.0,0.0,6894.753,13520.199,1,1761,1539
64.0,0.0,-9999.0,9.663007,-3.4028235e+38,5.057837,0.0,0.0,0.0,11310.246,0,531,179
87.0,0.0,-9999.0,9.663007,-168.0,5.057837,0.0,0.0,6894.753,12031.367,1,1137,1594
71.0,0.0,-9999.0,9.663007,-3.4028235e+38,5.057837,0.0,0.0,0.0,11268.239,0,511,503
87.0,0.0,-9999.0,9.663007,-168.0,5.057837,0.0,0.0,6894.753,11862.023,1,1122,1442
80.0,0.0,-9999.0,9.663007,-9.0,5.057837,0.0,0.0,6894.753,11194.104,0,936,841
74.0,0.0,-9999.0,9.663007,-3.4028235e+38,5.057837,0.0,0.0,0.0,11218.516,1,619,617
62.0,0.0,-9999.0,9.663007,-3.4028235e+38,5.057837,0.0,0.0,0.0,11469.285,1,54,330
70.0,0.0,-9999.0,9.663007,-3.4028235e+38,5.057837,0.0,0.0,6894.753,11466.339,0,343,1545
300.0,7.42855,237.52881,8.955154,114.0,6.481609,0.0,0.0,10543.397,13553.124,1,2363,1928
99.0,0.0,-9999.0,9.663007,-156.0,5.057837,0.0,0.0,11984.6875,13150.428,0,1609,1864
104.0,0.0,-9999.0,9.663007,-82.0,5.057837,0.0,0.0,10690.965,13522.688,0,2095,1926
74.0,0.0,-9999.0,9.663007,-3.4028235e+38,5.057837,0.0,0.0,0.0,11217.924,1,621,617
85.0,0.0,-9999.0,9.663007,-5.0,5.057837,0.0,0.0,6894.753,13187.169,0,1846,1041
61.0,0.0,-9999.0,9.663007,-3.4028235e+38,5.057837,0.0,0.0,0.0,11475.417,1,34,335
71.0,0.0,-9999.0,9.663007,-3.4028235e+38,5.057837,0.0,0.0,0.0,11165.073,0,922,447
72.0,0.0,-9999.0,9.663007,-3.4028235e+38,5.057837,0.0,0.0,6894.753,11242.702,0,445,1382
87.0,0.0,-9999.0,9.663007,-168.0,5.057837,0.0,0.0,6894.753,11773.7705,1,1121,1345
87.0,0.0,-9999.0,9.663007,-168.0,5.057837,0.0,0.0,6894.753,12195.513,0,1083,1901
62.0,0.0,-9999.0,9.663007,-3.4028235e+38,5.057837,0.0,0.0,0.0,11345.582,1,482,91
79.0,0.0,-9999.0,9.663007,-176.0,5.057837,0.0,0.0,6894.753,11922.3,0,733,1931
64.0,0.0,-9999.0,9.663007,-3.4028235e+38,5.057837,0.0,0.0,0.0,11414.488,1,166,377
67.0,0.0,-9999.0,9.663007,-3.4028235e+38,5.057837,0.0,0.0,0.0,11610.936,0,1630,272
80.0,0.0,-9999.0,9.663007,-9.0,5.057837,0.0,0.0,6894.753,11175.485,1,926,839
105.0,0.0,-9999.0,9.663007,-81.0,5.057837,0.0,0.0,11110.951,13502.809,1,1961,1938
73.0,0.0,-9999.0,9.663007,-3.4028235e+38,5.057837,0.0,0.0,0.0,11246.347,1,531,605
98.0,0.0,-9999.0,9.663007,-157.0,5.057837,0.0,0.0,12111.198,13080.805,0,1569,1931
86.0,0.0,-9999.0,9.663007,-96.0,5.057837,0.0,0.0,6894.753,12410.416,1,1423,1127
0.0,-9999.0,-9999.0,-3.4028235e+38,-3.4028235e+38,-3.4028235e+38,0.0,0.0,6894.753,11300.59,0,1,945
77.0,0.0,-9999.0,9.663007,-178.0,5.057837,0.0,0.0,6894.753,11841.995,0,634,1859
87.0,0.0,-9999.0,9.663007,-168.0,5.057837,0.0,0.0,6894.753,12160.014,0,1072,1885
64.0,0.0,-9999.0,9.663007,-3.4028235e+38,5.057837,0.0,0.0,0.0,11329.112,0,1478,118
73.0,0.0,-9999.0,9.663007,-3.4028235e+38,5.057837,0.0,0.0,0.0,12068.511,0,1667,541
63.0,0.0,-9999.0,9.663007,-3.4028235e+38,5.057837,0.0,0.0,0.0,11465.518,1,210,103
64.0,0.0,-9999.0,9.663007,-3.4028235e+38,5.057837,0.0,0.0,6894.753,11279.275,0,122,935
76.0,0.0,-9999.0,9.663007,-3.4028235e+38,5.057837,0.0,0.0,0.0,11390.742,0,1071,676
62.0,0.0,-9999.0,9.663007,-3.4028235e+38,5.057837,0.0,0.0,0.0,11490.091,1,75,229
82.0,0.0,-9999.0,9.663007,-7.0,5.057837,0.0,0.0,6894.753,12236.162,1,1426,961
76.0,0.0,-9999.0,9.663007,-3.4028235e+38,5.057837,0.0,0.0,0.0,11173.84,1,927,649
66.0,0.0,-9999.0,9.663007,-3.4028235e+38,5.057837,0.0,0.0,0.0,11515.91,0,2225,146
71.0,0.0,-9999.0,9.663007,-3.4028235e+38,5.057837,0.0,0.0,0.0,11829.824,0,1578,449
85.0,0.0,-9999.0,9.663007,-170.0,5.057837,0.0,0.0,6894.753,11796.899,1,1051,1563
80.0,0.0,-9999.0,9.663007,-9.0,5.057837,0.0,0.0,6894.753,11573.332,1,1138,849
90.0,0.0,-9999.0,9.663007,-165.0,5.057837,0.0,0.0,6894.753,12322.792,1,1272,1549
78.0,0.0,-9999.0,9.663007,-177.0,5.057837,0.0,0.0,6894.753,11627.371,1,711,1700
74.0,0.0,-9999.0,9.663007,-3.4028235e+38,5.057837,0.0,0.0,0.0,11337.25,0,1059,559
83.0,0.0,-9999.0,9.663007,-6.0,5.057837,0.0,0.0,6894.753,11649.531,1,1143,987
90.0,0.0,-9999.0,9.663007,-92.0,5.057837,0.0,0.0,6894.753,12657.531,1,1437,1335
101.0,0.0,-9999.0,9.663007,-81.0,5.057837,0.0,0.0,6894.753,13565.776,0,2019,1783
98.0,0.0,-9999.0,10.815497,-84.0,6.2103276,0.0,0.0,6894.753,13605.194,1,1980,1657
72.0,0.0,-9999.0,9.663007,-3.4028235e+38,5.057837,0.0,0.0,0.0,11607.771,0,1309,509
102.0,0.0,-9999.0,9.663007,-80.0,5.057837,0.0,0.0,10528.946,13577.987,1,2209,1820
89.0,0.0,-9999.0,9.663007,-166.0,5.057837,0.0,0.0,6894.753,12299.701,1,1175,1821
75.0,0.0,-9999.0,9.663007,-3.4028235e+38,5.057837,0.0,0.0,0.0,12324.156,0,1996,577
100.0,0.0,-9999.0,9.663007,-82.0,5.057837,0.0,0.0,10712.067,13618.105,1,2184,1709
91.0,0.0,-9999.0,9.663007,-91.0,5.057837,0.0,0.0,6894.753,12371.2295,0,1328,1377
66.0,0.0,-9999.0,9.663007,-3.4028235e+38,5.057837,0.0,0.0,0.0,11360.043,0,384,245
63.0,0.0,-9999.0,9.663007,-3.4028235e+38,5.057837,0.0,0.0,0.0,11340.715,1,487,107
91.0,0.0,-9999.0,9.663007,-91.0,5.057837,0.0,0.0,6894.753,12389.977,0,1335,1376
82.0,0.0,-9999.0,9.663007,-7.0,5.057837,0.0,0.0,6894.753,12920.088,1,1811,904
83.0,0.0,-9999.0,9.663007,-172.0,5.057837,0.0,0.0,6894.753,11278.664,1,960,1287
82.0,0.0,-9999.0,9.663007,-173.0,5.057837,0.0,0.0,6894.753,11700.288,0,845,1769
77.0,0.0,-9999.0,9.663007,-3.4028235e+38,5.057837,0.0,0.0,6894.753,11171.684,1,724,787
94.0,0.0,-9999.0,9.663007,-161.0,5.057837,0.0,0.0,6894.753,12806.562,0,1452,1699
70.0,0.0,-9999.0,9.663007,-3.4028235e+38,5.057837,0.0,0.0,0.0,11284.891,1,406,599
79.0,0.0,-9999.0,9.663007,-3.4028235e+38,5.057837,0.0,0.0,6894.753,11185.852,1,932,813
92.0,0.0,-9999.0,9.663007,-90.0,5.057837,0.0,0.0,6894.753,13767.489,0,2228,1352
85.0,0.0,-9999.0,9.663007,-97.0,5.057837,0.0,0.0,6894.753,12161.746,1,1336,1090
86.0,0.0,-9999.0,9.663007,-4.0,5.057837,0.0,0.0,6894.753,13282.561,1,1934,1082
64.0,0.0,-9999.0,9.663007,-3.4028235e+38,5.057837,0.0,0.0,0.0,11193.136,0,811,148
74.0,0.0,-9999.0,9.663007,-181.0,5.057837,0.0,0.0,6894.753,11174.387,0,576,1033
65.0,0.0,-9999.0,9.663007,-3.4028235e+38,5.057837,0.0,0.0,0.0,11225.582,0,726,197
73.0,0.0,-9999.0,9.663007,-3.4028235e+38,5.057837,0.0,0.0,6894.753,11143.991,0,497,1308
86.0,0.0,-9999.0,9.663007,-96.0,5.057837,0.0,0.0,6894.753,11592.424,0,1085,1179
79.0,0.0,-9999.0,9.663007,-10.0,5.057837,0.0,0.0,6894.753,11871.765,1,1306,829
71.0,0.0,-9999.0,10.19272,-3.4028235e+38,5.58755,0.0,0.0,6894.753,11176.896,0,430,1159
104.0,0.0,-9999.0,9.663007,-82.0,5.057837,0.0,0.0,11130.257,13518.482,0,1942,1887
94.0,0.0,-9999.0,9.663007,-161.0,5.057837,0.0,0.0,6894.753,12737.197,1,1403,1797
96.0,0.0,-9999.0,9.663007,-86.0,5.057837,0.0,0.0,6894.753,12935.521,0,1519,1602
86.0,0.0,-9999.0,9.663007,-4.0,5.057837,0.0,0.0,6894.753,13362.005,0,2388,1077
80.0,0.0,-9999.0,9.663007,-9.0,5.057837,0.0,0.0,6894.753,11203.008,1,941,833
77.0,0.0,-9999.0,9.663007,-3.4028235e+38,5.057837,0.0,0.0,6894.753,11785.885,1,1301,736
83.0,0.0,-9999.0,9.663007,-6.0,5.057837,0.0,0.0,6894.753,13020.841,0,1853,953
69.0,0.0,-9999.0,9.663007,-3.4028235e+38,5.057837,0.0,0.0,0.0,11277.813,1,334,737
94.0,0.0,-9999.0,9.663007,-161.0,5.057837,0.0,0.0,12258.991,12732.861,1,1391,1846
70.0,0.0,-9999.0,9.663007,-3.4028235e+38,5.057837,0.0,0.0,0.0,11284.504,0,374,650
65.0,0.0,-9999.0,9.663007,-3.4028235e+38,5.057837,0.0,0.0,0.0,11338.544,1,153,685
101.0,0.0,-9999.0,9.663007,-81.0,5.057837,0.0,0.0,10621.828,13598.299,1,2207,1768
94.0,0.0,-9999.0,9.663007,-161.0,5.057837,0.0,0.0,12385.078,12776.029,0,1395,1936
62.0,0.0,-9999.0,9.663007,-3.4028235e+38,5.057837,0.0,0.0,0.0,11400.818,0,28,592
91.0,0.0,-9999.0,9.663007,-164.0,5.057837,0.0,0.0,12480.571,12552.846,1,1283,1891
75.0,0.0,-9999.0,9.663007,-3.4028235e+38,5.057837,0.0,0.0,0.0,11218.303,0,605,651
71.0,0.0,-9999.0,9.663007,-3.4028235e+38,5.057837,0.0,0.0,0.0,11260.842,0,423,703
79.0,0.0,-9999.0,9.663007,-3.4028235e+38,5.057837,0.0,0.0,6894.753,11972.815,1,1374,805
75.0,0.0,-9999.0,9.663007,-3.4028235e+38,5.057837,0.0,0.0,0.0,11294.928,0,1017,607
81.0,0.0,-9999.0,9.663007,-8.0,5.057837,0.0,0.0,6894.753,12302.481,0,1482,918
88.0,0.0,-9999.0,9.663007,-167.0,5.057837,0.0,0.0,6894.753,12260.416,1,1142,1851
68.0,0.0,-9999.0,9.663007,-3.4028235e+38,5.057837,0.0,0.0,0.0,11751.56,0,2091,274
89.0,0.0,-9999.0,9.663007,-93.0,5.057837,0.0,0.0,6894.753,12087.566,1,1221,1392
92.0,0.0,-9999.0,9.663007,-90.0,5.057837,0.0,0.0,6894.753,12521.585,1,1381,1388
86.0,0.0,-9999.0,9.663007,-4.0,5.057837,0.0,0.0,6894.753,13371.053,0,2364,1084
84.0,0.0,-9999.0,9.663007,-98.0,5.057837,0.0,0.0,6894.753,11777.026,0,1185,1050
267.0,24.70243,270.0,10.045333,81.0,8.6867485,0.0,0.0,10547.277,13560.44,1,2246,1876
87.0,0.0,-9999.0,9.663007,-95.0,5.057837,0.0,0.0,6894.753,13024.699,1,1632,1190
99.0,0.0,-9999.0,9.663007,-83.0,5.057837,0.0,0.0,10847.502,13646.993,1,2251,1663
78.0,0.0,-9999.0,9.663007,-3.4028235e+38,5.057837,0.0,0.0,6894.753,11741.969,0,1269,747
92.0,0.0,-9999.0,9.663007,-90.0,5.057837,0.0,0.0,6894.753,12573.223,0,1395,1422
87.0,0.0,-9999.0,9.663007,-3.0,5.057837,0.0,0.0,6894.753,13428.831,0,2368,1113
74.0,0.0,-9999.0,10.4097185,-181.0,5.8045483,0.0,0.0,6894.753,11448.211,0,552,1548
100.0,0.0,-9999.0,9.663007,-82.0,5.057837,0.0,0.0,6894.753,13323.096,1,1697,1815
96.0,0.0,-9999.0,9.663007,-86.0,5.057837,0.0,0.0,6894.753,13616.561,0,1838,1553
77.0,0.0,-9999.0,10.12172,-3.4028235e+38,5.5165496,0.0,0.0,0.0,12554.985,0,1822,711
82.0,0.0,-9999.0,9.663007,-7.0,5.057837,0.0,0.0,6894.753,12941.533,0,1922,905
72.0,0.0,-9999.0,9.663007,-3.4028235e+38,5.057837,0.0,0.0,0.0,12053.834,0,2113,429
96.0,0.0,-9999.0,9.663007,-159.0,5.057837,0.0,0.0,6894.753,12958.613,1,1518,1747
63.0,0.0,-9999.0,9.663007,-3.4028235e+38,5.057837,0.0,0.0,0.0,11505.327,1,112,118
87.0,0.0,-9999.0,9.663007,-3.0,5.057837,0.0,0.0,6894.753,13420.531,0,2307,1115
77.0,0.0,-9999.0,9.663007,-3.4028235e+38,5.057837,0.0,0.0,0.0,11992.703,0,1448,707
64.0,0.0,-9999.0,9.663007,-3.4028235e+38,5.057837,0.0,0.0,6894.753,11252.948,0,136,1023
97.0,0.0,-9999.0,9.663007,-158.0,5.057837,0.0,0.0,12146.887,13000.809,1,1526,1905
90.0,0.0,-9999.0,9.663007,-165.0,5.057837,0.0,0.0,6894.753,12332.082,1,1198,1804
84.0,0.0,-9999.0,9.663007,-6.0,5.057837,0.0,0.0,6894.753,12473.351,1,1486,1051
80.0,0.0,-9999.0,9.663007,-175.0,5.057837,0.0,0.0,6894.753,11128.396,0,811,1320
100.0,0.0,-9999.0,9.663007,-82.0,5.057837,0.0,0.0,6894.753,13573.672,0,1916,1718
102.0,0.0,-9999.0,9.663007,-80.0,5.057837,0.0,0.0,6894.753,13553.915,1,2004,1810
69.0,0.0,-9999.0,9.663007,-3.4028235e+38,5.057837,0.0,0.0,0.0,11247.52,0,621,377
88.0,0.0,-9999.0,9.663007,-94.0,5.057837,0.0,0.0,6894.753,12508.961,0,1416,1235
91.0,0.0,-9999.0,9.663007,-91.0,5.057837,0.0,0.0,6894.753,13355.914,1,1686,1375
99.0,0.0,-9999.0,9.663007,-83.0,5.057837,0.0,0.0,6894.753,13613.832,1,2100,1686
75.0,0.0,-9999.0,9.663007,-3.4028235e+38,5.057837,0.0,0.0,6894.753,11902.343,0,516,1894
77.0,0.0,-9999.0,9.663007,-178.0,5.057837,0.0,0.0,6894.753,11142.71,0,695,1143
71.0,0.0,-9999.0,10.309285,-3.4028235e+38,5.704115,0.0,0.0,0.0,11183.954,1,765,510
98.0,0.0,-9999.0,9.663007,-84.0,5.057837,0.0,0.0,6894.753,13585.966,0,1856,1654
88.0,0.0,-9999.0,9.663007,-2.0,5.057837,0.0,0.0,6894.753,13459.956,0,1977,1170
74.0,0.0,-9999.0,9.663007,-3.4028235e+38,5.057837,0.0,0.0,0.0,11211.769,1,637,629
90.0,0.0,-9999.0,9.663007,-92.0,5.057837,0.0,0.0,6894.753,12111.547,0,1243,1338
65.0,0.0,-9999.0,9.663007,-3.4028235e+38,5.057837,0.0,0.0,0.0,11369.094,1,229,470
80.0,0.0,-9999.0,9.663007,-9.0,5.057837,0.0,0.0,6894.753,12768.255,1,1752,873
81.0,0.0,-9999.0,9.663007,-8.0,5.057837,0.0,0.0,6894.753,12818.445,1,1779,872
84.0,0.0,-9999.0,9.663007,-6.0,5.057837,0.0,0.0,6894.753,13105.236,1,1856,997
65.0,0.0,-9999.0,9.663007,-3.4028235e+38,5.057837,0.0,0.0,0.0,11155.157,0,897,162
89.0,0.0,-9999.0,9.663007,-93.0,5.057837,0.0,0.0,6894.753,13564.866,0,2028,1219
71.0,0.0,-9999.0,9.663007,-3.4028235e+38,5.057837,0.0,0.0,0.0,11974.401,0,1882,402
80.0,0.0,-9999.0,9.663007,-9.0,5.057837,0.0,0.0,6894.753,12307.675,1,1533,844
77.0,0.0,-9999.0,9.663007,-3.4028235e+38,5.057837,0.0,0.0,0.0,11653.521,1,1226,721
87.0,0.0,-9999.0,9.663007,-95.0,5.057837,0.0,0.0,6894.753,11741.121,0,1127,1268
83.0,0.0,-9999.0,9.663007,-6.0,5.057837,0.0,0.0,6894.753,12344.267,0,1467,979
63.0,0.0,-9999.0,9.663007,-3.4028235e+38,5.057837,0.0,0.0,6894.753,11224.616,0,14,1187
90.0,0.0,-9999.0,9.663007,-92.0,5.057837,0.0,0.0,6894.753,12702.143,1,1453,1333
80.0,0.0,-9999.0,9.663007,-9.0,5.057837,0.0,0.0,6894.753,11149.19,0,912,863
75.0,0.0,-9999.0,9.663007,-3.4028235e+38,5.057837,0.0,0.0,0.0,11204.677,0,616,735
76.0,0.0,-9999.0,9.663007,-3.4028235e+38,5.057837,0.0,0.0,0.0,12329.772,0,1720,655
62.0,0.0,-9999.0,9.663007,-3.4028235e+38,5.057837,0.0,0.0,0.0,11470.622,1,73,300
88.0,0.0,-9999.0,9.663007,-167.0,5.057837,0.0,0.0,6894.753,12192.45,1,1133,1792
81.0,0.0,-9999.0,9.663007,-8.0,5.057837,0.0,0.0,6894.753,12894.858,1,1798,893
69.0,0.0,-9999.0,9.663007,-3.4028235e+38,5.057837,0.0,0.0,0.0,11307.785,1,453,385
98.0,0.0,-9999.0,9.663007,-157.0,5.057837,0.0,0.0,12086.283,13065.262,1,1562,1898
64.0,0.0,-9999.0,9.663007,-3.4028235e+38,5.057837,0.0,0.0,0.0,11320.273,0,514,161
103.0,5.1110897,63.434948,7.852902,-79.0,5.057837,0.0,0.0,10576.58,13591.187,0,2376,1842
90.0,0.0,-9999.0,9.663007,-92.0,5.057837,0.0,0.0,6894.753,13636.961,1,1926,1268
94.0,0.0,-9999.0,9.663007,-88.0,5.057837,0.0,0.0,6894.753,13646.706,1,1841,1464
94.0,0.0,-9999.0,9.663007,-161.0,5.057837,0.0,0.0,6894.753,12755.229,1,1424,1727
80.0,0.0,-9999.0,9.663007,-9.0,5.057837,0.0,0.0,6894.753,12062.891,0,1404,840
62.0,0.0,-9999.0,9.663007,-3.4028235e+38,5.057837,0.0,0.0,0.0,11503.614,0,86,165
93.0,0.0,-9999.0,9.663007,-89.0,5.057837,0.0,0.0,6894.753,12658.67,1,1418,1490
65.0,0.0,-9999.0,9.663007,-3.4028235e+38,5.057837,0.0,0.0,0.0,11456.962,0,2014,125
92.0,0.0,-9999.0,9.663007,-163.0,5.057837,0.0,0.0,6894.753,12580.836,1,1322,1808
91.0,0.0,-9999.0,9.663007,-91.0,5.057837,0.0,0.0,6894.753,13325.844,1,1674,1346
62.0,0.0,-9999.0,9.663007,-3.4028235e+38,5.057837,0.0,0.0,0.0,11241.481,0,1508,42
89.0,0.0,-9999.0,9.663007,-93.0,5.057837,0.0,0.0,6894.753,12090.898,0,1249,1283
96.0,0.0,-9999.0,9.663007,-159.0,5.057837,0.0,0.0,6894.753,12974.729,1,1523,1781
78.0,0.0,-9999.0,9.663007,-177.0,5.057837,0.0,0.0,6894.753,11127.219,1,715,1276
65.0,0.0,-9999.0,9.663007,-3.4028235e+38,5.057837,0.0,0.0,6894.753,11303.884,1,177,795
63.0,0.0,-9999.0,9.663007,-3.4028235e+38,5.057837,0.0,0.0,6894.753,11248.457,0,61,1084
64.0,0.0,-9999.0,9.663007,-3.4028235e+38,5.057837,0.0,0.0,0.0,11359.174,0,1970,76
65.0,0.0,-9999.0,9.663007,-3.4028235e+38,5.057837,0.0,0.0,0.0,11408.496,0,1528,167
83.0,0.0,-9999.0,9.663007,-6.0,5.057837,0.0,0.0,6894.753,12137.0625,1,1370,981
87.0,0.0,-9999.0,9.663007,-168.0,5.057837,0.0,0.0,6894.753,11913.681,0,1140,1447
100.0,0.0,-9999.0,9.663007,-82.0,5.057837,0.0,0.0,10665.438,13607.468,0,2168,1730
68.0,0.0,-9999.0,9.663007,-3.4028235e+38,5.057837,0.0,0.0,0.0,11502.003,0,1400,307
94.0,0.0,-9999.0,9.663007,-88.0,5.057837,0.0,0.0,6894.753,13650.797,0,1855,1460
73.0,0.0,-9999.0,9.663007,-3.4028235e+38,5.057837,0.0,0.0,0.0,11149.896,1,863,548
61.0,0.0,-9999.0,9.663007,-3.4028235e+38,5.057837,0.0,0.0,0.0,11432.856,0,35,477
79.0,0.0,-9999.0,9.663007,-176.0,5.057837,0.0,0.0,6894.753,11121.411,1,758,1294
62.0,0.0,-9999.0,9.663007,-3.4028235e+38,5.057837,0.0,0.0,0.0,11490.841,1,169,76
91.0,0.0,-9999.0,9.663007,-91.0,5.057837,0.0,0.0,6894.753,12997.435,1,1556,1370
71.0,0.0,-9999.0,9.663007,-3.4028235e+38,5.057837,0.0,0.0,0.0,11721.702,0,1505,422
72.0,0.0,-9999.0,9.663007,-3.4028235e+38,5.057837,0.0,0.0,6894.753,11242.886,0,461,748
77.0,0.0,-9999.0,9.663007,-3.4028235e+38,5.057837,0.0,0.0,6894.753,11546.967,1,1154,738
90.0,0.0,-9999.0,9.663007,-92.0,5.057837,0.0,0.0,6894.753,12835.666,0,1508,1296
87.0,0.0,-9999.0,9.663007,-3.0,5.057837,0.0,0.0,6894.753,13430.635,0,2231,1128
65.0,0.0,-9999.0,9.663007,-3.4028235e+38,5.057837,0.0,0.0,0.0,11350.491,0,1395,163
74.0,0.0,-9999.0,9.663007,-3.4028235e+38,5.057837,0.0,0.0,0.0,12290.774,0,2076,554
62.0,0.0,-9999.0,9.663007,-3.4028235e+38,5.057837,0.0,0.0,0.0,11349.88,1,471,95
85.0,0.0,-9999.0,9.663007,-170.0,5.057837,0.0,0.0,6894.753,11704.765,0,1016,1556
63.0,0.0,-9999.0,9.663007,-3.4028235e+38,5.057837,0.0,0.0,6894.753,11277.931,0,55,986
79.0,0.0,-9999.0,9.663007,-176.0,5.057837,0.0,0.0,6894.753,11130.819,0,744,1201
101.0,0.0,-9999.0,9.663007,-81.0,5.057837,0.0,0.0,6894.753,13553.711,1,1919,1777
82.0,0.0,-9999.0,9.663007,-7.0,5.057837,0.0,0.0,6894.753,12996.321,0,2311,898
69.0,0.0,-9999.0,9.663007,-3.4028235e+38,5.057837,0.0,0.0,0.0,11634.646,0,1496,359
62.0,0.0,-9999.0,9.663007,-3.4028235e+38,5.057837,0.0,0.0,0.0,11372.833,0,34,680
88.0,0.0,-9999.0,9.663007,-2.0,5.057837,0.0,0.0,6894.753,13515.457,0,2105,1185
73.0,0.0,-9999.0,9.663007,-3.4028235e+38,5.057837,0.0,0.0,0.0,12123.033,0,1820,484
94.0,0.0,-9999.0,10.06635,-161.0,5.46118,0.0,0.0,12209.134,12790.127,1,1422,1840
80.0,0.0,-9999.0,9.663007,-175.0,5.057837,0.0,0.0,6894.753,11435.287,0,796,1558
63.0,0.0,-9999.0,9.663007,-3.4028235e+38,5.057837,0.0,0.0,0.0,11398.898,0,122,494
84.0,0.0,-9999.0,9.663007,-6.0,5.057837,0.0,0.0,6894.753,13201.305,0,2297,1004
79.0,0.0,-9999.0,9.663007,-3.4028235e+38,5.057837,0.0,0.0,6894.753,12589.176,0,1723,802
66.0,0.0,-9999.0,9.663007,-3.4028235e+38,5.057837,0.0,0.0,6894.753,11588.69,0,162,1623
80.0,0.0,-9999.0,9.663007,-9.0,5.057837,0.0,0.0,6894.753,11259.297,1,970,859
85.0,0.0,-9999.0,9.663007,-170.0,5.057837,0.0,0.0,6894.753,11766.945,0,1042,1555
314.0,8.206727,33.690067,8.8801365,128.0,6.4949007,0.0,0.0,10536.154,13546.081,1,2368,1946
62.0,0.0,-9999.0,9.663007,-3.4028235e+38,5.057837,0.0,0.0,0.0,11539.384,0,72,61
102.0,0.0,-9999.0,9.663007,-80.0,5.057837,0.0,0.0,6894.753,13525.893,1,1833,1824
67.0,0.0,-9999.0,9.663007,-3.4028235e+38,5.057837,0.0,0.0,6894.753,11194.605,0,208,1209
80.0,0.0,-9999.0,9.663007,-9.0,5.057837,0.0,0.0,6894.753,12478.162,1,1631,836
82.0,0.0,-9999.0,9.663007,-173.0,5.057837,0.0,0.0,6894.753,11115.97,1,902,1262
66.0,0.0,-9999.0,9.663007,-3.4028235e+38,5.057837,0.0,0.0,6894.753,11322.9,0,172,1423
90.0,0.0,-9999.0,9.663007,-92.0,5.057837,0.0,0.0,6894.753,13620.955,1,1914,1261
83.0,0.0,-9999.0,9.663007,-172.0,5.057837,0.0,0.0,6894.753,11308.095,1,928,1407
62.0,0.0,-9999.0,9.663007,-3.4028235e+38,5.057837,0.0,0.0,0.0,11169.046,0,1000,22
64.0,0.0,-9999.0,9.663007,-3.4028235e+38,5.057837,0.0,0.0,0.0,11380.85,0,1977,87
73.0,0.0,-9999.0,9.663007,-3.4028235e+38,5.057837,0.0,0.0,0.0,12137.901,0,1952,483
73.0,0.0,-9999.0,9.663007,-3.4028235e+38,5.057837,0.0,0.0,0.0,12154.466,0,2345,466
102.0,0.0,-9999.0,9.663007,-80.0,5.057837,0.0,0.0,6894.753,13529.689,1,1839,1815
78.0,0.0,-9999.0,9.663007,-3.4028235e+38,5.057837,0.0,0.0,6894.753,11713.687,0,1241,773
79.0,0.0,-9999.0,9.663007,-176.0,5.057837,0.0,0.0,6894.753,11830.603,0,694,1856
80.0,0.0,-9999.0,9.663007,-175.0,5.057837,0.0,0.0,6894.753,11899.749,0,778,1918
67.0,0.0,-9999.0,9.663007,-3.4028235e+38,5.057837,0.0,0.0,6894.753,11185.978,0,206,1245
83.0,0.0,-9999.0,9.663007,-172.0,5.057837,0.0,0.0,6894.753,11733.128,0,945,1724
78.0,0.0,-9999.0,9.663007,-3.4028235e+38,5.057837,0.0,0.0,6894.753,12051.626,1,1456,747
103.0,0.0,-9999.0,9.663007,-83.0,5.057837,0.0,0.0,11003.213,13533.357,0,1976,1857
90.0,0.0,-9999.0,9.663007,-92.0,5.057837,0.0,0.0,6894.753,13114.4375,0,1599,1313
81.0,0.0,-9999.0,9.663007,-174.0,5.057837,0.0,0.0,6894.753,11115.873,1,846,1244
87.0,0.0,-9999.0,9.663007,-168.0,5.057837,0.0,0.0,6894.753,11993.222,0,1109,1625
71.0,0.0,-9999.0,9.663007,-3.4028235e+38,5.057837,0.0,0.0,0.0,11485.552,0,1229,463
79.0,0.0,-9999.0,9.663007,-3.4028235e+38,5.057837,0.0,0.0,6894.753,12415.602,0,1633,793
66.0,0.0,-9999.0,9.663007,-3.4028235e+38,5.057837,0.0,0.0,0.0,11391.966,0,294,266
89.0,0.0,-9999.0,9.663007,-93.0,5.057837,0.0,0.0,6894.753,13251.239,0,1668,1272
91.0,0.0,-9999.0,9.663007,-91.0,5.057837,0.0,0.0,6894.753,13503.496,1,1740,1380
82.0,0.0,-9999.0,10.12172,-173.0,5.5165496,0.0,0.0,6894.753,11283.62,1,918,1409
99.0,0.0,-9999.0,9.663007,-83.0,5.057837,0.0,0.0,10704.75,13616.928,0,2139,1694
85.0,0.0,-9999.0,9.663007,-5.0,5.057837,0.0,0.0,6894.753,12512.655,1,1496,1064
61.0,0.0,-9999.0,9.663007,-3.4028235e+38,5.057837,0.0,0.0,0.0,11466.569,0,33,366
83.0,0.0,-9999.0,9.663007,-172.0,5.057837,0.0,0.0,6894.753,11670.451,1,941,1679
89.0,0.0,-9999.0,9.663007,-93.0,5.057837,0.0,0.0,6894.753,12233.033,0,1307,1258
62.0,0.0,-9999.0,9.663007,-3.4028235e+38,5.057837,0.0,0.0,0.0,11227.041,0,1394,43
71.0,0.0,-9999.0,9.663007,-3.4028235e+38,5.057837,0.0,0.0,0.0,11959.284,0,1949,390
61.0,0.0,-9999.0,9.663007,-3.4028235e+38,5.057837,0.0,0.0,0.0,11483.077,1,206,39
68.0,0.0,-9999.0,9.663007,-3.4028235e+38,5.057837,0.0,0.0,0.0,11166.751,0,926,302
104.0,0.0,-9999.0,9.663007,-82.0,5.057837,0.0,0.0,11161.575,13504.131,1,1942,1928
78.0,0.0,-9999.0,9.663007,-3.4028235e+38,5.057837,0.0,0.0,0.0,12592.2705,0,1805,732
70.0,0.0,-9999.0,9.663007,-3.4028235e+38,5.057837,0.0,0.0,0.0,11934.144,0,1799,386
102.0,2.429397,225.0,8.430623,-80.0,5.057837,0.0,0.0,10645.637,13610.729,0,2379,1797
65.0,0.0,-9999.0,9.663007,-3.4028235e+38,5.057837,0.0,0.0,0.0,11421.874,1,249,215
69.0,0.0,-9999.0,9.663007,-3.4028235e+38,5.057837,0.0,0.0,0.0,11456.226,0,1293,344
84.0,0.0,-9999.0,9.663007,-171.0,5.057837,0.0,0.0,6894.753,11479.738,1,999,1389
68.0,0.0,-9999.0,9.663007,-3.4028235e+38,5.057837,0.0,0.0,6894.753,11263.443,0,305,838
81.0,0.0,-9999.0,9.663007,-8.0,5.057837,0.0,0.0,6894.753,11574.55,1,1124,911
69.0,0.0,-9999.0,9.663007,-3.4028235e+38,5.057837,0.0,0.0,0.0,11819.354,0,2165,305
74.0,0.0,-9999.0,9.663007,-3.4028235e+38,5.057837,0.0,0.0,0.0,11137.161,1,899,581
96.0,0.0,-9999.0,9.663007,-86.0,5.057837,0.0,0.0,6894.753,13198.868,0,1631,1592
75.0,0.0,-9999.0,9.663007,-3.4028235e+38,5.057837,0.0,0.0,0.0,12155.371,0,1619,637
77.0,0.0,-9999.0,9.663007,-3.4028235e+38,5.057837,0.0,0.0,0.0,12171.449,1,1543,729
71.0,0.0,-9999.0,9.663007,-3.4028235e+38,5.057837,0.0,0.0,0.0,11940.787,0,1839,387
63.0,0.0,-9999.0,9.663007,-3.4028235e+38,5.057837,0.0,0.0,0.0,11243.0625,0,1983,15
82.0,0.0,-9999.0,9.663007,-7.0,5.057837,0.0,0.0,6894.753,11501.786,0,1082,944
65.0,0.0,-9999.0,9.663007,-3.4028235e+38,5.057837,0.0,0.0,0.0,11484.218,0,2356,124
67.0,0.0,-9999.0,9.663007,-3.4028235e+38,5.057837,0.0,0.0,0.0,11600.129,0,2084,196
73.0,0.0,-9999.0,9.663007,-3.4028235e+38,5.057837,0.0,0.0,6894.753,11477.36,0,498,1566
78.0,0.0,-9999.0,9.663007,-177.0,5.057837,0.0,0.0,6894.753,11753.841,1,678,1795
68.0,0.0,-9999.0,9.663007,-3.4028235e+38,5.057837,0.0,0.0,6894.753,11271.531,0,311,794
72.0,0.0,-9999.0,9.663007,-3.4028235e+38,5.057837,0.0,0.0,0.0,11265.654,1,502,538
81.0,0.0,-9999.0,9.663007,-8.0,5.057837,0.0,0.0,6894.753,12854.744,0,2122,842
78.0,0.0,-9999.0,9.663007,-3.4028235e+38,5.057837,0.0,0.0,0.0,12619.901,0,2283,708
66.0,0.0,-9999.0,9.663007,-3.4028235e+38,5.057837,0.0,0.0,0.0,11172.5625,0,942,197
62.0,0.0,-9999.0,9.663007,-3.4028235e+38,5.057837,0.0,0.0,0.0,11515.415,0,88,120
92.0,0.0,-9999.0,9.663007,-90.0,5.057837,0.0,0.0,6894.753,12880.992,1,1510,1426
90.0,0.0,-9999.0,9.663007,-92.0,5.057837,0.0,0.0,6894.753,13610.959,1,1912,1256
85.0,0.0,-9999.0,9.663007,-170.0,5.057837,0.0,0.0,6894.753,11939.353,0,995,1814
91.0,0.0,-9999.0,9.663007,-91.0,5.057837,0.0,0.0,6894.753,13802.653,0,2316,1313
84.0,0.0,-9999.0,9.663007,-6.0,5.057837,0.0,0.0,6894.753,13206.345,0,2303,1006
83.0,0.0,-9999.0,9.663007,-172.0,5.057837,0.0,0.0,6894.753,11310.098,1,920,1426
63.0,0.0,-9999.0,9.663007,-3.4028235e+38,5.057837,0.0,0.0,0.0,11494.428,1,97,181
69.0,0.0,-9999.0,9.663007,-3.4028235e+38,5.057837,0.0,0.0,0.0,11274.37,1,355,727
62.0,0.0,-9999.0,9.663007,-3.4028235e+38,5.057837,0.0,0.0,0.0,11278.2295,0,634,80
65.0,0.0,-9999.0,9.663007,-3.4028235e+38,5.057837,0.0,0.0,0.0,11373.361,0,1391,187
77.0,0.0,-9999.0,9.663007,-178.0,5.057837,0.0,0.0,6894.753,11753.3125,0,629,1790
96.0,0.0,-9999.0,9.663007,-159.0,5.057837,0.0,0.0,6894.753,12935.004,1,1501,1805
62.0,0.0,-9999.0,9.663007,-3.4028235e+38,5.057837,0.0,0.0,0.0,11441.357,0,273,85
85.0,0.0,-9999.0,9.663007,-97.0,5.057837,0.0,0.0,6894.753,12285.915,1,1396,1071
0.0,-9999.0,-9999.0,-3.4028235e+38,-3.4028235e+38,-3.4028235e+38,0.0,0.0,0.0,11322.646,0,560,4
78.0,0.0,-9999.0,9.663007,-3.4028235e+38,5.057837,0.0,0.0,6894.753,11132.215,1,887,775
85.0,0.0,-9999.0,9.663007,-170.0,5.057837,0.0,0.0,6894.753,11799.317,1,1052,1563
65.0,0.0,-9999.0,9.663007,-3.4028235e+38,5.057837,0.0,0.0,0.0,11390.769,1,191,435
79.0,0.0,-9999.0,9.663007,-10.0,5.057837,0.0,0.0,6894.753,11520.016,1,1115,825
98.0,0.0,-9999.0,9.663007,-84.0,5.057837,0.0,0.0,6894.753,13154.587,1,1612,1678
97.0,0.0,-9999.0,9.663007,-158.0,5.057837,0.0,0.0,6894.753,13048.429,0,1559,1787
89.0,0.0,-9999.0,9.663007,-93.0,5.057837,0.0,0.0,6894.753,12492.438,1,1390,1288
79.0,0.0,-9999.0,9.663007,-3.4028235e+38,5.057837,0.0,0.0,6894.753,11215.038,1,949,792
63.0,0.0,-9999.0,9.663007,-3.4028235e+38,5.057837,0.0,0.0,0.0,11445.78,0,253,105
83.0,0.0,-9999.0,9.663007,-6.0,5.057837,0.0,0.0,6894.753,13068.495,1,1957,968
78.0,0.0,-9999.0,9.663007,-177.0,5.057837,0.0,0.0,6894.753,11696.303,1,695,1752
82.0,0.0,-9999.0,9.663007,-7.0,5.057837,0.0,0.0,6894.753,13008.306,0,2279,907
90.0,0.0,-9999.0,9.663007,-92.0,5.057837,0.0,0.0,6894.753,13680.698,0,1830,1302
89.0,0.0,-9999.0,9.663007,-93.0,5.057837,0.0,0.0,6894.753,12049.056,1,1215,1361
68.0,0.0,-9999.0,9.663007,-3.4028235e+38,5.057837,0.0,0.0,0.0,11690.13,0,1692,296
69.0,0.0,-9999.0,9.663007,-3.4028235e+38,5.057837,0.0,0.0,0.0,11212.681,0,712,392
96.0,0.0,-9999.0,9.663007,-86.0,5.057837,0.0,0.0,6894.753,13451.648,1,1739,1605
82.0,0.0,-9999.0,9.663007,-7.0,5.057837,0.0,0.0,6894.753,12207.309,1,1419,948
90.0,0.0,-9999.0,9.663007,-165.0,5.057837,0.0,0.0,6894.753,12324.039,0,1275,1539
102.0,0.0,-9999.0,9.663007,-80.0,5.057837,0.0,0.0,11477.823,13519.342,1,1816,1837
100.0,0.0,-9999.0,9.663007,-82.0,5.057837,0.0,0.0,6894.753,13299.551,1,1683,1781
72.0,0.0,-9999.0,9.663007,-3.4028235e+38,5.057837,0.0,0.0,0.0,11182.812,0,768,512
90.0,0.0,-9999.0,9.663007,-165.0,5.057837,0.0,0.0,6894.753,12351.027,0,1231,1736
95.0,0.0,-9999.0,9.663007,-87.0,5.057837,0.0,0.0,11321.246,13734.958,0,2397,1513
91.0,0.0,-9999.0,9.663007,-91.0,5.057837,0.0,0.0,6894.753,13534.806,1,1749,1352
64.0,0.0,-9999.0,9.663007,-3.4028235e+38,5.057837,0.0,0.0,0.0,11215.921,0,752,182
82.0,0.0,-9999.0,9.663007,-173.0,5.057837,0.0,0.0,6894.753,11459.238,1,915,1556
92.0,0.0,-9999.0,9.663007,-90.0,5.057837,0.0,0.0,6894.753,12443.351,0,1352,1390
71.0,0.0,-9999.0,9.663007,-3.4028235e+38,5.057837,0.0,0.0,6894.753,11411.444,0,379,1506
94.0,0.0,-9999.0,9.663007,-88.0,5.057837,0.0,0.0,6894.753,12707.659,1,1428,1560
61.0,0.0,-9999.0,9.663007,-3.4028235e+38,5.057837,0.0,0.0,0.0,11251.313,0,704,30
83.0,0.0,-9999.0,9.663007,-7.0,5.057837,0.0,0.0,6894.753,12128.496,1,1359,997
97.0,0.0,-9999.0,9.663007,-158.0,5.057837,0.0,0.0,12136.595,13058.426,0,1556,1936
82.0,0.0,-9999.0,9.663007,-173.0,5.057837,0.0,0.0,6894.753,11140.736,1,886,1335
91.0,0.0,-9999.0,9.663007,-91.0,5.057837,0.0,0.0,6894.753,12602.064,1,1413,1369
70.0,0.0,-9999.0,9.663007,-3.4028235e+38,5.057837,0.0,0.0,0.0,11296.939,0,404,538
96.0,0.0,-9999.0,9.663007,-86.0,5.057837,0.0,0.0,6894.753,12936.39,0,1519,1607
88.0,0.0,-9999.0,9.663007,-94.0,5.057837,0.0,0.0,6894.753,13457.613,0,1846,1183
83.0,0.0,-9999.0,9.663007,-6.0,5.057837,0.0,0.0,6894.753,12146.8,1,1370,991
98.0,0.0,-9999.0,9.663007,-84.0,5.057837,0.0,0.0,6894.753,13586.838,0,1833,1640
78.0,0.0,-9999.0,9.663007,-3.4028235e+38,5.057837,0.0,0.0,6894.753,11996.456,1,1424,745
86.0,0.0,-9999.0,9.663007,-96.0,5.057837,0.0,0.0,6894.753,12352.528,0,1393,1143
78.0,0.0,-9999.0,9.663007,-3.4028235e+38,5.057837,0.0,0.0,6894.753,11867.828,1,1330,775
65.0,0.0,-9999.0,9.663007,-3.4028235e+38,5.057837,0.0,0.0,6894.753,11684.59,0,134,1693
85.0,0.0,-9999.0,9.663007,-5.0,5.057837,0.0,0.0,6894.753,12936.061,1,1668,1077
78.0,0.0,-9999.0,9.663007,-3.4028235e+38,5.057837,0.0,0.0,6894.753,12071.241,1,1470,744
84.0,0.0,-9999.0,9.663007,-171.0,5.057837,0.0,0.0,6894.753,11841.6455,1,975,1763
79.0,0.0,-9999.0,9.663007,-3.4028235e+38,5.057837,0.0,0.0,6894.753,11133.661,1,877,797
99.0,0.0,-9999.0,9.663007,-83.0,5.057837,0.0,0.0,6894.753,13623.189,1,2123,1671
75.0,0.0,-9999.0,9.663007,-3.4028235e+38,5.057837,0.0,0.0,0.0,11204.85,1,646,666
96.0,0.0,-9999.0,9.663007,-86.0,5.057837,0.0,0.0,6894.753,13627.205,1,1912,1561
63.0,0.0,-9999.0,9.663007,-3.4028235e+38,5.057837,0.0,0.0,0.0,11267.756,0,2377,13
75.0,0.0,-9999.0,9.663007,-3.4028235e+38,5.057837,0.0,0.0,0.0,11142.1455,1,905,646
73.0,0.0,-9999.0,9.663007,-3.4028235e+38,5.057837,0.0,0.0,0.0,11269.258,0,1009,531
89.0,0.0,-9999.0,9.663007,-93.0,5.057837,0.0,0.0,6894.753,12823.648,0,1524,1252
92.0,0.0,-9999.0,9.663007,-90.0,5.057837,0.0,0.0,6894.753,12540.712,0,1361,1550
92.0,0.0,-9999.0,9.663007,-163.0,5.057837,0.0,0.0,12369.52,12547.79,0,1297,1837
62.0,0.0,-9999.0,9.663007,-3.4028235e+38,5.057837,0.0,0.0,0.0,11408.035,1,73,519
90.0,0.0,-9999.0,9.663007,-165.0,5.057837,0.0,0.0,6894.753,12393.753,1,1254,1727
100.0,0.0,-9999.0,9.663007,-82.0,5.057837,0.0,0.0,10695.452,13614.398,1,2165,1711
71.0,0.0,-9999.0,9.663007,-3.4028235e+38,5.057837,0.0,0.0,0.0,12002.272,0,2302,391
95.0,0.0,-9999.0,9.663007,-87.0,5.057837,0.0,0.0,6894.753,13192.629,1,1628,1550
78.0,0.0,-9999.0,9.663007,-3.4028235e+38,5.057837,0.0,0.0,6894.753,12368.575,0,1628,768
64.0,0.0,-9999.0,9.663007,-3.4028235e+38,5.057837,0.0,0.0,6894.753,11310.697,1,138,805
77.0,0.0,-9999.0,9.663007,-3.4028235e+38,5.057837,0.0,0.0,0.0,11803.627,1,1322,717
71.0,0.0,-9999.0,9.663007,-3.4028235e+38,5.057837,0.0,0.0,0.0,11177.48,1,794,468
90.0,0.0,-9999.0,9.663007,-92.0,5.057837,0.0,0.0,6894.753,13424.091,1,1714,1298
99.0,0.0,-9999.0,9.663007,-83.0,5.057837,0.0,0.0,6894.753,13488.306,1,1768,1721
69.0,0.0,-9999.0,9.663007,-3.4028235e+38,5.057837,0.0,0.0,6894.753,11533.475,0,317,1594
77.0,0.0,-9999.0,9.663007,-178.0,5.057837,0.0,0.0,6894.753,11448.652,0,658,1557
67.0,0.0,-9999.0,9.663007,-3.4028235e+38,5.057837,0.0,0.0,0.0,11336.285,0,426,282
75.0,0.0,-9999.0,9.663007,-3.4028235e+38,5.057837,0.0,0.0,0.0,12314.758,0,1724,643
82.0,0.0,-9999.0,9.663007,-173.0,5.057837,0.0,0.0,6894.753,11487.693,1,892,1607
87.0,0.0,-9999.0,9.846682,-95.0,5.2415113,0.0,0.0,6894.753,11804.101,1,1147,1283
83.0,0.0,-9999.0,9.663007,-6.0,5.057837,0.0,0.0,6894.753,11635.076,1,1137,984
62.0,0.0,-9999.0,9.663007,-3.4028235e+38,5.057837,0.0,0.0,0.0,11193.467,0,1140,46
86.0,0.0,-9999.0,9.663007,-96.0,5.057837,0.0,0.0,6894.753,12095.1455,0,1294,1132
82.0,0.0,-9999.0,9.663007,-7.0,5.057837,0.0,0.0,6894.753,12550.725,1,1591,937
62.0,0.0,-9999.0,9.663007,-3.4028235e+38,5.057837,0.0,0.0,0.0,11489.611,1,52,263
73.0,0.0,-9999.0,9.663007,-3.4028235e+38,5.057837,0.0,0.0,0.0,11179.656,1,759,586
76.0,0.0,-9999.0,9.663007,-179.0,5.057837,0.0,0.0,6894.753,11241.567,0,634,1395
68.0,0.0,-9999.0,9.663007,-3.4028235e+38,5.057837,0.0,0.0,0.0,11519.91,0,1438,299
93.0,0.0,-9999.0,9.663007,-89.0,5.057837,0.0,0.0,6894.753,12705.77,0,1420,1610
75.0,0.0,-9999.0,9.663007,-3.4028235e+38,5.057837,0.0,0.0,0.0,11169.547,0,774,657
97.0,0.0,-9999.0,9.663007,-85.0,5.057837,0.0,0.0,6894.753,13064.562,1,1569,1739
100.0,0.0,-9999.0,9.663007,-82.0,5.057837,0.0,0.0,6894.753,13567.784,1,1944,1747
90.0,0.0,-9999.0,9.663007,-92.0,5.057837,0.0,0.0,6894.753,12466.736,1,1376,1302
101.0,0.0,-9999.0,9.663007,-81.0,5.057837,0.0,0.0,10573.935,13586.065,1,2157,1781
74.0,0.0,-9999.0,9.663007,-3.4028235e+38,5.057837,0.0,0.0,0.0,11141.912,1,882,591
67.0,0.0,-9999.0,9.663007,-3.4028235e+38,5.057837,0.0,0.0,0.0,11297.519,0,1143,260
71.0,0.0,-9999.0,9.663007,-3.4028235e+38,5.057837,0.0,0.0,0.0,11735.792,0,1484,450
75.0,0.0,-9999.0,9.663007,-180.0,5.057837,0.0,0.0,6894.753,11190.885,0,619,840
82.0,0.0,-9999.0,9.663007,-7.0,5.057837,0.0,0.0,6894.753,11917.061,1,1285,935
77.0,0.0,-9999.0,9.663007,-3.4028235e+38,5.057837,0.0,0.0,0.0,12173.225,0,1556,715
86.0,0.0,-9999.0,9.663007,-4.0,5.057837,0.0,0.0,6894.753,13276.145,0,1824,1090
72.0,0.0,-9999.0,9.663007,-3.4028235e+38,5.057837,0.0,0.0,0.0,11223.316,0,635,537
89.0,0.0,-9999.0,9.663007,-166.0,5.057837,0.0,0.0,6894.753,12321.377,1,1230,1696
73.0,0.0,-9999.0,9.663007,-3.4028235e+38,5.057837,0.0,0.0,0.0,12128.614,0,1909,481
75.0,0.0,-9999.0,9.663007,-3.4028235e+38,5.057837,0.0,0.0,0.0,11148.027,1,849,661
70.0,0.0,-9999.0,9.663007,-3.4028235e+38,5.057837,0.0,0.0,0.0,11353.932,0,1127,407
78.0,0.0,-9999.0,9.663007,-3.4028235e+38,5.057837,0.0,0.0,6894.753,11488.638,1,1111,767
94.0,0.0,-9999.0,9.663007,-88.0,5.057837,0.0,0.0,6894.753,12721.814,1,1426,1616
96.0,0.0,-9999.0,9.663007,-159.0,5.057837,0.0,0.0,12138.461,12933.093,0,1494,1860
72.0,0.0,-9999.0,9.663007,-3.4028235e+38,5.057837,0.0,0.0,6894.753,11197.26,0,486,988
74.0,0.0,-9999.0,9.663007,-3.4028235e+38,5.057837,0.0,0.0,0.0,11762.743,0,1384,578
66.0,0.0,-9999.0,9.663007,-3.4028235e+38,5.057837,0.0,0.0,0.0,11547.834,0,1708,206
97.0,0.0,-9999.0,9.663007,-85.0,5.057837,0.0,0.0,6894.753,13149.454,0,1610,1617
74.0,0.0,-9999.0,9.663007,-3.4028235e+38,5.057837,0.0,0.0,0.0,12158.903,0,1667,597
74.0,0.0,-9999.0,9.663007,-181.0,5.057837,0.0,0.0,6894.753,11184.21,0,566,975
80.0,0.0,-9999.0,9.663007,-9.0,5.057837,0.0,0.0,6894.753,11156.963,1,916,835
63.0,0.0,-9999.0,9.663007,-3.4028235e+38,5.057837,0.0,0.0,0.0,11494.161,1,95,185
85.0,0.0,-9999.0,9.663007,-170.0,5.057837,0.0,0.0,6894.753,11775.479,1,1022,1609
91.0,0.0,-9999.0,9.663007,-91.0,5.057837,0.0,0.0,6894.753,13712.769,0,2035,1295
75.0,0.0,-9999.0,9.663007,-3.4028235e+38,5.057837,0.0,0.0,0.0,11143.138,1,872,628
87.0,0.0,-9999.0,9.663007,-168.0,5.057837,0.0,0.0,6894.753,11942.527,0,1139,1484
91.0,0.0,-9999.0,9.663007,-91.0,5.057837,0.0,0.0,6894.753,13518.266,1,1743,1351
75.0,0.0,-9999.0,9.663007,-3.4028235e+38,5.057837,0.0,0.0,0.0,11357.837,0,1063,609
83.0,0.0,-9999.0,9.663007,-99.0,5.057837,0.0,0.0,6894.753,11310.595,0,984,1034
83.0,0.0,-9999.0,9.663007,-6.0,5.057837,0.0,0.0,6894.753,12952.803,1,1741,989
63.0,0.0,-9999.0,9.663007,-3.4028235e+38,5.057837,0.0,0.0,0.0,11314.818,0,1692,71
72.0,0.0,-9999.0,9.663007,-3.4028235e+38,5.057837,0.0,0.0,0.0,11263.541,0,513,529
76.0,0.0,-9999.0,10.12172,-3.4028235e+38,5.5165496,0.0,0.0,0.0,12192.145,0,1587,694
100.0,0.0,-9999.0,9.663007,-82.0,5.057837,0.0,0.0,10640.429,13601.545,0,2144,1736
83.0,0.0,-9999.0,9.663007,-6.0,5.057837,0.0,0.0,6894.753,12967.039,0,1766,967
98.0,0.0,-9999.0,9.663007,-157.0,5.057837,0.0,0.0,12027.977,13060.02,0,1562,1844
95.0,0.0,-9999.0,9.663007,-87.0,5.057837,0.0,0.0,6894.753,13236.684,1,1646,1548
93.0,0.0,-9999.0,9.663007,-89.0,5.057837,0.0,0.0,6894.753,13667.672,0,1877,1423
91.0,0.0,-9999.0,9.663007,-164.0,5.057837,0.0,0.0,6894.753,12489.908,1,1307,1697
74.0,0.0,-9999.0,9.663007,-3.4028235e+38,5.057837,0.0,0.0,6894.753,11620.706,0,509,1677
90.0,0.0,-9999.0,10.352969,-92.0,5.7477994,0.0,0.0,6894.753,12663.496,1,1439,1336
65.0,0.0,-9999.0,9.663007,-3.4028235e+38,5.057837,0.0,0.0,0.0,11457.309,0,1884,131
71.0,0.0,-9999.0,9.663007,-3.4028235e+38,5.057837,0.0,0.0,0.0,11223.035,1,654,486
89.0,0.0,-9999.0,9.663007,-1.0,5.057837,0.0,0.0,6894.753,13635.877,0,2261,1230
79.0,0.0,-9999.0,9.663007,-10.0,5.057837,0.0,0.0,6894.753,11980.836,0,1373,815
62.0,0.0,-9999.0,9.663007,-3.4028235e+38,5.057837,0.0,0.0,6894.753,11300.612,0,28,927
93.0,0.0,-9999.0,9.663007,-162.0,5.057837,0.0,0.0,6894.753,12652.09,0,1368,1763
78.0,0.0,-9999.0,9.663007,-3.4028235e+38,5.057837,0.0,0.0,6894.753,12067.942,1,1468,744
80.0,0.0,-9999.0,9.663007,-9.0,5.057837,0.0,0.0,6894.753,12816.071,0,2134,821
83.0,0.0,-9999.0,9.663007,-7.0,5.057837,0.0,0.0,6894.753,11970.455,0,1287,997
84.0,0.0,-9999.0,9.663007,-171.0,5.057837,0.0,0.0,6894.753,11869.254,0,929,1863
87.0,0.0,-9999.0,10.788214,-168.0,6.1830435,0.0,0.0,6894.753,12141.281,1,1103,1802
88.0,0.0,-9999.0,9.663007,-167.0,5.057837,0.0,0.0,6894.753,12190.112,0,1186,1650
75.0,0.0,-9999.0,9.663007,-3.4028235e+38,5.057837,0.0,0.0,0.0,12311.341,0,1718,646
73.0,0.0,-9999.0,9.663007,-3.4028235e+38,5.057837,0.0,0.0,6894.753,11473.826,0,470,1561
64.0,0.0,-9999.0,9.663007,-3.4028235e+38,5.057837,0.0,0.0,0.0,11335.753,0,480,156
94.0,0.0,-9999.0,9.663007,-88.0,5.057837,0.0,0.0,6894.753,13109.261,0,1595,1477
83.0,0.0,-9999.0,9.663007,-7.0,5.057837,0.0,0.0,6894.753,12628.648,1,1581,1006
90.0,0.0,-9999.0,9.663007,-92.0,5.057837,0.0,0.0,6894.753,13603.623,0,1940,1249
81.0,0.0,-9999.0,10.4097185,-8.0,5.8045483,0.0,0.0,6894.753,12887.278,0,1907,878
90.0,0.0,-9999.0,9.663007,-92.0,5.057837,0.0,0.0,6894.753,12153.367,1,1268,1295
83.0,0.0,-9999.0,9.663007,-6.0,5.057837,0.0,0.0,6894.753,11725.101,1,1177,990
70.0,0.0,-9999.0,9.663007,-3.4028235e+38,5.057837,0.0,0.0,6894.753,11954.664,0,312,1914
99.0,0.0,-9999.0,9.846682,-83.0,5.2415113,0.0,0.0,10772.988,13631.416,1,2252,1702
80.0,0.0,-9999.0,9.663007,-9.0,5.057837,0.0,0.0,6894.753,12607.561,0,1692,846
92.0,0.0,-9999.0,9.663007,-90.0,5.057837,0.0,0.0,6894.753,13673.342,0,1827,1375
97.0,0.0,-9999.0,9.663007,-158.0,5.057837,0.0,0.0,6894.753,13047.127,1,1560,1754
76.0,0.0,-9999.0,9.663007,-3.4028235e+38,5.057837,0.0,0.0,0.0,11585.522,1,1199,680
64.0,0.0,-9999.0,9.663007,-3.4028235e+38,5.057837,0.0,0.0,0.0,11259.247,0,1195,143
97.0,0.0,-9999.0,9.663007,-85.0,5.057837,0.0,0.0,6894.753,13019.138,1,1548,1729
90.0,0.0,-9999.0,9.663007,-165.0,5.057837,0.0,0.0,6894.753,12405.8545,0,1247,1768
68.0,0.0,-9999.0,9.663007,-3.4028235e+38,5.057837,0.0,0.0,0.0,11173.093,0,934,325
76.0,0.0,-9999.0,9.663007,-3.4028235e+38,5.057837,0.0,0.0,0.0,11186.152,1,689,730
75.0,0.0,-9999.0,9.663007,-180.0,5.057837,0.0,0.0,6894.753,11162.7,0,610,1079
100.0,0.0,-9999.0,9.663007,-82.0,5.057837,0.0,0.0,6894.753,13532.153,1,1796,1771
74.0,0.0,-9999.0,9.663007,-3.4028235e+38,5.057837,0.0,0.0,0.0,11532.664,0,1203,584
97.0,0.0,-9999.0,9.663007,-85.0,5.057837,0.0,0.0,6894.753,13126.937,1,1600,1641
90.0,0.0,-9999.0,9.663007,-165.0,5.057837,0.0,0.0,6894.753,12356.496,1,1211,1802
64.0,0.0,-9999.0,9.663007,-3.4028235e+38,5.057837,0.0,0.0,0.0,11458.151,1,201,149
84.0,0.0,-9999.0,9.663007,-6.0,5.057837,0.0,0.0,6894.753,12939.244,0,1697,1038
90.0,0.0,-9999.0,9.663007,-92.0,5.057837,0.0,0.0,6894.753,12934.581,0,1540,1302
69.0,0.0,-9999.0,9.663007,-3.4028235e+38,5.057837,0.0,0.0,6894.753,11255.972,0,332,844
84.0,0.0,-9999.0,9.663007,-98.0,5.057837,0.0,0.0,6894.753,11830.967,0,1217,1019
102.0,0.0,-9999.0,9.663007,-80.0,5.057837,0.0,0.0,11356.896,13523.955,1,1856,1839
65.0,0.0,-9999.0,9.663007,-3.4028235e+38,5.057837,0.0,0.0,6894.753,11309.42,1,168,782
84.0,0.0,-9999.0,9.663007,-6.0,5.057837,0.0,0.0,6894.753,11926.619,0,1259,1021
75.0,0.0,-9999.0,9.663007,-3.4028235e+38,5.057837,0.0,0.0,0.0,11481.514,1,1143,640
81.0,0.0,-9999.0,9.663007,-8.0,5.057837,0.0,0.0,6894.753,11934.527,1,1312,890
103.0,0.0,-9999.0,9.663007,-79.0,5.057837,0.0,0.0,10606.741,13554.853,1,2102,1843
75.0,0.0,-9999.0,9.663007,-3.4028235e+38,5.057837,0.0,0.0,0.0,11201.049,0,665,652
75.0,0.0,-9999.0,10.19272,-3.4028235e+38,5.58755,0.0,0.0,0.0,11159.991,1,801,684
80.0,0.0,-9999.0,9.663007,-9.0,5.057837,0.0,0.0,6894.753,11532.489,1,1116,850
67.0,0.0,-9999.0,9.663007,-3.4028235e+38,5.057837,0.0,0.0,0.0,11603.181,0,2158,194
88.0,0.0,-9999.0,9.663007,-94.0,5.057837,0.0,0.0,6894.753,11926.861,1,1189,1291
83.0,0.0,-9999.0,9.663007,-6.0,5.057837,0.0,0.0,6894.753,11899.282,0,1262,975
73.0,0.0,-9999.0,9.663007,-3.4028235e+38,5.057837,0.0,0.0,0.0,11217.918,1,642,564
61.0,0.0,-9999.0,9.663007,-3.4028235e+38,5.057837,0.0,0.0,0.0,11471.745,1,46,332
91.0,0.0,-9999.0,9.663007,-91.0,5.057837,0.0,0.0,6894.753,13515.469,1,1742,1351
74.0,0.0,-9999.0,9.663007,-3.4028235e+38,5.057837,0.0,0.0,0.0,11213.835,0,585,727
85.0,0.0,-9999.0,9.663007,-170.0,5.057837,0.0,0.0,6894.753,11582.025,1,1038,1385
65.0,0.0,-9999.0,9.663007,-3.4028235e+38,5.057837,0.0,0.0,0.0,11490.516,0,2315,129
88.0,0.0,-9999.0,9.663007,-167.0,5.057837,0.0,0.0,6894.753,12248.825,0,1143,1835
87.0,0.0,-9999.0,9.663007,-95.0,5.057837,0.0,0.0,6894.753,12806.61,0,1549,1189
88.0,0.0,-9999.0,9.663007,-94.0,5.057837,0.0,0.0,6894.753,12538.232,1,1426,1237
66.0,0.0,-9999.0,9.663007,-3.4028235e+38,5.057837,0.0,0.0,0.0,11175.65,0,947,209
64.0,0.0,-9999.0,9.663007,-3.4028235e+38,5.057837,0.0,0.0,0.0,11300.993,1,562,151
65.0,0.0,-9999.0,9.663007,-3.4028235e+38,5.057837,0.0,0.0,0.0,11381.77,0,352,202
74.0,0.0,-9999.0,9.663007,-181.0,5.057837,0.0,0.0,6894.753,11280.281,0,542,1418
71.0,0.0,-9999.0,9.663007,-3.4028235e+38,5.057837,0.0,0.0,0.0,11958.003,0,2155,377
81.0,0.0,-9999.0,9.663007,-101.0,5.057837,0.0,0.0,6894.753,11123.452,0,890,959
83.0,0.0,-9999.0,9.663007,-172.0,5.057837,0.0,0.0,6894.753,11204.898,0,934,1274
82.0,0.0,-9999.0,9.663007,-7.0,5.057837,0.0,0.0,6894.753,11820.178,0,1237,938
81.0,0.0,-9999.0,9.663007,-174.0,5.057837,0.0,0.0,6894.753,11136.001,1,854,1329
87.0,0.0,-9999.0,9.663007,-3.0,5.057837,0.0,0.0,6894.753,13375.108,1,1843,1140
82.0,0.0,-9999.0,9.663007,-173.0,5.057837,0.0,0.0,6894.753,11563.405,0,913,1643
80.0,0.0,-9999.0,9.663007,-9.0,5.057837,0.0,0.0,6894.753,11574.569,1,1142,836
67.0,0.0,-9999.0,9.663007,-3.4028235e+38,5.057837,0.0,0.0,0.0,11237.122,0,1035,280
73.0,0.0,-9999.0,9.663007,-3.4028235e+38,5.057837,0.0,0.0,0.0,11514.212,0,1208,544
66.0,0.0,-9999.0,9.663007,-3.4028235e+38,5.057837,0.0,0.0,0.0,11215.352,0,1029,205
79.0,0.0,-9999.0,9.663007,-3.4028235e+38,5.057837,0.0,0.0,6894.753,11217.063,1,950,796
77.0,0.0,-9999.0,9.663007,-3.4028235e+38,5.057837,0.0,0.0,0.0,11680.915,1,1244,719
72.0,0.0,-9999.0,9.663007,-3.4028235e+38,5.057837,0.0,0.0,6894.753,11149.031,0,453,1302
61.0,0.0,-9999.0,9.663007,-3.4028235e+38,5.057837,0.0,0.0,0.0,11399.444,1,396,12
68.0,0.0,-9999.0,9.663007,-3.4028235e+38,5.057837,0.0,0.0,6894.753,11266.13,0,312,818
90.0,0.0,-9999.0,9.663007,-92.0,5.057837,0.0,0.0,6894.753,13627.563,1,1918,1264
243.0,28.621763,193.7816,7.9385114,57.0,6.7218504,0.0,0.0,10549.487,13566.442,0,2400,1907
78.0,0.0,-9999.0,9.663007,-3.4028235e+38,5.057837,0.0,0.0,6894.753,11993.153,1,1422,745
81.0,0.0,-9999.0,9.663007,-8.0,5.057837,0.0,0.0,6894.753,12767.968,1,1739,887
84.0,0.0,-9999.0,9.663007,-171.0,5.057837,0.0,0.0,6894.753,11829.5205,1,968,1765
80.0,0.0,-9999.0,9.663007,-9.0,5.057837,0.0,0.0,6894.753,12647.339,1,1691,871
86.0,0.0,-9999.0,9.663007,-169.0,5.057837,0.0,0.0,6894.753,11689.8545,1,1063,1425
86.0,0.0,-9999.0,9.663007,-169.0,5.057837,0.0,0.0,6894.753,11906.466,1,1076,1614
81.0,0.0,-9999.0,9.663007,-8.0,5.057837,0.0,0.0,6894.753,11546.991,1,1113,898
63.0,0.0,-9999.0,9.663007,-3.4028235e+38,5.057837,0.0,0.0,6894.753,11494.31,0,27,1541
73.0,0.0,-9999.0,9.663007,-3.4028235e+38,5.057837,0.0,0.0,0.0,12083.681,0,1712,518
86.0,0.0,-9999.0,9.663007,-96.0,5.057837,0.0,0.0,6894.753,12887.885,0,1627,1109
61.0,0.0,-9999.0,9.663007,-3.4028235e+38,5.057837,0.0,0.0,0.0,11281.842,0,643,14
64.0,0.0,-9999.0,9.663007,-3.4028235e+38,5.057837,0.0,0.0,0.0,11408.891,0,160,407
96.0,0.0,-9999.0,9.663007,-86.0,5.057837,0.0,0.0,6894.753,13430.635,1,1728,1581
77.0,0.0,-9999.0,9.663007,-3.4028235e+38,5.057837,0.0,0.0,0.0,12546.277,0,2067,687
101.0,0.0,-9999.0,9.663007,-81.0,5.057837,0.0,0.0,6894.753,13567.895,1,2047,1788
103.0,0.0,-9999.0,9.663007,-83.0,5.057837,0.0,0.0,11239.798,13520.623,0,1901,1866
85.0,0.0,-9999.0,9.663007,-97.0,5.057837,0.0,0.0,6894.753,11476.196,0,1041,1170
81.0,0.0,-9999.0,9.663007,-8.0,5.057837,0.0,0.0,6894.753,12201.014,0,1450,886
74.0,0.0,-9999.0,9.663007,-3.4028235e+38,5.057837,0.0,0.0,0.0,11222.544,1,585,662
77.0,0.0,-9999.0,9.663007,-3.4028235e+38,5.057837,0.0,0.0,0.0,11662.195,0,1231,722
91.0,0.0,-9999.0,9.663007,-91.0,5.057837,0.0,0.0,6894.753,12326.101,0,1310,1385
70.0,0.0,-9999.0,9.663007,-3.4028235e+38,5.057837,0.0,0.0,0.0,11664.937,0,1488,389
68.0,0.0,-9999.0,9.663007,-3.4028235e+38,5.057837,0.0,0.0,6894.753,11304.944,0,275,1417
77.0,0.0,-9999.0,9.663007,-3.4028235e+38,5.057837,0.0,0.0,0.0,12477.987,0,1867,667
69.0,0.0,-9999.0,9.663007,-3.4028235e+38,5.057837,0.0,0.0,0.0,11833.284,0,2132,314
91.0,0.0,-9999.0,9.663007,-164.0,5.057837,0.0,0.0,6894.753,12456.95,1,1284,1726
95.0,0.0,-9999.0,9.663007,-87.0,5.057837,0.0,0.0,6894.753,13488.845,1,1750,1557
82.0,0.0,-9999.0,9.663007,-7.0,5.057837,0.0,0.0,6894.753,12955.128,1,1805,923
68.0,0.0,-9999.0,9.663007,-3.4028235e+38,5.057837,0.0,0.0,0.0,11736.668,0,2021,270
62.0,0.0,-9999.0,9.663007,-3.4028235e+38,5.057837,0.0,0.0,0.0,11445.098,1,54,413
101.0,0.0,-9999.0,9.663007,-81.0,5.057837,0.0,0.0,10559.482,13582.039,1,2134,1783
65.0,0.0,-9999.0,9.663007,-3.4028235e+38,5.057837,0.0,0.0,0.0,11335.2,1,167,683
86.0,0.0,-9999.0,9.663007,-169.0,5.057837,0.0,0.0,6894.753,11637.402,0,1064,1369
90.0,0.0,-9999.0,9.663007,-165.0,5.057837,0.0,0.0,6894.753,12431.714,1,1275,1716
72.0,0.0,-9999.0,9.663007,-3.4028235e+38,5.057837,0.0,0.0,0.0,11260.187,0,522,532
90.0,0.0,-9999.0,9.663007,-165.0,5.057837,0.0,0.0,6894.753,12330.107,1,1265,1588
74.0,0.0,-9999.0,9.663007,-181.0,5.057837,0.0,0.0,6894.753,11180.416,0,586,975
70.0,0.0,-9999.0,9.663007,-3.4028235e+38,5.057837,0.0,0.0,0.0,11194.113,0,753,436
94.0,0.0,-9999.0,9.663007,-161.0,5.057837,0.0,0.0,6894.753,12759.09,1,1418,1774
69.0,0.0,-9999.0,9.663007,-3.4028235e+38,5.057837,0.0,0.0,6894.753,11177.102,0,291,1243
91.0,0.0,-9999.0,9.663007,-91.0,5.057837,0.0,0.0,6894.753,13677.929,1,1804,1346
90.0,0.0,-9999.0,9.663007,-92.0,5.057837,0.0,0.0,6894.753,13629.912,1,1920,1265
102.0,0.0,-9999.0,9.663007,-80.0,5.057837,0.0,0.0,11528.328,13517.489,1,1799,1835
98.0,0.0,-9999.0,9.663007,-84.0,5.057837,0.0,0.0,6894.753,13630.435,0,2130,1655
67.0,0.0,-9999.0,9.663007,-3.4028235e+38,5.057837,0.0,0.0,0.0,11327.966,0,272,587
76.0,0.0,-9999.0,9.663007,-3.4028235e+38,5.057837,0.0,0.0,0.0,11223.213,1,960,668
63.0,0.0,-9999.0,9.663007,-3.4028235e+38,5.057837,0.0,0.0,6894.753,11219.333,0,20,1202
62.0,0.0,-9999.0,9.663007,-3.4028235e+38,5.057837,0.0,0.0,0.0,11203.959,0,1321,28
69.0,0.0,-9999.0,9.663007,-3.4028235e+38,5.057837,0.0,0.0,6894.753,11266.419,0,343,781
92.0,0.0,-9999.0,9.663007,-90.0,5.057837,0.0,0.0,6894.753,13173.902,0,1620,1421
93.0,0.0,-9999.0,9.663007,-89.0,5.057837,0.0,0.0,6894.753,12778.754,1,1467,1472
84.0,0.0,-9999.0,10.12172,-98.0,5.5165496,0.0,0.0,6894.753,12162.705,1,1348,1060
71.0,0.0,-9999.0,9.663007,-3.4028235e+38,5.057837,0.0,0.0,6894.753,11209.861,0,405,1354
76.0,0.0,-9999.0,9.663007,-3.4028235e+38,5.057837,0.0,0.0,0.0,11398.733,1,1077,673
96.0,0.0,-9999.0,9.663007,-86.0,5.057837,0.0,0.0,6894.753,13620.7,1,1859,1552
97.0,0.0,-9999.0,9.663007,-85.0,5.057837,0.0,0.0,11161.493,13705.888,0,2395,1580
76.0,0.0,-9999.0,9.663007,-3.4028235e+38,5.057837,0.0,0.0,0.0,11617.549,1,1225,669
81.0,0.0,-9999.0,9.663007,-174.0,5.057837,0.0,0.0,6894.753,11681.245,0,822,1752
95.0,0.0,-9999.0,9.663007,-160.0,5.057837,0.0,0.0,12202.513,12799.752,0,1427,1840
62.0,0.0,-9999.0,9.663007,-3.4028235e+38,5.057837,0.0,0.0,0.0,11468.206,0,90,285
93.0,0.0,-9999.0,9.663007,-162.0,5.057837,0.0,0.0,6894.753,12649.603,0,1389,1650
82.0,0.0,-9999.0,9.663007,-173.0,5.057837,0.0,0.0,6894.753,11476.161,0,909,1581
84.0,0.0,-9999.0,9.663007,-6.0,5.057837,0.0,0.0,6894.753,12933.654,1,1683,1054
87.0,0.0,-9999.0,9.663007,-95.0,5.057837,0.0,0.0,6894.753,13064.834,0,1651,1184
98.0,0.0,-9999.0,9.663007,-84.0,5.057837,0.0,0.0,6894.753,13576.61,1,1823,1666
81.0,0.0,-9999.0,9.663007,-174.0,5.057837,0.0,0.0,6894.753,11152.285,1,844,1341
91.0,0.0,-9999.0,9.663007,-91.0,5.057837,0.0,0.0,6894.753,13179.991,0,1622,1345
64.0,0.0,-9999.0,9.663007,-3.4028235e+38,5.057837,0.0,0.0,6894.753,11201.332,0,58,1248
83.0,0.0,-9999.0,9.663007,-99.0,5.057837,0.0,0.0,6894.753,11465.991,0,1058,991
66.0,0.0,-9999.0,9.663007,-3.4028235e+38,5.057837,0.0,0.0,0.0,11513.885,0,1855,162
65.0,0.0,-9999.0,9.663007,-3.4028235e+38,5.057837,0.0,0.0,0.0,11391.566,1,188,436
80.0,0.0,-9999.0,9.663007,-9.0,5.057837,0.0,0.0,6894.753,12280.097,1,1521,840
85.0,0.0,-9999.0,9.663007,-5.0,5.057837,0.0,0.0,6894.753,13286.001,0,2229,1054
65.0,0.0,-9999.0,9.663007,-3.4028235e+38,5.057837,0.0,0.0,6894.753,11293.126,1,175,839
84.0,0.0,-9999.0,9.663007,-171.0,5.057837,0.0,0.0,6894.753,11807.899,1,950,1778
61.0,0.0,-9999.0,9.663007,-3.4028235e+38,5.057837,0.0,0.0,0.0,11446.309,1,14,456
91.0,0.0,-9999.0,9.663007,-164.0,5.057837,0.0,0.0,12386.336,12501.063,0,1275,1830
63.0,0.0,-9999.0,9.663007,-3.4028235e+38,5.057837,0.0,0.0,0.0,11462.55,0,112,274
102.0,0.0,-9999.0,9.663007,-80.0,5.057837,0.0,0.0,6894.753,13568.681,1,2090,1802
65.0,0.0,-9999.0,11.182808,-3.4028235e+38,6.577637,0.0,0.0,6894.753,11180.183,0,140,1294
71.0,0.0,-9999.0,9.663007,-3.4028235e+38,5.057837,0.0,0.0,0.0,11273.344,1,496,502
87.0,0.0,-9999.0,9.663007,-95.0,5.057837,0.0,0.0,6894.753,12988.725,1,1627,1175
91.0,0.0,-9999.0,9.663007,-91.0,5.057837,0.0,0.0,6894.753,12505.832,1,1383,1337
276.0,6.8427734,0.0,7.9552827,90.0,5.4097047,0.0,0.0,10545.91,13560.803,0,2385,1916
81.0,0.0,-9999.0,9.663007,-174.0,5.057837,0.0,0.0,6894.753,11295.434,0,834,1452
96.0,0.0,-9999.0,9.663007,-86.0,5.057837,0.0,0.0,6894.753,13559.219,1,1783,1590
63.0,0.0,-9999.0,9.663007,-3.4028235e+38,5.057837,0.0,0.0,0.0,11486.717,1,148,128
97.0,0.0,-9999.0,9.663007,-158.0,5.057837,0.0,0.0,12038.298,13013.423,1,1539,1826
91.0,0.0,-9999.0,9.663007,-91.0,5.057837,0.0,0.0,6894.753,12372.607,1,1314,1451
96.0,0.0,-9999.0,9.663007,-86.0,5.057837,0.0,0.0,6894.753,13627.426,1,1919,1564
98.0,0.0,-9999.0,9.663007,-84.0,5.057837,0.0,0.0,6894.753,13599.218,0,1885,1629
90.0,0.0,-9999.0,9.663007,-92.0,5.057837,0.0,0.0,6894.753,13748.979,0,2278,1286
93.0,0.0,-9999.0,9.663007,-89.0,5.057837,0.0,0.0,6894.753,12579.931,0,1395,1439
71.0,0.0,-9999.0,9.663007,-3.4028235e+38,5.057837,0.0,0.0,0.0,11281.674,1,431,575
100.0,0.0,-9999.0,9.663007,-82.0,5.057837,0.0,0.0,11893.332,13259.041,1,1666,1849
82.0,0.0,-9999.0,9.663007,-173.0,5.057837,0.0,0.0,6894.753,11136.634,0,875,1331
85.0,0.0,-9999.0,9.663007,-5.0,5.057837,0.0,0.0,6894.753,12620.267,1,1538,1071
88.0,0.0,-9999.0,9.663007,-94.0,5.057837,0.0,0.0,6894.753,11956.932,0,1215,1223
88.0,0.0,-9999.0,9.663007,-167.0,5.057837,0.0,0.0,6894.753,12178.329,0,1129,1785
93.0,0.0,-9999.0,9.663007,-89.0,5.057837,0.0,0.0,6894.753,12745.646,0,1458,1437
77.0,0.0,-9999.0,9.663007,-178.0,5.057837,0.0,0.0,6894.753,11372.826,0,679,1500
85.0,0.0,-9999.0,9.663007,-170.0,5.057837,0.0,0.0,6894.753,11961.709,1,987,1848
80.0,0.0,-9999.0,9.663007,-3.4028235e+38,5.057837,0.0,0.0,6894.753,12817.171,0,2258,811
73.0,0.0,-9999.0,9.663007,-3.4028235e+38,5.057837,0.0,0.0,0.0,12191.215,0,2188,495
64.0,0.0,-9999.0,9.663007,-3.4028235e+38,5.057837,0.0,0.0,0.0,11308.658,1,544,152
85.0,0.0,-9999.0,9.663007,-5.0,5.057837,0.0,0.0,6894.753,13033.747,1,1718,1065
102.0,0.0,-9999.0,9.663007,-84.0,5.057837,0.0,0.0,11645.936,13458.94,0,1781,1916
80.0,0.0,-9999.0,9.663007,-9.0,5.057837,0.0,0.0,6894.753,11225.626,0,953,840
95.0,0.0,-9999.0,9.663007,-87.0,5.057837,0.0,0.0,6894.753,13671.5205,0,1991,1477
74.0,0.0,-9999.0,9.663007,-3.4028235e+38,5.057837,0.0,0.0,0.0,11158.043,1,823,619
94.0,0.0,-9999.0,9.663007,-88.0,5.057837,0.0,0.0,6894.753,12694.719,1,1429,1514
91.0,0.0,-9999.0,9.663007,-164.0,5.057837,0.0,0.0,6894.753,12469.07,1,1309,1651
68.0,0.0,-9999.0,9.663007,-3.4028235e+38,5.057837,0.0,0.0,0.0,11370.548,0,1215,306
64.0,0.0,-9999.0,9.663007,-3.4028235e+38,5.057837,0.0,0.0,0.0,11479.796,0,153,146
99.0,0.0,-9999.0,9.663007,-83.0,5.057837,0.0,0.0,6894.753,13583.805,1,1878,1671
68.0,0.0,-9999.0,9.663007,-3.4028235e+38,5.057837,0.0,0.0,0.0,11542.9375,0,1453,310
71.0,0.0,-9999.0,9.663007,-3.4028235e+38,5.057837,0.0,0.0,0.0,11788.097,0,1576,421
91.0,0.0,-9999.0,9.663007,-91.0,5.057837,0.0,0.0,6894.753,12412.535,0,1346,1360
89.0,0.0,-9999.0,9.663007,-93.0,5.057837,0.0,0.0,6894.753,13496.116,1,1857,1202
82.0,0.0,-9999.0,9.663007,-7.0,5.057837,0.0,0.0,6894.753,12946.746,1,1822,917
70.0,0.0,-9999.0,9.663007,-3.4028235e+38,5.057837,0.0,0.0,0.0,11285.724,0,422,568
84.0,0.0,-9999.0,9.663007,-171.0,5.057837,0.0,0.0,6894.753,11710.352,1,984,1630
90.0,0.0,-9999.0,9.663007,-92.0,5.057837,0.0,0.0,6894.753,12998.978,1,1566,1295
71.0,0.0,-9999.0,9.663007,-3.4028235e+38,5.057837,0.0,0.0,0.0,11281.496,1,454,535
89.0,0.0,-9999.0,9.663007,-93.0,5.057837,0.0,0.0,6894.753,12878.589,1,1545,1250
65.0,0.0,-9999.0,9.663007,-3.4028235e+38,5.057837,0.0,0.0,0.0,11334.924,1,168,683
85.0,0.0,-9999.0,9.663007,-170.0,5.057837,0.0,0.0,6894.753,11922.628,0,1025,1742
90.0,0.0,-9999.0,9.663007,-92.0,5.057837,0.0,0.0,6894.753,13543.543,1,1756,1298
92.0,0.0,-9999.0,9.663007,-163.0,5.057837,0.0,0.0,6894.753,12591.466,0,1349,1718
70.0,0.0,-9999.0,9.663007,-3.4028235e+38,5.057837,0.0,0.0,0.0,11897.939,0,1881,362
71.0,0.0,-9999.0,9.663007,-3.4028235e+38,5.057837,0.0,0.0,0.0,11248.809,0,1003,458
74.0,0.0,-9999.0,9.663007,-3.4028235e+38,5.057837,0.0,0.0,0.0,11151.957,1,850,585
62.0,0.0,-9999.0,9.663007,-3.4028235e+38,5.057837,0.0,0.0,0.0,11450.052,0,62,386
86.0,0.0,-9999.0,9.663007,-4.0,5.057837,0.0,0.0,6894.753,13296.919,1,1852,1098
63.0,0.0,-9999.0,9.663007,-3.4028235e+38,5.057837,0.0,0.0,0.0,11436.786,1,268,115
68.0,0.0,-9999.0,9.663007,-3.4028235e+38,5.057837,0.0,0.0,0.0,11305.365,0,298,654
79.0,0.0,-9999.0,9.663007,-3.4028235e+38,5.057837,0.0,0.0,6894.753,12716.56,0,2154,768
80.0,0.0,-9999.0,9.663007,-9.0,5.057837,0.0,0.0,6894.753,11136.469,0,833,927
74.0,0.0,-9999.0,9.663007,-3.4028235e+38,5.057837,0.0,0.0,0.0,12233.484,0,2199,516
74.0,0.0,-9999.0,9.663007,-3.4028235e+38,5.057837,0.0,0.0,0.0,11228.336,0,564,663
71.0,0.0,-9999.0,9.663007,-3.4028235e+38,5.057837,0.0,0.0,0.0,11272.237,0,473,554
73.0,0.0,-9999.0,9.663007,-3.4028235e+38,5.057837,0.0,0.0,0.0,11288.563,0,1028,517
75.0,2.29061,270.0,8.471934,-3.4028235e+38,5.057837,0.0,0.0,0.0,11153.111,1,834,647
76.0,0.0,-9999.0,9.663007,-179.0,5.057837,0.0,0.0,6894.753,11480.424,0,639,1580
69.0,0.0,-9999.0,9.663007,-3.4028235e+38,5.057837,0.0,0.0,6894.753,11373.941,0,296,1471
81.0,0.0,-9999.0,9.663007,-8.0,5.057837,0.0,0.0,6894.753,12319.128,1,1497,907
93.0,0.0,-9999.0,9.663007,-89.0,5.057837,0.0,0.0,6894.753,12673.278,1,1415,1552
62.0,0.0,-9999.0,9.663007,-3.4028235e+38,5.057837,0.0,0.0,0.0,11461.084,1,243,59
96.0,0.0,-9999.0,9.663007,-86.0,5.057837,0.0,0.0,6894.753,13651.686,1,2006,1540
99.0,0.0,-9999.0,9.663007,-83.0,5.057837,0.0,0.0,6894.753,13358.043,1,1706,1707
97.0,0.0,-9999.0,9.663007,-85.0,5.057837,0.0,0.0,6894.753,13597.18,1,1820,1602
94.0,0.0,-9999.0,9.663007,-88.0,5.057837,0.0,0.0,6894.753,13051.222,0,1572,1491
82.0,0.0,-9999.0,9.663007,-7.0,5.057837,0.0,0.0,6894.753,12763.392,1,1675,961
79.0,0.0,-9999.0,10.309285,-10.0,5.704115,0.0,0.0,6894.753,11684.22,0,1203,831
63.0,0.0,-9999.0,9.663007,-3.4028235e+38,5.057837,0.0,0.0,6894.753,11440.796,0,42,1502
91.0,0.0,-9999.0,9.663007,-91.0,5.057837,0.0,0.0,6894.753,13293.911,1,1663,1359
63.0,0.0,-9999.0,9.663007,-3.4028235e+38,5.057837,0.0,0.0,6894.753,11544.413,0,32,1579
82.0,0.0,-9999.0,9.663007,-173.0,5.057837,0.0,0.0,6894.753,11109.499,0,887,1286
78.0,0.0,-9999.0,10.19272,-177.0,5.58755,0.0,0.0,6894.753,11134.782,0,775,1101
62.0,0.0,-9999.0,9.663007,-3.4028235e+38,5.057837,0.0,0.0,0.0,11498.115,1,87,183
103.0,0.0,-9999.0,9.663007,-83.0,5.057837,0.0,0.0,11520.185,13500.095,1,1817,1896
103.0,0.0,-9999.0,9.663007,-83.0,5.057837,0.0,0.0,11532.409,13501.982,1,1811,1888
75.0,0.0,-9999.0,9.663007,-3.4028235e+38,5.057837,0.0,0.0,0.0,12321.108,0,2171,563
95.0,0.0,-9999.0,9.663007,-87.0,5.057837,0.0,0.0,6894.753,13686.466,0,2099,1493
104.0,0.0,-9999.0,9.663007,-82.0,5.057837,0.0,0.0,10772.364,13525.75,1,2064,1908
74.0,0.0,-9999.0,9.663007,-181.0,5.057837,0.0,0.0,6894.753,11161.37,0,527,1175
66.0,0.0,-9999.0,9.663007,-3.4028235e+38,5.057837,0.0,0.0,0.0,11380.253,0,236,413
91.0,0.0,-9999.0,9.663007,-91.0,5.057837,0.0,0.0,6894.753,13308.83,1,1668,1348
85.0,0.0,-9999.0,9.663007,-5.0,5.057837,0.0,0.0,6894.753,13230.818,0,1855,1063
71.0,0.0,-9999.0,9.663007,-3.4028235e+38,5.057837,0.0,0.0,0.0,11271.938,1,416,653
82.0,0.0,-9999.0,9.663007,-7.0,5.057837,0.0,0.0,6894.753,12258.229,1,1455,927
94.0,0.0,-9999.0,9.663007,-88.0,5.057837,0.0,0.0,6894.753,12765.051,1,1453,1549
101.0,0.0,-9999.0,9.663007,-81.0,5.057837,0.0,0.0,6894.753,13562.8125,1,2016,1790
89.0,0.0,-9999.0,9.663007,-93.0,5.057837,0.0,0.0,6894.753,12609.415,0,1439,1269
97.0,0.0,-9999.0,9.663007,-85.0,5.057837,0.0,0.0,10906.072,13663.712,1,2156,1580
67.0,0.0,-9999.0,9.663007,-3.4028235e+38,5.057837,0.0,0.0,0.0,11634.964,0,2227,207
90.0,0.0,-9999.0,9.663007,-92.0,5.057837,0.0,0.0,6894.753,13623.085,1,1915,1262
105.0,0.0,-9999.0,9.663007,-81.0,5.057837,0.0,0.0,10570.753,13528.904,0,2175,1934
82.0,0.0,-9999.0,9.663007,-173.0,5.057837,0.0,0.0,6894.753,11880.839,0,865,1912
71.0,0.0,-9999.0,9.663007,-3.4028235e+38,5.057837,0.0,0.0,6894.753,11787.752,0,366,1792
80.0,0.0,-9999.0,9.663007,-9.0,5.057837,0.0,0.0,6894.753,11136.283,1,905,848
86.0,0.0,-9999.0,9.663007,-169.0,5.057837,0.0,0.0,6894.753,11679.299,1,1070,1395
74.0,0.0,-9999.0,9.663007,-3.4028235e+38,5.057837,0.0,0.0,6894.753,11884.438,0,462,1875
86.0,0.0,-9999.0,9.663007,-4.0,5.057837,0.0,0.0,6894.753,13153.889,1,1729,1119
96.0,0.0,-9999.0,9.663007,-86.0,5.057837,0.0,0.0,6894.753,13370.721,0,1702,1567
71.0,0.0,-9999.0,9.663007,-3.4028235e+38,5.057837,0.0,0.0,0.0,11947.581,0,2081,376
90.0,0.0,-9999.0,9.663007,-165.0,5.057837,0.0,0.0,6894.753,12397.517,0,1209,1864
83.0,0.0,-9999.0,9.663007,-6.0,5.057837,0.0,0.0,6894.753,13044.254,0,1856,965
72.0,0.0,-9999.0,9.663007,-3.4028235e+38,5.057837,0.0,0.0,0.0,11253.731,1,474,663
83.0,0.0,-9999.0,9.663007,-172.0,5.057837,0.0,0.0,6894.753,11512.713,1,935,1560
85.0,0.0,-9999.0,9.663007,-5.0,5.057837,0.0,0.0,6894.753,12558.619,1,1514,1067
70.0,0.0,-9999.0,9.663007,-3.4028235e+38,5.057837,0.0,0.0,6894.753,11202.983,0,397,1045
62.0,0.0,-9999.0,9.663007,-3.4028235e+38,5.057837,0.0,0.0,0.0,11436.311,1,85,405
83.0,0.0,-9999.0,9.663007,-172.0,5.057837,0.0,0.0,6894.753,11766.989,0,922,1791
63.0,0.0,-9999.0,9.663007,-3.4028235e+38,5.057837,0.0,0.0,0.0,11397.0,0,122,501
63.0,0.0,-9999.0,9.663007,-3.4028235e+38,5.057837,0.0,0.0,0.0,11459.22,1,217,116
89.0,0.0,-9999.0,9.663007,-93.0,5.057837,0.0,0.0,6894.753,12444.12,0,1385,1254
78.0,0.0,-9999.0,9.663007,-3.4028235e+38,5.057837,0.0,0.0,0.0,12589.733,0,2124,705
71.0,0.0,-9999.0,9.663007,-3.4028235e+38,5.057837,0.0,0.0,6894.753,11179.005,0,399,1170
97.0,0.0,-9999.0,9.663007,-85.0,5.057837,0.0,0.0,10912.493,13664.7705,1,2162,1580
70.0,0.0,-9999.0,9.663007,-3.4028235e+38,5.057837,0.0,0.0,6894.753,11996.977,0,290,1944
69.0,0.0,-9999.0,9.663007,-3.4028235e+38,5.057837,0.0,0.0,6894.753,11828.809,0,234,1811
90.0,0.0,-9999.0,9.663007,-92.0,5.057837,0.0,0.0,6894.753,12532.086,1,1400,1299
80.0,0.0,-9999.0,9.663007,-9.0,5.057837,0.0,0.0,6894.753,11699.559,0,1203,856
79.0,0.0,-9999.0,9.663007,-103.0,5.057837,0.0,0.0,6894.753,11137.447,0,820,953
77.0,0.0,-9999.0,9.663007,-3.4028235e+38,5.057837,0.0,0.0,0.0,11482.748,1,1122,711
82.0,0.0,-9999.0,9.663007,-7.0,5.057837,0.0,0.0,6894.753,11744.964,0,1203,930
78.0,0.0,-9999.0,9.663007,-177.0,5.057837,0.0,0.0,6894.753,11755.253,1,677,1796
96.0,0.0,-9999.0,9.663007,-159.0,5.057837,0.0,0.0,6894.753,12962.129,1,1516,1790
71.0,0.0,-9999.0,9.663007,-3.4028235e+38,5.057837,0.0,0.0,0.0,11232.706,0,628,478
88.0,0.0,-9999.0,9.663007,-167.0,5.057837,0.0,0.0,6894.753,12182.9795,1,1149,1742
85.0,0.0,-9999.0,9.663007,-97.0,5.057837,0.0,0.0,6894.753,12739.517,1,1576,1092
73.0,0.0,-9999.0,9.663007,-3.4028235e+38,5.057837,0.0,0.0,0.0,11227.264,1,612,564
77.0,0.0,-9999.0,9.663007,-3.4028235e+38,5.057837,0.0,0.0,0.0,11224.787,0,959,703
71.0,0.0,-9999.0,9.663007,-3.4028235e+38,5.057837,0.0,0.0,0.0,11248.899,1,457,719
71.0,0.0,-9999.0,9.663007,-3.4028235e+38,5.057837,0.0,0.0,0.0,11435.1455,0,1192,443
91.0,0.0,-9999.0,9.663007,-91.0,5.057837,0.0,0.0,6894.753,12597.635,1,1411,1372
61.0,0.0,-9999.0,9.663007,-3.4028235e+38,5.057837,0.0,0.0,0.0,11564.799,0,24,50
94.0,0.0,-9999.0,9.663007,-88.0,5.057837,0.0,0.0,11313.71,13739.3545,0,2302,1459
76.0,0.0,-9999.0,9.663007,-3.4028235e+38,5.057837,0.0,0.0,0.0,11507.125,0,1157,651
104.0,0.0,-9999.0,9.663007,-82.0,5.057837,0.0,0.0,11130.164,13506.936,1,1951,1923
96.0,0.0,-9999.0,9.663007,-86.0,5.057837,0.0,0.0,6894.753,13029.765,1,1557,1649
96.0,0.0,-9999.0,9.663007,-86.0,5.057837,0.0,0.0,6894.753,13647.507,1,1993,1545
71.0,0.0,-9999.0,9.663007,-3.4028235e+38,5.057837,0.0,0.0,0.0,12045.648,0,2239,417
83.0,0.0,-9999.0,9.663007,-172.0,5.057837,0.0,0.0,6894.753,11538.454,1,951,1549
74.0,0.0,-9999.0,9.663007,-3.4028235e+38,5.057837,0.0,0.0,0.0,11221.767,1,611,610
72.0,0.0,-9999.0,9.663007,-3.4028235e+38,5.057837,0.0,0.0,0.0,12100.147,0,1743,507
74.0,0.0,-9999.0,9.663007,-3.4028235e+38,5.057837,0.0,0.0,0.0,12147.002,0,1669,588
73.0,0.0,-9999.0,9.663007,-3.4028235e+38,5.057837,0.0,0.0,0.0,11227.156,0,546,706
94.0,0.0,-9999.0,9.663007,-88.0,5.057837,0.0,0.0,6894.753,13206.043,1,1633,1509
63.0,0.0,-9999.0,9.663007,-3.4028235e+38,5.057837,0.0,0.0,0.0,11176.19,0,991,73
94.0,0.0,-9999.0,9.663007,-161.0,5.057837,0.0,0.0,12417.055,12756.568,1,1382,1944
78.0,0.0,-9999.0,9.663007,-3.4028235e+38,5.057837,0.0,0.0,6894.753,12362.122,1,1618,775
82.0,0.0,-9999.0,9.663007,-173.0,5.057837,0.0,0.0,6894.753,11113.66,0,900,1181
75.0,0.0,-9999.0,9.663007,-3.4028235e+38,5.057837,0.0,0.0,0.0,11501.578,1,1156,643
97.0,0.0,-9999.0,9.663007,-158.0,5.057837,0.0,0.0,6894.753,12966.426,1,1516,1814
71.0,0.0,-9999.0,9.663007,-3.4028235e+38,5.057837,0.0,0.0,0.0,12013.923,0,1814,427
101.0,0.0,-9999.0,9.663007,-81.0,5.057837,0.0,0.0,6894.753,13565.573,1,2015,1782
87.0,0.0,-9999.0,9.663007,-95.0,5.057837,0.0,0.0,6894.753,11739.707,0,1123,1290
83.0,0.0,-9999.0,9.663007,-172.0,5.057837,0.0,0.0,6894.753,11358.45,1,948,1404
75.0,0.0,-9999.0,9.663007,-3.4028235e+38,5.057837,0.0,0.0,0.0,11206.96,1,641,660
90.0,0.0,-9999.0,9.663007,-92.0,5.057837,0.0,0.0,6894.753,12365.746,1,1336,1322
84.0,0.0,-9999.0,9.663007,-171.0,5.057837,0.0,0.0,6894.753,11694.258,1,977,1630
74.0,0.0,-9999.0,9.663007,-181.0,5.057837,0.0,0.0,6894.753,11620.301,0,524,1678
80.0,0.0,-9999.0,9.663007,-9.0,5.057837,0.0,0.0,6894.753,12190.986,1,1473,840
64.0,0.0,-9999.0,9.663007,-3.4028235e+38,5.057837,0.0,0.0,6894.753,11315.638,0,114,808
101.0,0.0,-9999.0,9.663007,-81.0,5.057837,0.0,0.0,10660.585,13608.246,0,2262,1763
97.0,0.0,-9999.0,9.663007,-85.0,5.057837,0.0,0.0,6894.753,13597.952,1,1836,1608
76.0,0.0,-9999.0,9.663007,-3.4028235e+38,5.057837,0.0,0.0,0.0,11648.085,1,1246,668
86.0,0.0,-9999.0,9.663007,-96.0,5.057837,0.0,0.0,6894.753,11657.129,1,1095,1281
78.0,0.0,-9999.0,9.663007,-177.0,5.057837,0.0,0.0,6894.753,11690.551,1,700,1748
101.0,0.0,-9999.0,9.663007,-81.0,5.057837,0.0,0.0,11682.885,13418.319,0,1747,1829
64.0,2.29061,270.0,8.471934,-3.4028235e+38,5.057837,0.0,0.0,0.0,11401.809,0,169,422
88.0,0.0,-9999.0,9.663007,-167.0,5.057837,0.0,0.0,6894.753,12241.156,1,1125,1866
65.0,0.0,-9999.0,9.663007,-3.4028235e+38,5.057837,0.0,0.0,6894.753,11628.269,0,116,1649
78.0,0.0,-9999.0,9.663007,-177.0,5.057837,0.0,0.0,6894.753,11702.532,1,686,1756
92.0,0.0,-9999.0,9.663007,-163.0,5.057837,0.0,0.0,6894.753,12525.393,0,1340,1623
90.0,0.0,-9999.0,9.663007,-92.0,5.057837,0.0,0.0,6894.753,12677.485,1,1446,1317
78.0,0.0,-9999.0,9.663007,-3.4028235e+38,5.057837,0.0,0.0,6894.753,11899.628,1,1354,765
98.0,0.0,-9999.0,10.352969,-157.0,5.7477994,0.0,0.0,12021.156,13145.397,0,1606,1897
84.0,0.0,-9999.0,9.663007,-6.0,5.057837,0.0,0.0,6894.753,12893.339,0,1667,1052
70.0,0.0,-9999.0,9.663007,-3.4028235e+38,5.057837,0.0,0.0,0.0,11287.129,1,389,614
101.0,0.0,-9999.0,9.663007,-81.0,5.057837,0.0,0.0,6894.753,13553.201,1,1913,1776
79.0,0.0,-9999.0,9.663007,-3.4028235e+38,5.057837,0.0,0.0,6894.753,11272.167,1,980,813
83.0,0.0,-9999.0,9.663007,-172.0,5.057837,0.0,0.0,6894.753,11461.461,0,930,1528
86.0,0.0,-9999.0,9.663007,-96.0,5.057837,0.0,0.0,6894.753,11634.224,0,1106,1148
90.0,0.0,-9999.0,9.663007,-92.0,5.057837,0.0,0.0,6894.753,13057.562,1,1579,1319
84.0,0.0,-9999.0,9.663007,-6.0,5.057837,0.0,0.0,6894.753,12281.617,1,1409,1038
72.0,0.0,-9999.0,9.663007,-3.4028235e+38,5.057837,0.0,0.0,0.0,11922.604,0,1612,488
69.0,0.0,-9999.0,9.663007,-3.4028235e+38,5.057837,0.0,0.0,0.0,11275.424,1,351,727
89.0,0.0,-9999.0,9.663007,-1.0,5.057837,0.0,0.0,6894.753,13570.592,0,2137,1210
75.0,0.0,-9999.0,9.663007,-3.4028235e+38,5.057837,0.0,0.0,0.0,12384.034,0,2135,598
99.0,0.0,-9999.0,9.663007,-83.0,5.057837,0.0,0.0,6894.753,13609.017,1,2103,1700
80.0,0.0,-9999.0,9.663007,-9.0,5.057837,0.0,0.0,6894.753,12028.808,0,1374,862
64.0,0.0,-9999.0,9.663007,-3.4028235e+38,5.057837,0.0,0.0,0.0,11385.583,0,1621,127
72.0,0.0,-9999.0,9.663007,-3.4028235e+38,5.057837,0.0,0.0,6894.753,11172.073,0,424,1190
91.0,0.0,-9999.0,9.663007,-91.0,5.057837,0.0,0.0,6894.753,12977.257,0,1549,1363
64.0,0.0,-9999.0,9.663007,-3.4028235e+38,5.057837,0.0,0.0,0.0,11302.295,1,559,151
68.0,0.0,-9999.0,9.663007,-3.4028235e+38,5.057837,0.0,0.0,0.0,11309.588,0,306,624
63.0,0.0,-9999.0,9.663007,-3.4028235e+38,5.057837,0.0,0.0,0.0,11369.384,0,420,114
87.0,0.0,-9999.0,9.663007,-3.0,5.057837,0.0,0.0,6894.753,13389.128,0,1978,1133
75.0,0.0,-9999.0,10.001798,-180.0,5.3966274,0.0,0.0,6894.753,11176.612,0,643,915
90.0,0.0,-9999.0,9.663007,-92.0,5.057837,0.0,0.0,6894.753,13472.608,1,1724,1312
69.0,0.0,-9999.0,9.663007,-3.4028235e+38,5.057837,0.0,0.0,0.0,11281.37,0,330,725
81.0,0.0,-9999.0,9.663007,-8.0,5.057837,0.0,0.0,6894.753,11569.336,0,1127,886
86.0,0.0,-9999.0,9.663007,-4.0,5.057837,0.0,0.0,6894.753,13096.41,1,1707,1117
86.0,0.0,-9999.0,9.663007,-169.0,5.057837,0.0,0.0,6894.753,12004.786,0,1093,1677
98.0,0.0,-9999.0,9.663007,-157.0,5.057837,0.0,0.0,11992.574,13141.039,1,1604,1865
101.0,0.0,-9999.0,9.663007,-85.0,5.057837,0.0,0.0,11801.399,13364.859,0,1727,1903
79.0,0.0,-9999.0,9.663007,-3.4028235e+38,5.057837,0.0,0.0,6894.753,11211.594,1,947,793
98.0,0.0,-9999.0,9.663007,-84.0,5.057837,0.0,0.0,6894.753,13602.266,0,1895,1625
61.0,0.0,-9999.0,9.807492,-3.4028235e+38,5.202322,0.0,0.0,0.0,11444.662,0,282,52
96.0,0.0,-9999.0,9.663007,-86.0,5.057837,0.0,0.0,11055.007,13692.55,0,2218,1535
63.0,0.0,-9999.0,9.663007,-3.4028235e+38,5.057837,0.0,0.0,6894.753,11306.243,0,81,869
91.0,0.0,-9999.0,9.663007,-91.0,5.057837,0.0,0.0,6894.753,13723.7,0,1987,1329
82.0,0.0,-9999.0,9.663007,-173.0,5.057837,0.0,0.0,6894.753,11479.677,1,911,1580
73.0,0.0,-9999.0,9.663007,-3.4028235e+38,5.057837,0.0,0.0,0.0,12188.786,0,2368,482
86.0,0.0,-9999.0,9.663007,-4.0,5.057837,0.0,0.0,6894.753,13250.717,0,1761,1129
99.0,0.0,-9999.0,9.663007,-83.0,5.057837,0.0,0.0,10733.155,13622.796,1,2194,1701
64.0,0.0,-9999.0,9.663007,-3.4028235e+38,5.057837,0.0,0.0,0.0,11444.683,1,151,283
101.0,0.0,-9999.0,9.663007,-81.0,5.057837,0.0,0.0,6894.753,13590.809,1,2118,1754
81.0,0.0,-9999.0,9.663007,-174.0,5.057837,0.0,0.0,6894.753,11214.12,0,867,1391
64.0,0.0,-9999.0,9.663007,-3.4028235e+38,5.057837,0.0,0.0,0.0,11443.297,0,219,178
85.0,0.0,-9999.0,9.663007,-97.0,5.057837,0.0,0.0,6894.753,11986.697,0,1262,1093
83.0,0.0,-9999.0,9.663007,-6.0,5.057837,0.0,0.0,6894.753,12492.357,0,1532,985
68.0,0.0,-9999.0,9.663007,-3.4028235e+38,5.057837,0.0,0.0,6894.753,11952.124,0,219,1903
92.0,0.0,-9999.0,9.663007,-163.0,5.057837,0.0,0.0,12431.793,12599.093,0,1310,1885
96.0,0.0,-9999.0,9.663007,-86.0,5.057837,0.0,0.0,6894.753,13655.461,1,2063,1558
62.0,0.0,-9999.0,9.663007,-3.4028235e+38,5.057837,0.0,0.0,0.0,11347.389,1,478,91
99.0,0.0,-9999.0,9.663007,-83.0,5.057837,0.0,0.0,6894.753,13588.154,1,1886,1662
98.0,0.0,-9999.0,9.663007,-84.0,5.057837,0.0,0.0,6894.753,13340.956,1,1696,1675
100.0,0.0,-9999.0,9.663007,-82.0,5.057837,0.0,0.0,6894.753,13591.947,1,2060,1728
95.0,0.0,-9999.0,9.663007,-87.0,5.057837,0.0,0.0,6894.753,13468.671,0,1739,1527
83.0,0.0,-9999.0,9.663007,-6.0,5.057837,0.0,0.0,6894.753,11637.243,1,1138,984
91.0,0.0,-9999.0,9.663007,-91.0,5.057837,0.0,0.0,6894.753,13760.963,0,2153,1327
74.0,0.0,-9999.0,9.663007,-3.4028235e+38,5.057837,0.0,0.0,6894.753,11962.61,0,493,1938
70.0,0.0,-9999.0,9.663007,-3.4028235e+38,5.057837,0.0,0.0,6894.753,11251.0625,0,357,1382
73.0,0.0,-9999.0,9.663007,-3.4028235e+38,5.057837,0.0,0.0,0.0,11175.087,0,775,582
83.0,0.0,-9999.0,9.663007,-172.0,5.057837,0.0,0.0,6894.753,11168.779,1,921,1307
65.0,0.0,-9999.0,9.663007,-3.4028235e+38,5.057837,0.0,0.0,6894.753,11826.735,0,88,1796
96.0,0.0,-9999.0,9.663007,-86.0,5.057837,0.0,0.0,6894.753,13658.26,0,2058,1548
64.0,0.0,-9999.0,9.663007,-3.4028235e+38,5.057837,0.0,0.0,0.0,11171.561,0,950,127
77.0,0.0,-9999.0,9.663007,-178.0,5.057837,0.0,0.0,6894.753,11268.897,0,659,1418
63.0,0.0,-9999.0,9.663007,-3.4028235e+38,5.057837,0.0,0.0,0.0,11286.352,0,1460,86
77.0,0.0,-9999.0,9.663007,-178.0,5.057837,0.0,0.0,6894.753,11137.944,0,679,1209
98.0,0.0,-9999.0,9.663007,-84.0,5.057837,0.0,0.0,6894.753,13193.902,1,1630,1700
79.0,0.0,-9999.0,9.663007,-3.4028235e+38,5.057837,0.0,0.0,6894.753,12770.064,0,2402,775
73.0,0.0,-9999.0,9.663007,-3.4028235e+38,5.057837,0.0,0.0,0.0,11150.575,1,858,565
102.0,0.0,-9999.0,9.663007,-80.0,5.057837,0.0,0.0,11006.339,13539.684,0,1970,1837
77.0,0.0,-9999.0,9.663007,-3.4028235e+38,5.057837,0.0,0.0,0.0,11160.768,0,918,720
73.0,0.0,-9999.0,9.663007,-3.4028235e+38,5.057837,0.0,0.0,0.0,11587.107,0,1280,525
98.0,0.0,-9999.0,9.663007,-84.0,5.057837,0.0,0.0,6894.753,13136.059,1,1603,1736
79.0,0.0,-9999.0,9.663007,-3.4028235e+38,5.057837,0.0,0.0,6894.753,11215.302,1,949,796
84.0,0.0,-9999.0,9.663007,-6.0,5.057837,0.0,0.0,6894.753,13098.96,1,1853,994
83.0,0.0,-9999.0,9.663007,-172.0,5.057837,0.0,0.0,6894.753,11357.323,1,940,1421
69.0,0.0,-9999.0,9.663007,-3.4028235e+38,5.057837,0.0,0.0,0.0,11274.634,1,354,727
75.0,0.0,-9999.0,9.663007,-180.0,5.057837,0.0,0.0,6894.753,11515.1,0,582,1602
67.0,0.0,-9999.0,9.663007,-3.4028235e+38,5.057837,0.0,0.0,6894.753,12000.628,0,171,1935
83.0,0.0,-9999.0,9.663007,-6.0,5.057837,0.0,0.0,6894.753,12832.263,1,1698,973
72.0,0.0,-9999.0,9.663007,-3.4028235e+38,5.057837,0.0,0.0,0.0,12143.465,0,2304,463
87.0,0.0,-9999.0,9.663007,-95.0,5.057837,0.0,0.0,6894.753,11775.423,0,1143,1247
95.0,0.0,-9999.0,9.663007,-160.0,5.057837,0.0,0.0,12269.35,12867.769,0,1451,1914
88.0,0.0,-9999.0,9.663007,-167.0,5.057837,0.0,0.0,6894.753,12091.877,1,1166,1584
75.0,0.0,-9999.0,9.663007,-3.4028235e+38,5.057837,0.0,0.0,0.0,12327.69,0,2205,564
70.0,0.0,-9999.0,9.663007,-3.4028235e+38,5.057837,0.0,0.0,0.0,11272.641,0,527,439
79.0,0.0,-9999.0,9.663007,-176.0,5.057837,0.0,0.0,6894.753,11691.661,1,745,1753
91.0,0.0,-9999.0,9.663007,-91.0,5.057837,0.0,0.0,6894.753,13775.657,0,2227,1331
68.0,0.0,-9999.0,9.663007,-3.4028235e+38,5.057837,0.0,0.0,6894.753,11926.37,0,193,1881
63.0,0.0,-9999.0,9.663007,-3.4028235e+38,5.057837,0.0,0.0,0.0,11488.776,1,109,183
84.0,0.0,-9999.0,10.352969,-171.0,5.7477994,0.0,0.0,6894.753,11434.122,1,1010,1319
93.0,0.0,-9999.0,9.663007,-162.0,5.057837,0.0,0.0,12391.742,12720.726,0,1369,1914
78.0,0.0,-9999.0,9.663007,-3.4028235e+38,5.057837,0.0,0.0,6894.753,12050.643,1,1432,782
94.0,0.0,-9999.0,9.663007,-161.0,5.057837,0.0,0.0,12385.63,12756.548,1,1386,1927
88.0,0.0,-9999.0,9.663007,-94.0,5.057837,0.0,0.0,6894.753,13322.158,0,1715,1237
86.0,0.0,-9999.0,9.663007,-96.0,5.057837,0.0,0.0,6894.753,11881.963,0,1207,1137
100.0,0.0,-9999.0,9.663007,-82.0,5.057837,0.0,0.0,6894.753,13587.489,0,2050,1736
74.0,0.0,-9999.0,9.663007,-3.4028235e+38,5.057837,0.0,0.0,0.0,11146.854,1,869,571
66.0,0.0,-9999.0,9.663007,-3.4028235e+38,5.057837,0.0,0.0,0.0,11307.6,0,499,281
78.0,0.0,-9999.0,9.663007,-11.0,5.057837,0.0,0.0,6894.753,11152.593,0,768,891
94.0,0.0,-9999.0,9.663007,-88.0,5.057837,0.0,0.0,6894.753,13436.794,0,1724,1499
81.0,0.0,-9999.0,9.663007,-8.0,5.057837,0.0,0.0,6894.753,11738.571,1,1210,897
88.0,0.0,-9999.0,9.663007,-167.0,5.057837,0.0,0.0,6894.753,12132.611,0,1192,1556
70.0,0.0,-9999.0,9.663007,-3.4028235e+38,5.057837,0.0,0.0,0.0,11910.028,0,1988,362
82.0,0.0,-9999.0,9.663007,-173.0,5.057837,0.0,0.0,6894.753,11278.013,0,907,1428
91.0,0.0,-9999.0,9.663007,-91.0,5.057837,0.0,0.0,6894.753,12861.302,1,1507,1366
64.0,0.0,-9999.0,9.663007,-3.4028235e+38,5.057837,0.0,0.0,0.0,11211.225,0,1060,142
80.0,0.0,-9999.0,9.663007,-175.0,5.057837,0.0,0.0,6894.753,11151.223,0,786,1336
78.0,0.0,-9999.0,9.663007,-3.4028235e+38,5.057837,0.0,0.0,6894.753,11643.688,1,1198,779
93.0,0.0,-9999.0,9.663007,-89.0,5.057837,0.0,0.0,6894.753,12629.587,1,1406,1494
84.0,0.0,-9999.0,9.663007,-171.0,5.057837,0.0,0.0,6894.753,11829.776,1,967,1767
62.0,0.0,-9999.0,9.663007,-3.4028235e+38,5.057837,0.0,0.0,0.0,11183.398,0,1227,12
63.0,0.0,-9999.0,9.663007,-3.4028235e+38,5.057837,0.0,0.0,0.0,11489.005,1,147,121
81.0,0.0,-9999.0,9.663007,-8.0,5.057837,0.0,0.0,6894.753,12822.553,0,1841,850
90.0,0.0,-9999.0,9.663007,-92.0,5.057837,0.0,0.0,6894.753,12203.845,1,1253,1437
70.0,0.0,-9999.0,9.663007,-3.4028235e+38,5.057837,0.0,0.0,0.0,11280.88,1,394,639
90.0,0.0,-9999.0,9.868055,-92.0,5.262885,0.0,0.0,6894.753,12674.479,1,1443,1335
81.0,0.0,-9999.0,9.663007,-8.0,5.057837,0.0,0.0,6894.753,11125.742,0,882,943
83.0,0.0,-9999.0,9.663007,-172.0,5.057837,0.0,0.0,6894.753,11608.981,1,942,1626
100.0,0.0,-9999.0,9.663007,-82.0,5.057837,0.0,0.0,10691.731,13613.782,1,2141,1703
84.0,0.0,-9999.0,9.663007,-6.0,5.057837,0.0,0.0,6894.753,12467.634,1,1483,1052
69.0,0.0,-9999.0,9.663007,-3.4028235e+38,5.057837,0.0,0.0,0.0,11674.789,0,1545,359
93.0,0.0,-9999.0,9.663007,-162.0,5.057837,0.0,0.0,6894.753,12691.585,1,1392,1738
84.0,0.0,-9999.0,9.663007,-6.0,5.057837,0.0,0.0,6894.753,11943.09,1,1267,1019
77.0,0.0,-9999.0,9.663007,-178.0,5.057837,0.0,0.0,6894.753,11147.578,0,733,1030
83.0,0.0,-9999.0,9.663007,-6.0,5.057837,0.0,0.0,6894.753,12103.145,1,1353,984
90.0,0.0,-9999.0,9.663007,-92.0,5.057837,0.0,0.0,6894.753,12385.767,1,1342,1328
90.0,0.0,-9999.0,9.663007,-92.0,5.057837,0.0,0.0,6894.753,12096.614,1,1248,1295
68.0,0.0,-9999.0,9.663007,-3.4028235e+38,5.057837,0.0,0.0,0.0,11710.236,0,2103,252
74.0,0.0,-9999.0,9.663007,-3.4028235e+38,5.057837,0.0,0.0,0.0,12320.186,0,2366,549
81.0,0.0,-9999.0,9.663007,-8.0,5.057837,0.0,0.0,6894.753,12918.77,0,2408,850
82.0,0.0,-9999.0,9.663007,-173.0,5.057837,0.0,0.0,6894.753,11327.114,0,903,1475
102.0,0.0,-9999.0,9.663007,-80.0,5.057837,0.0,0.0,6894.753,13528.389,0,1827,1814
76.0,0.0,-9999.0,9.663007,-179.0,5.057837,0.0,0.0,6894.753,11155.833,0,663,1065
71.0,0.0,-9999.0,9.663007,-3.4028235e+38,5.057837,0.0,0.0,0.0,11226.162,0,982,451
82.0,0.0,-9999.0,9.663007,-7.0,5.057837,0.0,0.0,6894.753,13038.138,0,2348,916
99.0,0.0,-9999.0,9.663007,-83.0,5.057837,0.0,0.0,6894.753,13599.73,1,2004,1683
65.0,0.0,-9999.0,9.663007,-3.4028235e+38,5.057837,0.0,0.0,0.0,11424.566,0,2064,106
83.0,0.0,-9999.0,9.663007,-172.0,5.057837,0.0,0.0,6894.753,11504.294,1,929,1565
102.0,0.0,-9999.0,9.663007,-80.0,5.057837,0.0,0.0,6894.753,13550.608,1,1949,1798
0.0,-9999.0,-9999.0,-3.4028235e+38,-3.4028235e+38,-3.4028235e+38,0.0,0.0,0.0,11467.081,0,259,1
92.0,0.0,-9999.0,9.663007,-90.0,5.057837,0.0,0.0,6894.753,13714.039,0,1992,1359
89.0,0.0,-9999.0,9.663007,-166.0,5.057837,0.0,0.0,6894.753,12259.848,0,1197,1710
78.0,0.0,-9999.0,9.663007,-177.0,5.057837,0.0,0.0,6894.753,11127.813,1,711,1274
63.0,0.0,-9999.0,9.663007,-3.4028235e+38,5.057837,0.0,0.0,0.0,11491.217,1,139,126
88.0,0.0,-9999.0,9.663007,-167.0,5.057837,0.0,0.0,6894.753,12194.221,1,1150,1753
86.0,0.0,-9999.0,9.663007,-96.0,5.057837,0.0,0.0,6894.753,12078.427,0,1286,1136
81.0,0.0,-9999.0,9.663007,-8.0,5.057837,0.0,0.0,6894.753,12870.607,0,2216,842
68.0,0.0,-9999.0,9.663007,-3.4028235e+38,5.057837,0.0,0.0,0.0,11255.215,0,1049,312
74.0,0.0,-9999.0,9.663007,-3.4028235e+38,5.057837,0.0,0.0,6894.753,11866.1875,0,493,1864
67.0,0.0,-9999.0,9.663007,-3.4028235e+38,5.057837,0.0,0.0,6894.753,11442.849,0,215,1517
75.0,0.0,-9999.0,9.663007,-3.4028235e+38,5.057837,0.0,0.0,0.0,11135.322,1,896,647
0.0,-9999.0,-9999.0,-3.4028235e+38,-3.4028235e+38,-3.4028235e+38,0.0,0.0,6894.753,11273.12,0,0,1035
0.0,-9999.0,-9999.0,-3.4028235e+38,-3.4028235e+38,-3.4028235e+38,0.0,0.0,6894.753,11495.604,0,2,1540
81.0,0.0,-9999.0,9.663007,-174.0,5.057837,0.0,0.0,6894.753,11524.07,0,852,1632
89.0,0.0,-9999.0,9.663007,-93.0,5.057837,0.0,0.0,6894.753,12835.507,1,1512,1287
84.0,0.0,-9999.0,9.663007,-6.0,5.057837,0.0,0.0,6894.753,13185.922,0,2215,1004
87.0,0.0,-9999.0,9.663007,-168.0,5.057837,0.0,0.0,6894.753,11931.47,0,1139,1471
62.0,0.0,-9999.0,9.663007,-3.4028235e+38,5.057837,0.0,0.0,0.0,11497.902,0,72,206
83.0,0.0,-9999.0,9.663007,-172.0,5.057837,0.0,0.0,6894.753,11286.3125,1,919,1409
77.0,0.0,-9999.0,9.663007,-178.0,5.057837,0.0,0.0,6894.753,11288.071,0,648,1432
65.0,0.0,-9999.0,9.663007,-3.4028235e+38,5.057837,0.0,0.0,0.0,11339.538,0,452,204
73.0,0.0,-9999.0,9.663007,-3.4028235e+38,5.057837,0.0,0.0,0.0,11202.143,0,952,541
93.0,0.0,-9999.0,9.663007,-89.0,5.057837,0.0,0.0,6894.753,13706.37,0,2058,1418
94.0,0.0,-9999.0,9.663007,-88.0,5.057837,0.0,0.0,6894.753,13656.294,0,1849,1440
66.0,0.0,-9999.0,9.663007,-3.4028235e+38,5.057837,0.0,0.0,0.0,11422.091,0,1418,221
62.0,0.0,-9999.0,9.663007,-3.4028235e+38,5.057837,0.0,0.0,0.0,11452.179,1,245,93
68.0,0.0,-9999.0,9.663007,-3.4028235e+38,5.057837,0.0,0.0,0.0,11290.901,0,311,704
65.0,0.0,-9999.0,9.663007,-3.4028235e+38,5.057837,0.0,0.0,0.0,11384.445,1,202,445
97.0,0.0,-9999.0,9.663007,-85.0,5.057837,0.0,0.0,6894.753,13617.272,1,1868,1567
78.0,0.0,-9999.0,9.663007,-11.0,5.057837,0.0,0.0,6894.753,11150.828,0,801,815
88.0,0.0,-9999.0,9.663007,-167.0,5.057837,0.0,0.0,6894.753,12129.185,0,1158,1653
96.0,0.0,-9999.0,9.663007,-86.0,5.057837,0.0,0.0,6894.753,13655.471,1,2061,1557
63.0,0.0,-9999.0,9.663007,-3.4028235e+38,5.057837,0.0,0.0,0.0,11216.891,0,1201,70
93.0,0.0,-9999.0,9.663007,-89.0,5.057837,0.0,0.0,6894.753,13698.872,0,2016,1415
102.0,0.0,-9999.0,9.663007,-80.0,5.057837,0.0,0.0,10805.056,13549.367,1,2035,1834
80.0,0.0,-9999.0,9.663007,-9.0,5.057837,0.0,0.0,6894.753,12860.978,0,2345,826
70.0,0.0,-9999.0,9.663007,-3.4028235e+38,5.057837,0.0,0.0,6894.753,11244.9375,0,376,849
98.0,0.0,-9999.0,9.663007,-84.0,5.057837,0.0,0.0,6894.753,13129.992,1,1600,1745
94.0,0.0,-9999.0,9.663007,-88.0,5.057837,0.0,0.0,6894.753,12704.973,1,1428,1552
78.0,0.0,-9999.0,9.663007,-3.4028235e+38,5.057837,0.0,0.0,6894.753,11219.719,1,952,784
75.0,0.0,-9999.0,9.663007,-3.4028235e+38,5.057837,0.0,0.0,0.0,12356.904,0,2149,583
65.0,0.0,-9999.0,9.663007,-3.4028235e+38,5.057837,0.0,0.0,0.0,11427.424,0,243,202
72.0,0.0,-9999.0,9.663007,-3.4028235e+38,5.057837,0.0,0.0,6894.753,11837.548,0,398,1833
94.0,0.0,-9999.0,9.663007,-88.0,5.057837,0.0,0.0,6894.753,13194.105,1,1628,1478
99.0,0.0,-9999.0,9.663007,-83.0,5.057837,0.0,0.0,6894.753,13620.996,1,2107,1670
90.0,0.0,-9999.0,9.663007,-92.0,5.057837,0.0,0.0,6894.753,12110.803,1,1253,1295
69.0,0.0,-9999.0,9.663007,-3.4028235e+38,5.057837,0.0,0.0,0.0,11307.976,1,452,386
73.0,0.0,-9999.0,9.663007,-3.4028235e+38,5.057837,0.0,0.0,6894.753,11955.297,0,459,1929
63.0,0.0,-9999.0,9.663007,-3.4028235e+38,5.057837,0.0,0.0,0.0,11342.785,1,482,108
103.0,0.0,-9999.0,9.663007,-79.0,5.057837,0.0,0.0,11278.069,13524.583,1,1884,1848
80.0,0.0,-9999.0,9.663007,-9.0,5.057837,0.0,0.0,6894.753,11268.784,1,975,859
95.0,0.0,-9999.0,9.663007,-87.0,5.057837,0.0,0.0,6894.753,13519.016,1,1760,1534
76.0,0.0,-9999.0,9.663007,-3.4028235e+38,5.057837,0.0,0.0,0.0,12285.371,0,1685,659
90.0,0.0,-9999.0,9.663007,-92.0,5.057837,0.0,0.0,6894.753,12222.345,0,1260,1437
69.0,0.0,-9999.0,9.663007,-3.4028235e+38,5.057837,0.0,0.0,0.0,11779.172,0,1721,336
76.0,0.0,-9999.0,9.663007,-3.4028235e+38,5.057837,0.0,0.0,0.0,11153.403,1,913,667
90.0,0.0,-9999.0,9.663007,-92.0,5.057837,0.0,0.0,6894.753,12527.428,1,1398,1300
95.0,0.0,-9999.0,9.663007,-87.0,5.057837,0.0,0.0,11241.118,13724.099,0,2315,1502
69.0,0.0,-9999.0,9.663007,-3.4028235e+38,5.057837,0.0,0.0,6894.753,11578.711,0,312,1628
77.0,0.0,-9999.0,9.663007,-178.0,5.057837,0.0,0.0,6894.753,11142.308,0,663,1187
69.0,0.0,-9999.0,9.663007,-3.4028235e+38,5.057837,0.0,0.0,0.0,11309.243,1,449,385
63.0,0.0,-9999.0,9.663007,-3.4028235e+38,5.057837,0.0,0.0,0.0,11398.816,1,109,510
93.0,0.0,-9999.0,9.663007,-89.0,5.057837,0.0,0.0,6894.753,12571.546,1,1379,1519
73.0,0.0,-9999.0,9.663007,-3.4028235e+38,5.057837,0.0,0.0,0.0,11232.719,0,597,558
82.0,0.0,-9999.0,9.663007,-173.0,5.057837,0.0,0.0,6894.753,11453.951,1,885,1580
75.0,0.0,-9999.0,9.663007,-3.4028235e+38,5.057837,0.0,0.0,0.0,11153.732,1,913,639
84.0,0.0,-9999.0,9.663007,-98.0,5.057837,0.0,0.0,6894.753,11620.151,0,1118,1045
78.0,0.0,-9999.0,9.663007,-177.0,5.057837,0.0,0.0,6894.753,11129.587,0,707,1260
104.0,0.0,-9999.0,10.12172,-82.0,5.5165496,0.0,0.0,11166.934,13502.965,1,1941,1931
71.0,0.0,-9999.0,9.663007,-3.4028235e+38,5.057837,0.0,0.0,0.0,11278.371,1,433,590
73.0,0.0,-9999.0,9.663007,-3.4028235e+38,5.057837,0.0,0.0,0.0,11856.234,0,1498,535
100.0,0.0,-9999.0,9.663007,-155.0,5.057837,0.0,0.0,11901.109,13254.715,1,1664,1855
87.0,0.0,-9999.0,9.663007,-3.0,5.057837,0.0,0.0,6894.753,13352.3125,0,2034,1108
63.0,0.0,-9999.0,9.663007,-3.4028235e+38,5.057837,0.0,0.0,0.0,11473.438,1,185,116
63.0,0.0,-9999.0,9.663007,-3.4028235e+38,5.057837,0.0,0.0,0.0,11346.137,1,473,112
102.0,0.0,-9999.0,9.663007,-80.0,5.057837,0.0,0.0,6894.753,13544.844,0,1905,1797
64.0,0.0,-9999.0,9.663007,-3.4028235e+38,5.057837,0.0,0.0,0.0,11266.192,0,637,170
84.0,0.0,-9999.0,9.663007,-98.0,5.057837,0.0,0.0,6894.753,11471.875,0,1057,1018
81.0,0.0,-9999.0,9.663007,-8.0,5.057837,0.0,0.0,6894.753,12813.106,0,1932,837
78.0,0.0,-9999.0,9.663007,-177.0,5.057837,0.0,0.0,6894.753,11128.127,1,703,1279
63.0,0.0,-9999.0,9.663007,-3.4028235e+38,5.057837,0.0,0.0,0.0,11340.389,0,487,109
69.0,0.0,-9999.0,9.663007,-3.4028235e+38,5.057837,0.0,0.0,6894.753,11165.728,0,292,1294
67.0,0.0,-9999.0,9.663007,-3.4028235e+38,5.057837,0.0,0.0,0.0,11287.126,0,543,302
104.0,0.0,-9999.0,9.663007,-82.0,5.057837,0.0,0.0,10920.27,13520.967,1,2015,1905
62.0,0.0,-9999.0,9.663007,-3.4028235e+38,5.057837,0.0,0.0,0.0,11383.293,0,396,97
99.0,0.0,-9999.0,9.663007,-156.0,5.057837,0.0,0.0,11918.501,13217.288,1,1644,1844
80.0,0.0,-9999.0,9.663007,-9.0,5.057837,0.0,0.0,6894.753,11132.303,1,903,855
64.0,0.0,-9999.0,9.663007,-3.4028235e+38,5.057837,0.0,0.0,0.0,11309.092,1,543,152
93.0,0.0,-9999.0,9.663007,-89.0,5.057837,0.0,0.0,6894.753,12951.509,1,1536,1435
90.0,0.0,-9999.0,9.663007,-92.0,5.057837,0.0,0.0,6894.753,13646.147,1,1933,1272
69.0,0.0,-9999.0,9.663007,-3.4028235e+38,5.057837,0.0,0.0,0.0,11278.334,1,332,737
84.0,0.0,-9999.0,9.663007,-171.0,5.057837,0.0,0.0,6894.753,11835.909,0,937,1823
84.0,0.0,-9999.0,9.663007,-98.0,5.057837,0.0,0.0,6894.753,11783.068,1,1193,1029
79.0,0.0,-9999.0,9.663007,-3.4028235e+38,5.057837,0.0,0.0,6894.753,11879.033,1,1317,814
83.0,0.0,-9999.0,9.663007,-6.0,5.057837,0.0,0.0,6894.753,12148.981,1,1371,991
84.0,0.0,-9999.0,9.663007,-98.0,5.057837,0.0,0.0,6894.753,12120.217,1,1334,1049
61.0,0.0,-9999.0,9.663007,-3.4028235e+38,5.057837,0.0,0.0,0.0,11476.809,1,24,343
92.0,0.0,-9999.0,9.663007,-90.0,5.057837,0.0,0.0,6894.753,13755.015,0,2220,1379
86.0,0.0,-9999.0,9.663007,-96.0,5.057837,0.0,0.0,6894.753,12681.379,1,1533,1126
80.0,0.0,-9999.0,9.663007,-175.0,5.057837,0.0,0.0,6894.753,11624.698,1,801,1706
74.0,0.0,-9999.0,9.663007,-3.4028235e+38,5.057837,0.0,0.0,0.0,11174.309,1,766,626
66.0,0.0,-9999.0,9.663007,-3.4028235e+38,5.057837,0.0,0.0,0.0,11349.119,0,213,574
85.0,0.0,-9999.0,9.663007,-170.0,5.057837,0.0,0.0,6894.753,11825.77,1,1036,1626
81.0,0.0,-9999.0,9.663007,-8.0,5.057837,0.0,0.0,6894.753,12930.111,0,2279,867
75.0,0.0,-9999.0,9.663007,-180.0,5.057837,0.0,0.0,6894.753,11148.749,0,556,1237
77.0,0.0,-9999.0,9.663007,-178.0,5.057837,0.0,0.0,6894.753,11158.244,0,691,997
100.0,0.0,-9999.0,9.663007,-82.0,5.057837,0.0,0.0,6894.753,13550.329,1,1828,1748
83.0,0.0,-9999.0,9.663007,-99.0,5.057837,0.0,0.0,6894.753,11317.155,0,980,1152
83.0,0.0,-9999.0,9.663007,-172.0,5.057837,0.0,0.0,6894.753,11514.162,0,944,1543
76.0,0.0,-9999.0,9.663007,-3.4028235e+38,5.057837,0.0,0.0,0.0,11206.345,1,949,660
80.0,0.0,-9999.0,9.663007,-9.0,5.057837,0.0,0.0,6894.753,11252.14,1,967,845
68.0,0.0,-9999.0,9.663007,-3.4028235e+38,5.057837,0.0,0.0,6894.753,11455.356,0,247,1529
71.0,0.0,-9999.0,9.663007,-3.4028235e+38,5.057837,0.0,0.0,0.0,11211.546,1,683,503
0.0,-9999.0,-9999.0,-3.4028235e+38,-3.4028235e+38,-3.4028235e+38,0.0,0.0,0.0,11380.483,1,440,1
91.0,0.0,-9999.0,9.663007,-91.0,5.057837,0.0,0.0,6894.753,13713.68,0,2074,1291
100.0,0.0,-9999.0,9.663007,-82.0,5.057837,0.0,0.0,10757.052,13628.839,0,2299,1726
75.0,0.0,-9999.0,9.663007,-180.0,5.057837,0.0,0.0,6894.753,11168.809,0,617,1021
80.0,0.0,-9999.0,9.663007,-9.0,5.057837,0.0,0.0,6894.753,11147.59,1,911,844
91.0,0.0,-9999.0,9.663007,-91.0,5.057837,0.0,0.0,6894.753,13719.438,0,1966,1328
90.0,0.0,-9999.0,9.663007,-165.0,5.057837,0.0,0.0,6894.753,12400.963,0,1201,1889
95.0,0.0,-9999.0,9.663007,-87.0,5.057837,0.0,0.0,6894.753,13443.443,1,1729,1529
61.0,0.0,-9999.0,9.663007,-3.4028235e+38,5.057837,0.0,0.0,0.0,11403.914,1,387,11
80.0,0.0,-9999.0,9.663007,-9.0,5.057837,0.0,0.0,6894.753,12421.957,0,1579,864
92.0,0.0,-9999.0,9.663007,-90.0,5.057837,0.0,0.0,6894.753,13790.294,0,2379,1375
86.0,0.0,-9999.0,9.663007,-96.0,5.057837,0.0,0.0,6894.753,12372.2295,1,1408,1126
96.0,0.0,-9999.0,9.663007,-86.0,5.057837,0.0,0.0,6894.753,13663.435,1,2064,1537
63.0,0.0,-9999.0,9.663007,-3.4028235e+38,5.057837,0.0,0.0,6894.753,11340.33,0,84,746
91.0,0.0,-9999.0,9.663007,-91.0,5.057837,0.0,0.0,6894.753,12578.216,0,1406,1357
64.0,0.0,-9999.0,9.663007,-3.4028235e+38,5.057837,0.0,0.0,0.0,11386.088,1,95,572
63.0,0.0,-9999.0,9.663007,-3.4028235e+38,5.057837,0.0,0.0,0.0,11337.71,1,493,109
88.0,0.0,-9999.0,9.663007,-167.0,5.057837,0.0,0.0,6894.753,11901.94,0,1160,1368
67.0,0.0,-9999.0,9.663007,-3.4028235e+38,5.057837,0.0,0.0,0.0,11583.929,0,1678,237
72.0,0.0,-9999.0,9.663007,-3.4028235e+38,5.057837,0.0,0.0,0.0,11212.662,1,668,538
79.0,0.0,-9999.0,9.663007,-10.0,5.057837,0.0,0.0,6894.753,12472.457,1,1644,817
97.0,0.0,-9999.0,9.663007,-85.0,5.057837,0.0,0.0,6894.753,13322.729,1,1686,1643
62.0,0.0,-9999.0,9.663007,-3.4028235e+38,5.057837,0.0,0.0,0.0,11460.622,1,244,59
67.0,0.0,-9999.0,9.663007,-3.4028235e+38,5.057837,0.0,0.0,0.0,11559.289,0,1607,247
62.0,-9999.0,-9999.0,-3.4028235e+38,-3.4028235e+38,5.057837,0.0,0.0,0.0,11171.551,0,876,8
78.0,0.0,-9999.0,9.663007,-3.4028235e+38,5.057837,0.0,0.0,6894.753,11741.141,1,1264,757
81.0,0.0,-9999.0,9.663007,-8.0,5.057837,0.0,0.0,6894.753,12799.592,0,1757,885
63.0,0.0,-9999.0,9.663007,-3.4028235e+38,5.057837,0.0,0.0,6894.753,11514.346,0,14,1555
0.0,-9999.0,-9999.0,-3.4028235e+38,-3.4028235e+38,-3.4028235e+38,0.0,0.0,0.0,11190.218,0,1453,4
104.0,0.0,-9999.0,9.663007,-82.0,5.057837,0.0,0.0,11462.071,13487.851,0,1848,1944
81.0,0.0,-9999.0,9.663007,-101.0,5.057837,0.0,0.0,6894.753,11137.362,0,907,956
72.0,0.0,-9999.0,9.663007,-3.4028235e+38,5.057837,0.0,0.0,0.0,11243.785,0,993,491
74.0,0.0,-9999.0,9.663007,-3.4028235e+38,5.057837,0.0,0.0,0.0,11187.724,1,717,636
98.0,0.0,-9999.0,9.663007,-157.0,5.057837,0.0,0.0,12057.2295,13068.617,0,1565,1875
70.0,0.0,-9999.0,9.663007,-3.4028235e+38,5.057837,0.0,0.0,6894.753,11241.961,0,408,826
79.0,0.0,-9999.0,9.663007,-3.4028235e+38,5.057837,0.0,0.0,6894.753,11924.571,1,1357,786
84.0,0.0,-9999.0,9.663007,-6.0,5.057837,0.0,0.0,6894.753,13143.993,0,2012,1002
85.0,0.0,-9999.0,9.663007,-170.0,5.057837,0.0,0.0,6894.753,11464.307,1,1028,1261
68.0,0.0,-9999.0,9.663007,-3.4028235e+38,5.057837,0.0,0.0,0.0,11494.095,0,1421,286
90.0,0.0,-9999.0,9.663007,-92.0,5.057837,0.0,0.0,6894.753,12817.681,1,1495,1318
80.0,0.0,-9999.0,10.352969,-9.0,5.7477994,0.0,0.0,6894.753,12856.663,0,2249,832
68.0,0.0,-9999.0,9.663007,-3.4028235e+38,5.057837,0.0,0.0,0.0,11165.425,0,850,342
76.0,0.0,-9999.0,9.663007,-3.4028235e+38,5.057837,0.0,0.0,0.0,11230.54,0,965,667
83.0,0.0,-9999.0,9.663007,-6.0,5.057837,0.0,0.0,6894.753,12691.124,0,1630,976
97.0,0.0,-9999.0,9.663007,-158.0,5.057837,0.0,0.0,6894.753,13041.303,0,1558,1738
71.0,0.0,-9999.0,9.663007,-3.4028235e+38,5.057837,0.0,0.0,0.0,11987.846,0,1915,407
80.0,0.0,-9999.0,9.663007,-9.0,5.057837,0.0,0.0,6894.753,12228.887,1,1481,859
89.0,0.0,-9999.0,9.663007,-93.0,5.057837,0.0,0.0,6894.753,12618.944,0,1440,1275
87.0,0.0,-9999.0,9.663007,-168.0,5.057837,0.0,0.0,6894.753,12108.939,1,1109,1753
63.0,0.0,-9999.0,9.663007,-3.4028235e+38,5.057837,0.0,0.0,6894.753,11242.995,0,21,1352
88.0,0.0,-9999.0,9.663007,-167.0,5.057837,0.0,0.0,6894.753,11979.446,1,1169,1434
80.0,0.0,-9999.0,9.663007,-175.0,5.057837,0.0,0.0,6894.753,11121.554,1,791,1249
80.0,0.0,-9999.0,9.663007,-102.0,5.057837,0.0,0.0,6894.753,11123.493,0,863,1060
75.0,0.0,-9999.0,9.663007,-3.4028235e+38,5.057837,0.0,0.0,0.0,11254.751,1,987,610
101.0,0.0,-9999.0,9.663007,-81.0,5.057837,0.0,0.0,6894.753,13579.313,1,2042,1755
75.0,0.0,-9999.0,9.663007,-180.0,5.057837,0.0,0.0,6894.753,11168.867,0,608,1033
70.0,0.0,-9999.0,9.663007,-3.4028235e+38,5.057837,0.0,0.0,0.0,11874.17,0,2046,340
68.0,0.0,-9999.0,9.663007,-3.4028235e+38,5.057837,0.0,0.0,6894.753,11232.194,0,298,988
64.0,0.0,-9999.0,9.663007,-3.4028235e+38,5.057837,0.0,0.0,0.0,11455.746,0,168,214
74.0,0.0,-9999.0,9.663007,-181.0,5.057837,0.0,0.0,6894.753,11153.928,0,535,1218
93.0,0.0,-9999.0,9.663007,-162.0,5.057837,0.0,0.0,12371.639,12671.9375,0,1350,1883
94.0,0.0,-9999.0,9.663007,-161.0,5.057837,0.0,0.0,12266.559,12714.379,1,1382,1843
74.0,0.0,-9999.0,9.663007,-3.4028235e+38,5.057837,0.0,0.0,0.0,11227.988,1,591,608
65.0,0.0,-9999.0,9.663007,-3.4028235e+38,5.057837,0.0,0.0,0.0,11367.103,0,199,519
80.0,0.0,-9999.0,9.663007,-9.0,5.057837,0.0,0.0,6894.753,12092.389,0,1424,833
104.0,0.0,-9999.0,9.663007,-82.0,5.057837,0.0,0.0,11183.109,13516.036,1,1925,1888
67.0,0.0,-9999.0,9.663007,-3.4028235e+38,5.057837,0.0,0.0,0.0,11167.804,0,851,292
64.0,0.0,-9999.0,9.663007,-3.4028235e+38,5.057837,0.0,0.0,0.0,11388.428,0,1660,121
82.0,0.0,-9999.0,9.663007,-7.0,5.057837,0.0,0.0,6894.753,11886.889,0,1266,947
75.0,0.0,-9999.0,9.663007,-3.4028235e+38,5.057837,0.0,0.0,0.0,11279.85,1,1001,644
83.0,0.0,-9999.0,9.663007,-99.0,5.057837,0.0,0.0,6894.753,11493.483,0,1070,995
78.0,0.0,-9999.0,9.663007,-3.4028235e+38,5.057837,0.0,0.0,6894.753,11883.203,1,1356,744
90.0,0.0,-9999.0,9.663007,-165.0,5.057837,0.0,0.0,6894.753,12403.013,1,1244,1773
80.0,0.0,-9999.0,9.663007,-9.0,5.057837,0.0,0.0,6894.753,12583.258,0,1679,846
81.0,0.0,-9999.0,9.663007,-174.0,5.057837,0.0,0.0,6894.753,11719.87,1,810,1781
68.0,0.0,-9999.0,9.663007,-3.4028235e+38,5.057837,0.0,0.0,0.0,11230.182,0,1015,309
65.0,0.0,-9999.0,9.663007,-3.4028235e+38,5.057837,0.0,0.0,6894.753,11309.173,1,169,782
94.0,0.0,-9999.0,9.663007,-161.0,5.057837,0.0,0.0,12345.616,12767.57,1,1396,1910
68.0,0.0,-9999.0,9.663007,-3.4028235e+38,5.057837,0.0,0.0,0.0,11723.744,0,1876,271
67.0,0.0,-9999.0,9.663007,-3.4028235e+38,5.057837,0.0,0.0,6894.753,11171.64,0,193,1308
80.0,0.0,-9999.0,9.663007,-9.0,5.057837,0.0,0.0,6894.753,11408.068,0,1049,855
88.0,0.0,-9999.0,9.663007,-94.0,5.057837,0.0,0.0,6894.753,13244.464,1,1695,1223
99.0,0.0,-9999.0,9.663007,-156.0,5.057837,0.0,0.0,11994.842,13148.682,1,1608,1873
64.0,0.0,-9999.0,9.663007,-3.4028235e+38,5.057837,0.0,0.0,0.0,11306.635,1,549,151
83.0,0.0,-9999.0,9.663007,-6.0,5.057837,0.0,0.0,6894.753,12130.824,1,1364,988
98.0,0.0,-9999.0,9.663007,-84.0,5.057837,0.0,0.0,6894.753,13610.813,0,1919,1612
65.0,0.0,-9999.0,9.663007,-3.4028235e+38,5.057837,0.0,0.0,6894.753,11315.585,0,184,742
61.0,0.0,-9999.0,9.663007,-3.4028235e+38,5.057837,0.0,0.0,0.0,11482.095,0,14,338
75.0,0.0,-9999.0,9.663007,-3.4028235e+38,5.057837,0.0,0.0,0.0,11210.34,0,614,694
88.0,0.0,-9999.0,9.663007,-167.0,5.057837,0.0,0.0,6894.753,12244.3125,1,1134,1850
65.0,0.0,-9999.0,9.663007,-3.4028235e+38,5.057837,0.0,0.0,0.0,11339.67,1,147,687
67.0,0.0,-9999.0,9.663007,-3.4028235e+38,5.057837,0.0,0.0,6894.753,11755.938,0,192,1752
97.0,0.0,-9999.0,9.663007,-158.0,5.057837,0.0,0.0,6894.753,13027.873,0,1549,1784
75.0,0.0,-9999.0,9.663007,-3.4028235e+38,5.057837,0.0,0.0,0.0,11651.641,0,1272,622
65.0,0.0,-9999.0,9.663007,-3.4028235e+38,5.057837,0.0,0.0,0.0,11368.284,1,225,479
62.0,0.0,-9999.0,9.663007,-3.4028235e+38,5.057837,0.0,0.0,0.0,11449.689,1,250,94
92.0,0.0,-9999.0,9.663007,-90.0,5.057837,0.0,0.0,6894.753,13687.669,0,1866,1357
65.0,0.0,-9999.0,9.663007,-3.4028235e+38,5.057837,0.0,0.0,6894.753,11761.298,0,102,1748
65.0,0.0,-9999.0,9.663007,-3.4028235e+38,5.057837,0.0,0.0,0.0,11252.929,0,658,208
65.0,0.0,-9999.0,9.663007,-3.4028235e+38,5.057837,0.0,0.0,6894.753,11980.531,0,70,1910
89.0,0.0,-9999.0,10.12172,-93.0,5.5165496,0.0,0.0,6894.753,12148.014,1,1239,1409
62.0,0.0,-9999.0,9.663007,-3.4028235e+38,5.057837,0.0,0.0,0.0,11496.554,1,92,181
78.0,0.0,-9999.0,9.663007,-3.4028235e+38,5.057837,0.0,0.0,6894.753,12053.282,1,1457,747
64.0,0.0,-9999.0,9.663007,-3.4028235e+38,5.057837,0.0,0.0,6894.753,11232.103,0,90,1126
61.0,0.0,-9999.0,9.663007,-3.4028235e+38,5.057837,0.0,0.0,0.0,11481.453,1,210,38
81.0,0.0,-9999.0,9.663007,-174.0,5.057837,0.0,0.0,6894.753,11694.305,1,820,1762
63.0,0.0,-9999.0,9.663007,-3.4028235e+38,5.057837,0.0,0.0,6894.753,11280.26,0,55,978
83.0,0.0,-9999.0,9.663007,-172.0,5.057837,0.0,0.0,6894.753,11502.51,1,919,1583
80.0,0.0,-9999.0,9.663007,-9.0,5.057837,0.0,0.0,6894.753,11132.754,0,871,845
81.0,0.0,-9999.0,9.663007,-8.0,5.057837,0.0,0.0,6894.753,12815.816,0,1914,840
63.0,0.0,-9999.0,9.663007,-3.4028235e+38,5.057837,0.0,0.0,0.0,11182.057,0,1012,81
78.0,0.0,-9999.0,9.663007,-3.4028235e+38,5.057837,0.0,0.0,6894.753,11863.666,0,1323,784
92.0,0.0,-9999.0,9.663007,-90.0,5.057837,0.0,0.0,6894.753,13756.253,0,2158,1342
96.0,0.0,-9999.0,9.663007,-86.0,5.057837,0.0,0.0,6894.753,13663.069,1,2060,1536
76.0,0.0,-9999.0,9.663007,-3.4028235e+38,5.057837,0.0,0.0,0.0,12387.548,0,1848,621
76.0,0.0,-9999.0,9.663007,-179.0,5.057837,0.0,0.0,6894.753,11489.914,0,599,1584
79.0,0.0,-9999.0,9.663007,-3.4028235e+38,5.057837,0.0,0.0,6894.753,12710.149,0,2322,751
89.0,0.0,-9999.0,9.663007,-93.0,5.057837,0.0,0.0,6894.753,12798.842,1,1499,1287
67.0,0.0,-9999.0,9.663007,-3.4028235e+38,5.057837,0.0,0.0,0.0,11639.656,0,1816,230
83.0,0.0,-9999.0,9.663007,-172.0,5.057837,0.0,0.0,6894.753,11355.436,1,946,1406
71.0,0.0,-9999.0,9.663007,-3.4028235e+38,5.057837,0.0,0.0,0.0,11441.227,0,1212,421
62.0,0.0,-9999.0,9.663007,-3.4028235e+38,5.057837,0.0,0.0,0.0,11499.772,1,150,75
85.0,0.0,-9999.0,9.663007,-97.0,5.057837,0.0,0.0,6894.753,11982.818,0,1261,1091
74.0,0.0,-9999.0,9.663007,-3.4028235e+38,5.057837,0.0,0.0,0.0,11222.082,1,575,686
86.0,0.0,-9999.0,9.663007,-4.0,5.057837,0.0,0.0,6894.753,13270.569,0,1951,1074
67.0,0.0,-9999.0,9.663007,-3.4028235e+38,5.057837,0.0,0.0,6894.753,11450.001,0,197,1521
125.0,15.2178955,287.10272,10.869182,-61.0,9.050127,0.0,0.0,10558.363,13574.506,0,2325,1866
70.0,0.0,-9999.0,9.663007,-3.4028235e+38,5.057837,0.0,0.0,0.0,11216.3125,0,685,451
80.0,0.0,-9999.0,9.663007,-175.0,5.057837,0.0,0.0,6894.753,11169.297,1,785,1350
90.0,0.0,-9999.0,9.663007,-92.0,5.057837,0.0,0.0,6894.753,12224.467,0,1266,1415
64.0,0.0,-9999.0,9.663007,-3.4028235e+38,5.057837,0.0,0.0,0.0,11305.333,1,552,151
81.0,0.0,-9999.0,10.788214,-8.0,6.1830435,0.0,0.0,6894.753,12917.618,0,1798,905
105.0,0.0,-9999.0,9.663007,-81.0,5.057837,0.0,0.0,10574.442,13526.334,0,2173,1940
84.0,0.0,-9999.0,9.663007,-171.0,5.057837,0.0,0.0,6894.753,11852.382,1,978,1767
62.0,0.0,-9999.0,9.663007,-3.4028235e+38,5.057837,0.0,0.0,0.0,11383.249,0,15,663
65.0,0.0,-9999.0,9.663007,-3.4028235e+38,5.057837,0.0,0.0,0.0,11504.414,0,2408,132
83.0,0.0,-9999.0,9.663007,-99.0,5.057837,0.0,0.0,6894.753,11674.3,1,1153,993
87.0,0.0,-9999.0,9.663007,-168.0,5.057837,0.0,0.0,6894.753,11979.932,1,1106,1618
64.0,0.0,-9999.0,9.663007,-3.4028235e+38,5.057837,0.0,0.0,0.0,11379.012,1,99,593
71.0,0.0,-9999.0,9.663007,-3.4028235e+38,5.057837,0.0,0.0,0.0,11191.509,1,743,506
79.0,0.0,-9999.0,9.663007,-176.0,5.057837,0.0,0.0,6894.753,11722.526,0,713,1774
102.0,0.0,-9999.0,9.663007,-80.0,5.057837,0.0,0.0,6894.753,13573.098,1,2111,1798
74.0,0.0,-9999.0,9.663007,-3.4028235e+38,5.057837,0.0,0.0,0.0,11169.864,1,925,572
96.0,0.0,-9999.0,9.663007,-86.0,5.057837,0.0,0.0,11293.896,13730.168,0,2392,1522
71.0,0.0,-9999.0,9.663007,-3.4028235e+38,5.057837,0.0,0.0,0.0,11282.747,1,421,586
85.0,0.0,-9999.0,9.663007,-97.0,5.057837,0.0,0.0,6894.753,11721.391,0,1158,1063
82.0,0.0,-9999.0,9.663007,-7.0,5.057837,0.0,0.0,6894.753,11632.022,1,1140,964
91.0,0.0,-9999.0,9.663007,-91.0,5.057837,0.0,0.0,6894.753,13662.16,0,1793,1338
86.0,0.0,-9999.0,9.663007,-169.0,5.057837,0.0,0.0,6894.753,11841.52,1,1077,1544
66.0,0.0,-9999.0,9.663007,-3.4028235e+38,5.057837,0.0,0.0,0.0,11353.91,0,256,496
68.0,0.0,-9999.0,9.663007,-3.4028235e+38,5.057837,0.0,0.0,0.0,11160.197,0,869,303
78.0,0.0,-9999.0,9.663007,-177.0,5.057837,0.0,0.0,6894.753,11755.375,1,676,1796
99.0,0.0,-9999.0,9.663007,-156.0,5.057837,0.0,0.0,11975.418,13194.838,0,1633,1890
92.0,0.0,-9999.0,9.663007,-90.0,5.057837,0.0,0.0,6894.753,12737.177,1,1458,1407
88.0,0.0,-9999.0,9.663007,-167.0,5.057837,0.0,0.0,6894.753,12073.983,0,1175,1534
97.0,0.0,-9999.0,9.663007,-85.0,5.057837,0.0,0.0,6894.753,13650.168,0,2050,1566
77.0,0.0,-9999.0,9.663007,-105.0,5.057837,0.0,0.0,6894.753,11163.37,0,716,895
103.0,0.0,-9999.0,9.663007,-83.0,5.057837,0.0,0.0,11491.874,13497.921,1,1829,1907
67.0,0.0,-9999.0,9.663007,-3.4028235e+38,5.057837,0.0,0.0,0.0,11613.635,0,1704,246
97.0,0.0,-9999.0,9.663007,-85.0,5.057837,0.0,0.0,6894.753,13624.862,0,1968,1596
99.0,0.0,-9999.0,9.663007,-83.0,5.057837,0.0,0.0,6894.753,13627.699,1,2132,1663
76.0,0.0,-9999.0,9.663007,-3.4028235e+38,5.057837,0.0,0.0,0.0,12448.112,0,2109,633
70.0,0.0,-9999.0,9.663007,-3.4028235e+38,5.057837,0.0,0.0,0.0,11297.446,0,403,537
61.0,0.0,-9999.0,9.663007,-3.4028235e+38,5.057837,0.0,0.0,0.0,11408.719,1,374,18
99.0,0.0,-9999.0,9.663007,-83.0,5.057837,0.0,0.0,6894.753,13315.71,0,1687,1717
67.0,0.0,-9999.0,9.663007,-3.4028235e+38,5.057837,0.0,0.0,0.0,11268.015,0,588,314
92.0,0.0,-9999.0,9.663007,-90.0,5.057837,0.0,0.0,6894.753,13026.056,1,1565,1411
64.0,0.0,-9999.0,9.663007,-3.4028235e+38,5.057837,0.0,0.0,6894.753,11313.184,1,131,802
70.0,0.0,-9999.0,9.663007,-3.4028235e+38,5.057837,0.0,0.0,0.0,11251.985,1,582,450
76.0,0.0,-9999.0,9.663007,-179.0,5.057837,0.0,0.0,6894.753,11156.331,0,668,1053
97.0,0.0,-9999.0,9.663007,-158.0,5.057837,0.0,0.0,12122.632,13039.545,1,1547,1911
73.0,0.0,-9999.0,9.663007,-3.4028235e+38,5.057837,0.0,0.0,0.0,11217.238,1,635,588
72.0,0.0,-9999.0,9.663007,-3.4028235e+38,5.057837,0.0,0.0,0.0,11247.951,0,475,696
90.0,0.0,-9999.0,9.663007,-165.0,5.057837,0.0,0.0,6894.753,12423.453,1,1270,1720
95.0,0.0,-9999.0,9.663007,-160.0,5.057837,0.0,0.0,12196.176,12838.374,1,1445,1853
72.0,0.0,-9999.0,9.663007,-3.4028235e+38,5.057837,0.0,0.0,0.0,11219.233,1,651,528
90.0,0.0,-9999.0,9.663007,-92.0,5.057837,0.0,0.0,6894.753,12770.517,1,1477,1335
90.0,0.0,-9999.0,9.663007,-92.0,5.057837,0.0,0.0,6894.753,13463.444,1,1726,1301
71.0,0.0,-9999.0,9.663007,-3.4028235e+38,5.057837,0.0,0.0,0.0,11274.793,1,455,572
73.0,0.0,-9999.0,9.663007,-3.4028235e+38,5.057837,0.0,0.0,0.0,11236.855,0,538,655
93.0,0.0,-9999.0,9.663007,-89.0,5.057837,0.0,0.0,6894.753,13209.931,1,1634,1465
70.0,0.0,-9999.0,9.663007,-3.4028235e+38,5.057837,0.0,0.0,0.0,11261.881,1,550,458
77.0,0.0,-9999.0,9.663007,-3.4028235e+38,5.057837,0.0,0.0,0.0,11669.469,1,1233,728
87.0,0.0,-9999.0,9.663007,-95.0,5.057837,0.0,0.0,6894.753,11816.443,1,1144,1319
63.0,0.0,-9999.0,9.663007,-3.4028235e+38,5.057837,0.0,0.0,0.0,11271.107,0,1947,31
88.0,0.0,-9999.0,9.663007,-167.0,5.057837,0.0,0.0,6894.753,12008.183,1,1156,1511
77.0,0.0,-9999.0,9.663007,-3.4028235e+38,5.057837,0.0,0.0,0.0,11480.026,1,1120,712
77.0,0.0,-9999.0,9.663007,-178.0,5.057837,0.0,0.0,6894.753,11860.517,0,600,1870
83.0,0.0,-9999.0,9.663007,-6.0,5.057837,0.0,0.0,6894.753,13024.412,0,2021,939
88.0,0.0,-9999.0,10.368494,-94.0,5.7633243,0.0,0.0,6894.753,13523.748,1,1797,1226
65.0,0.0,-9999.0,9.663007,-3.4028235e+38,5.057837,0.0,0.0,0.0,11370.111,1,226,470
72.0,0.0,-9999.0,9.663007,-3.4028235e+38,5.057837,0.0,0.0,0.0,12008.225,0,1687,490
75.0,0.0,-9999.0,9.663007,-3.4028235e+38,5.057837,0.0,0.0,0.0,11200.713,1,638,720
92.0,0.0,-9999.0,9.663007,-90.0,5.057837,0.0,0.0,6894.753,12585.414,1,1400,1419
79.0,0.0,-9999.0,9.663007,-3.4028235e+38,5.057837,0.0,0.0,6894.753,11635.499,1,1183,810
96.0,0.0,-9999.0,9.663007,-86.0,5.057837,0.0,0.0,6894.753,13002.42,0,1542,1699
87.0,0.0,-9999.0,9.663007,-95.0,5.057837,0.0,0.0,6894.753,11765.747,0,1145,1216
80.0,0.0,-9999.0,9.663007,-9.0,5.057837,0.0,0.0,6894.753,11576.417,1,1143,836
94.0,0.0,-9999.0,9.663007,-88.0,5.057837,0.0,0.0,6894.753,13084.217,1,1585,1489
76.0,0.0,-9999.0,9.663007,-3.4028235e+38,5.057837,0.0,0.0,0.0,11153.036,0,828,676
85.0,0.0,-9999.0,9.663007,-5.0,5.057837,0.0,0.0,6894.753,13130.197,0,1750,1077
63.0,0.0,-9999.0,9.663007,-3.4028235e+38,5.057837,0.0,0.0,0.0,11419.811,0,115,426
78.0,0.0,-9999.0,9.663007,-3.4028235e+38,5.057837,0.0,0.0,6894.753,12216.12,1,1557,745
103.0,0.0,-9999.0,9.663007,-83.0,5.057837,0.0,0.0,11069.797,13527.034,1,1957,1868
64.0,0.0,-9999.0,9.663007,-3.4028235e+38,5.057837,0.0,0.0,0.0,11224.195,0,1155,102
63.0,0.0,-9999.0,9.663007,-3.4028235e+38,5.057837,0.0,0.0,0.0,11448.633,1,244,110
65.0,0.0,-9999.0,9.663007,-3.4028235e+38,5.057837,0.0,0.0,0.0,11164.057,0,877,156
71.0,0.0,-9999.0,9.663007,-3.4028235e+38,5.057837,0.0,0.0,0.0,11276.117,1,476,525
86.0,0.0,-9999.0,9.663007,-169.0,5.057837,0.0,0.0,6894.753,12039.17,1,1042,1821
71.0,0.0,-9999.0,9.663007,-3.4028235e+38,5.057837,0.0,0.0,0.0,11970.54,0,1833,403
86.0,0.0,-9999.0,9.663007,-169.0,5.057837,0.0,0.0,6894.753,11575.084,1,1063,1306
80.0,0.0,-9999.0,9.663007,-9.0,5.057837,0.0,0.0,6894.753,12679.757,1,1715,863
70.0,0.0,-9999.0,9.663007,-3.4028235e+38,5.057837,0.0,0.0,6894.753,11427.308,0,365,1517
90.0,0.0,-9999.0,9.663007,-92.0,5.057837,0.0,0.0,6894.753,13608.83,1,1911,1255
81.0,0.0,-9999.0,9.663007,-8.0,5.057837,0.0,0.0,6894.753,12413.604,1,1558,887
75.0,0.0,-9999.0,9.663007,-3.4028235e+38,5.057837,0.0,0.0,0.0,11177.287,0,738,685
66.0,0.0,-9999.0,9.663007,-3.4028235e+38,5.057837,0.0,0.0,6894.753,11194.4375,0,144,1324
67.0,0.0,-9999.0,9.663007,-3.4028235e+38,5.057837,0.0,0.0,0.0,11623.144,0,2205,202
78.0,0.0,-9999.0,9.663007,-3.4028235e+38,5.057837,0.0,0.0,6894.753,11488.675,1,1114,755
77.0,0.0,-9999.0,9.663007,-3.4028235e+38,5.057837,0.0,0.0,6894.753,11716.432,0,1258,737
67.0,0.0,-9999.0,9.663007,-3.4028235e+38,5.057837,0.0,0.0,0.0,11319.623,0,463,294
90.0,0.0,-9999.0,9.663007,-92.0,5.057837,0.0,0.0,6894.753,13618.825,1,1913,1260
62.0,0.0,-9999.0,9.663007,-3.4028235e+38,5.057837,0.0,0.0,0.0,11190.831,0,1128,44
88.0,0.0,-9999.0,9.663007,-167.0,5.057837,0.0,0.0,6894.753,12152.62,0,1130,1753
81.0,0.0,-9999.0,9.663007,-8.0,5.057837,0.0,0.0,6894.753,12087.863,1,1388,894
89.0,0.0,-9999.0,9.663007,-93.0,5.057837,0.0,0.0,6894.753,11981.858,1,1197,1338
79.0,0.0,-9999.0,9.663007,-3.4028235e+38,5.057837,0.0,0.0,6894.753,11366.532,1,1036,788
66.0,0.0,-9999.0,10.815497,-3.4028235e+38,6.2103276,0.0,0.0,6894.753,11777.425,0,156,1765
78.0,0.0,-9999.0,9.663007,-3.4028235e+38,5.057837,0.0,0.0,6894.753,12055.837,1,1435,782
89.0,0.0,-9999.0,9.663007,-93.0,5.057837,0.0,0.0,6894.753,12580.423,1,1427,1273
65.0,0.0,-9999.0,9.663007,-3.4028235e+38,5.057837,0.0,0.0,0.0,11337.194,1,156,687
84.0,0.0,-9999.0,9.663007,-6.0,5.057837,0.0,0.0,6894.753,12658.049,0,1582,1025
95.0,0.0,-9999.0,9.663007,-160.0,5.057837,0.0,0.0,6894.753,12891.245,0,1486,1745
65.0,0.0,-9999.0,9.663007,-3.4028235e+38,5.057837,0.0,0.0,0.0,11458.324,0,1918,130
80.0,0.0,-9999.0,9.846682,-9.0,5.2415113,0.0,0.0,6894.753,12881.175,0,2407,831
0.0,-9999.0,-9999.0,-3.4028235e+38,-3.4028235e+38,-3.4028235e+38,0.0,0.0,0.0,11171.283,0,1081,7
89.0,0.0,-9999.0,9.663007,-166.0,5.057837,0.0,0.0,6894.753,12345.781,0,1159,1916
62.0,0.0,-9999.0,9.663007,-3.4028235e+38,5.057837,0.0,0.0,0.0,11481.477,1,195,66
79.0,0.0,-9999.0,9.663007,-176.0,5.057837,0.0,0.0,6894.753,11716.293,1,722,1770
91.0,0.0,-9999.0,9.663007,-71.0,5.057837,0.0,0.0,6894.753,13817.903,0,2398,1320
66.0,0.0,-9999.0,9.663007,-3.4028235e+38,5.057837,0.0,0.0,0.0,11416.381,0,247,242
75.0,0.0,-9999.0,9.663007,-3.4028235e+38,5.057837,0.0,0.0,0.0,11162.252,0,919,623
95.0,0.0,-9999.0,9.663007,-87.0,5.057837,0.0,0.0,11204.393,13717.434,0,2306,1514
98.0,0.0,-9999.0,9.663007,-84.0,5.057837,0.0,0.0,6894.753,13603.117,0,1931,1640
95.0,0.0,-9999.0,9.663007,-87.0,5.057837,0.0,0.0,6894.753,12897.738,1,1500,1635
87.0,0.0,-9999.0,9.663007,-168.0,5.057837,0.0,0.0,6894.753,11835.581,0,1114,1436
95.0,0.0,-9999.0,9.663007,-87.0,5.057837,0.0,0.0,6894.753,13562.475,1,1779,1546
68.0,0.0,-9999.0,9.663007,-3.4028235e+38,5.057837,0.0,0.0,0.0,11334.933,0,1153,322
88.0,0.0,-9999.0,9.663007,-94.0,5.057837,0.0,0.0,6894.753,13451.209,0,1907,1173
71.0,0.0,-9999.0,9.663007,-3.4028235e+38,5.057837,0.0,0.0,0.0,11281.709,1,444,552
71.0,0.0,-9999.0,9.663007,-3.4028235e+38,5.057837,0.0,0.0,6894.753,11174.774,0,407,1187
64.0,0.0,-9999.0,9.663007,-3.4028235e+38,5.057837,0.0,0.0,6894.753,11314.147,1,127,802
68.0,0.0,-9999.0,9.663007,-3.4028235e+38,5.057837,0.0,0.0,0.0,11323.221,0,323,536
74.0,0.0,-9999.0,9.663007,-3.4028235e+38,5.057837,0.0,0.0,0.0,11208.689,0,956,562
65.0,0.0,-9999.0,9.663007,-3.4028235e+38,5.057837,0.0,0.0,0.0,11223.508,0,727,215
100.0,0.0,-9999.0,9.663007,-82.0,5.057837,0.0,0.0,10696.026,13614.562,1,2202,1725
71.0,0.0,-9999.0,10.001798,-3.4028235e+38,5.3966274,0.0,0.0,0.0,12054.452,0,2280,419
67.0,0.0,-9999.0,9.663007,-3.4028235e+38,5.057837,0.0,0.0,0.0,11634.334,0,2078,214
79.0,0.0,-9999.0,9.663007,-10.0,5.057837,0.0,0.0,6894.753,12555.937,0,1682,826
99.0,0.0,-9999.0,9.663007,-83.0,5.057837,0.0,0.0,10761.051,13629.087,1,2189,1683
63.0,0.0,-9999.0,9.663007,-3.4028235e+38,5.057837,0.0,0.0,0.0,11485.119,1,154,124
96.0,0.0,-9999.0,9.663007,-86.0,5.057837,0.0,0.0,6894.753,12973.6875,1,1528,1710
73.0,0.0,-9999.0,9.663007,-3.4028235e+38,5.057837,0.0,0.0,0.0,12084.289,0,1714,517
83.0,0.0,-9999.0,9.663007,-7.0,5.057837,0.0,0.0,6894.753,12929.005,1,1712,1012
66.0,0.0,-9999.0,9.663007,-3.4028235e+38,5.057837,0.0,0.0,0.0,11520.612,0,1824,167
79.0,0.0,-9999.0,9.663007,-176.0,5.057837,0.0,0.0,6894.753,11404.18,0,762,1531
64.0,0.0,-9999.0,9.663007,-3.4028235e+38,5.057837,0.0,0.0,0.0,11394.498,0,336,173
76.0,0.0,-9999.0,9.663007,-179.0,5.057837,0.0,0.0,6894.753,11150.736,0,684,1081
69.0,0.0,-9999.0,9.663007,-3.4028235e+38,5.057837,0.0,0.0,0.0,11386.842,0,1208,340
70.0,0.0,-9999.0,9.663007,-3.4028235e+38,5.057837,0.0,0.0,0.0,11194.728,0,751,437
76.0,0.0,-9999.0,9.663007,-179.0,5.057837,0.0,0.0,6894.753,11156.184,0,656,1072
99.0,0.0,-9999.0,9.663007,-83.0,5.057837,0.0,0.0,6894.753,13594.894,0,2010,1699
62.0,0.0,-9999.0,9.663007,-3.4028235e+38,5.057837,0.0,0.0,0.0,11426.472,0,80,446
63.0,0.0,-9999.0,9.663007,-3.4028235e+38,5.057837,0.0,0.0,0.0,11211.666,0,772,128
71.0,0.0,-9999.0,9.663007,-3.4028235e+38,5.057837,0.0,0.0,0.0,11171.552,1,806,495
71.0,0.0,-9999.0,9.663007,-3.4028235e+38,5.057837,0.0,0.0,0.0,11204.009,1,714,475
80.0,0.0,-9999.0,9.663007,-175.0,5.057837,0.0,0.0,6894.753,11121.953,1,788,1248
103.0,0.0,-9999.0,9.663007,-79.0,5.057837,0.0,0.0,10709.269,13548.427,0,2070,1849
69.0,0.0,-9999.0,9.663007,-3.4028235e+38,5.057837,0.0,0.0,6894.753,11764.653,0,274,1766
62.0,0.0,-9999.0,9.663007,-3.4028235e+38,5.057837,0.0,0.0,0.0,11346.485,1,480,91
83.0,0.0,-9999.0,9.663007,-7.0,5.057837,0.0,0.0,6894.753,12130.691,1,1360,997
96.0,0.0,-9999.0,9.663007,-86.0,5.057837,0.0,0.0,6894.753,13657.904,1,2026,1533
85.0,0.0,-9999.0,9.663007,-97.0,5.057837,0.0,0.0,6894.753,12344.809,0,1416,1082
90.0,0.0,-9999.0,9.663007,-92.0,5.057837,0.0,0.0,6894.753,13594.149,1,1905,1248
82.0,0.0,-9999.0,9.663007,-7.0,5.057837,0.0,0.0,6894.753,12951.552,0,1968,906
77.0,0.0,-9999.0,9.663007,-3.4028235e+38,5.057837,0.0,0.0,0.0,12581.095,0,2337,684
91.0,0.0,-9999.0,10.352969,-91.0,5.7477994,0.0,0.0,6894.753,13735.843,0,2054,1336
80.0,0.0,-9999.0,9.663007,-3.4028235e+38,5.057837,0.0,0.0,6894.753,12743.424,0,1823,810
79.0,0.0,-9999.0,9.663007,-3.4028235e+38,5.057837,0.0,0.0,6894.753,12674.911,0,2210,742
89.0,0.0,-9999.0,9.663007,-93.0,5.057837,0.0,0.0,6894.753,12171.825,0,1280,1275
66.0,0.0,-9999.0,9.663007,-3.4028235e+38,5.057837,0.0,0.0,0.0,11350.972,0,231,543
99.0,0.0,-9999.0,9.663007,-83.0,5.057837,0.0,0.0,10948.45,13666.853,0,2384,1667
87.0,0.0,-9999.0,9.663007,-168.0,5.057837,0.0,0.0,6894.753,12060.868,1,1106,1707
96.0,0.0,-9999.0,9.663007,-86.0,5.057837,0.0,0.0,6894.753,13590.993,0,1796,1587
77.0,0.0,-9999.0,9.663007,-3.4028235e+38,5.057837,0.0,0.0,0.0,11666.502,1,1232,726
103.0,0.0,-9999.0,9.663007,-83.0,5.057837,0.0,0.0,10526.114,13561.296,0,2178,1852
76.0,0.0,-9999.0,9.663007,-3.4028235e+38,5.057837,0.0,0.0,0.0,11800.094,0,1344,675
68.0,0.0,-9999.0,9.663007,-3.4028235e+38,5.057837,0.0,0.0,0.0,11756.532,0,1781,299
90.0,0.0,-9999.0,9.663007,-165.0,5.057837,0.0,0.0,6894.753,12485.047,0,1233,1926
97.0,0.0,-9999.0,9.663007,-158.0,5.057837,0.0,0.0,12111.035,13057.849,0,1557,1914
62.0,0.0,-9999.0,9.663007,-3.4028235e+38,5.057837,0.0,0.0,0.0,11346.033,1,481,91
95.0,0.0,-9999.0,9.663007,-87.0,5.057837,0.0,0.0,6894.753,13493.363,1,1750,1538
83.0,0.0,-9999.0,9.663007,-6.0,5.057837,0.0,0.0,6894.753,11571.693,0,1107,988
61.0,0.0,-9999.0,9.663007,-3.4028235e+38,5.057837,0.0,0.0,0.0,11573.712,0,28,14
69.0,0.0,-9999.0,9.663007,-3.4028235e+38,5.057837,0.0,0.0,6894.753,11592.301,0,308,1638
82.0,0.0,-9999.0,9.663007,-173.0,5.057837,0.0,0.0,6894.753,11664.003,0,892,1745
61.0,0.0,-9999.0,9.663007,-3.4028235e+38,5.057837,0.0,0.0,0.0,11534.093,0,92,47
62.0,0.0,-9999.0,9.663007,-3.4028235e+38,5.057837,0.0,0.0,0.0,11532.413,0,76,79
78.0,0.0,-9999.0,9.663007,-177.0,5.057837,0.0,0.0,6894.753,11127.492,1,717,1271
83.0,0.0,-9999.0,9.663007,-6.0,5.057837,0.0,0.0,6894.753,11722.921,1,1176,990
69.0,0.0,-9999.0,9.663007,-3.4028235e+38,5.057837,0.0,0.0,0.0,11522.661,0,1348,369
64.0,0.0,-9999.0,9.663007,-3.4028235e+38,5.057837,0.0,0.0,0.0,11302.729,1,558,151
86.0,0.0,-9999.0,9.663007,-96.0,5.057837,0.0,0.0,6894.753,12008.269,0,1257,1139
82.0,0.0,-9999.0,9.663007,-7.0,5.057837,0.0,0.0,6894.753,12961.094,1,1778,950
70.0,0.0,-9999.0,9.663007,-3.4028235e+38,5.057837,0.0,0.0,0.0,11289.49,1,383,611
70.0,0.0,-9999.0,9.663007,-3.4028235e+38,5.057837,0.0,0.0,0.0,11217.003,1,679,464
99.0,0.0,-9999.0,9.663007,-83.0,5.057837,0.0,0.0,6894.753,13582.164,0,1889,1681
94.0,0.0,-9999.0,9.663007,-88.0,5.057837,0.0,0.0,6894.753,13660.139,0,1880,1447
66.0,0.0,-9999.0,9.663007,-3.4028235e+38,5.057837,0.0,0.0,0.0,11174.726,0,943,229
96.0,0.0,-9999.0,9.663007,-86.0,5.057837,0.0,0.0,6894.753,13626.995,1,1907,1559
89.0,0.0,-9999.0,9.663007,-166.0,5.057837,0.0,0.0,6894.753,12257.899,1,1215,1653
78.0,0.0,-9999.0,9.663007,-3.4028235e+38,5.057837,0.0,0.0,0.0,12578.057,0,2035,706
66.0,0.0,-9999.0,9.663007,-3.4028235e+38,5.057837,0.0,0.0,6894.753,11630.658,0,142,1653
81.0,0.0,-9999.0,9.663007,-174.0,5.057837,0.0,0.0,6894.753,11873.426,0,823,1902
64.0,0.0,-9999.0,9.663007,-3.4028235e+38,5.057837,0.0,0.0,0.0,11304.898,1,553,151
82.0,0.0,-9999.0,10.12172,-173.0,5.5165496,0.0,0.0,6894.753,11208.962,1,918,1349
81.0,0.0,-9999.0,9.663007,-8.0,5.057837,0.0,0.0,6894.753,12398.535,1,1551,886
98.0,0.0,-9999.0,9.663007,-84.0,5.057837,0.0,0.0,6894.753,13626.246,0,2068,1639
333.0,18.64144,348.02386,8.71139,147.0,7.0838614,0.0,0.0,10543.1875,13537.8,1,2328,1955
92.0,0.0,-9999.0,9.663007,-90.0,5.057837,0.0,0.0,6894.753,13128.416,0,1603,1418
65.0,0.0,-9999.0,9.663007,-3.4028235e+38,5.057837,0.0,0.0,0.0,11386.05,1,217,417
85.0,0.0,-9999.0,9.663007,-5.0,5.057837,0.0,0.0,6894.753,12760.863,1,1594,1077
91.0,0.0,-9999.0,9.663007,-164.0,5.057837,0.0,0.0,6894.753,12491.7,1,1299,1731
65.0,0.0,-9999.0,9.663007,-3.4028235e+38,5.057837,0.0,0.0,6894.753,11221.913,0,119,1148
88.0,0.0,-9999.0,9.663007,-167.0,5.057837,0.0,0.0,6894.753,12179.144,1,1122,1802
83.0,0.0,-9999.0,9.663007,-6.0,5.057837,0.0,0.0,6894.753,13057.178,0,2279,932
65.0,0.0,-9999.0,9.663007,-3.4028235e+38,5.057837,0.0,0.0,0.0,11336.614,1,160,685
63.0,0.0,-9999.0,9.663007,-3.4028235e+38,5.057837,0.0,0.0,0.0,11344.967,1,476,111
85.0,0.0,-9999.0,9.663007,-170.0,5.057837,0.0,0.0,6894.753,11740.514,0,1040,1534
81.0,0.0,-9999.0,9.663007,-174.0,5.057837,0.0,0.0,6894.753,11376.505,0,843,1516
99.0,0.0,-9999.0,9.663007,-83.0,5.057837,0.0,0.0,10801.204,13637.312,0,2251,1687
94.0,0.0,-9999.0,9.663007,-161.0,5.057837,0.0,0.0,12269.22,12710.539,1,1380,1843
97.0,0.0,-9999.0,9.663007,-85.0,5.057837,0.0,0.0,11098.575,13695.731,0,2328,1576
98.0,0.0,-9999.0,9.663007,-84.0,5.057837,0.0,0.0,6894.753,13502.143,0,1766,1653
80.0,0.0,-9999.0,9.663007,-175.0,5.057837,0.0,0.0,6894.753,11124.922,1,821,1318
72.0,0.0,-9999.0,9.663007,-3.4028235e+38,5.057837,0.0,0.0,0.0,11218.448,1,659,512
77.0,0.0,-9999.0,9.663007,-178.0,5.057837,0.0,0.0,6894.753,11780.666,0,617,1810
78.0,0.0,-9999.0,9.663007,-177.0,5.057837,0.0,0.0,6894.753,11702.77,1,684,1756
72.0,0.0,-9999.0,9.663007,-3.4028235e+38,5.057837,0.0,0.0,6894.753,11563.328,0,451,1628
76.0,0.0,-9999.0,9.663007,-3.4028235e+38,5.057837,0.0,0.0,0.0,12267.186,0,1666,665
62.0,0.0,-9999.0,9.663007,-3.4028235e+38,5.057837,0.0,0.0,0.0,11446.739,1,255,97
70.0,0.0,-9999.0,9.663007,-3.4028235e+38,5.057837,0.0,0.0,0.0,11275.776,0,411,640
84.0,0.0,-9999.0,9.663007,-6.0,5.057837,0.0,0.0,6894.753,12659.453,0,1572,1042
66.0,0.0,-9999.0,9.663007,-3.4028235e+38,5.057837,0.0,0.0,0.0,11566.174,0,2009,182
90.0,0.0,-9999.0,9.663007,-92.0,5.057837,0.0,0.0,6894.753,12095.711,1,1240,1327
62.0,0.0,-9999.0,9.663007,-3.4028235e+38,5.057837,0.0,0.0,0.0,11441.577,1,59,419
68.0,0.0,-9999.0,9.663007,-3.4028235e+38,5.057837,0.0,0.0,0.0,11745.147,0,2199,265
74.0,0.0,-9999.0,9.663007,-3.4028235e+38,5.057837,0.0,0.0,0.0,11278.738,0,1010,573
87.0,0.0,-9999.0,9.663007,-3.0,5.057837,0.0,0.0,6894.753,13386.19,1,1860,1144
83.0,0.0,-9999.0,9.663007,-7.0,5.057837,0.0,0.0,6894.753,12641.935,1,1587,1006
305.0,13.674946,189.46231,8.287577,119.0,6.3685484,0.0,0.0,10544.684,13553.386,1,2358,1926
72.0,0.0,-9999.0,9.663007,-3.4028235e+38,5.057837,0.0,0.0,6894.753,11200.658,0,497,954
83.0,0.0,-9999.0,9.663007,-6.0,5.057837,0.0,0.0,6894.753,12981.487,0,1755,988
90.0,0.0,-9999.0,9.663007,-165.0,5.057837,0.0,0.0,6894.753,12423.053,0,1203,1914
77.0,0.0,-9999.0,9.663007,-3.4028235e+38,5.057837,0.0,0.0,0.0,12504.103,0,2082,664
67.0,0.0,-9999.0,9.663007,-3.4028235e+38,5.057837,0.0,0.0,0.0,11233.818,0,1037,262
80.0,0.0,-9999.0,9.663007,-175.0,5.057837,0.0,0.0,6894.753,11619.348,1,814,1703
94.0,0.0,-9999.0,9.663007,-161.0,5.057837,0.0,0.0,6894.753,12833.181,0,1468,1668
78.0,0.0,-9999.0,9.663007,-3.4028235e+38,5.057837,0.0,0.0,6894.753,11451.656,1,1093,750
90.0,0.0,-9999.0,9.663007,-92.0,5.057837,0.0,0.0,6894.753,13623.865,1,1866,1268
102.0,0.0,-9999.0,9.663007,-80.0,5.057837,0.0,0.0,6894.753,13554.453,1,2032,1819
338.0,8.206727,303.69006,8.298692,152.0,5.913456,0.0,0.0,10542.393,13542.265,1,2338,1947
99.0,0.0,-9999.0,9.663007,-83.0,5.057837,0.0,0.0,11909.993,13215.89,1,1643,1833
70.0,0.0,-9999.0,9.663007,-3.4028235e+38,5.057837,0.0,0.0,6894.753,11166.123,0,346,1267
81.0,0.0,-9999.0,9.663007,-8.0,5.057837,0.0,0.0,6894.753,12376.405,0,1539,887
90.0,0.0,-9999.0,9.663007,-92.0,5.057837,0.0,0.0,6894.753,12238.366,1,1262,1454
78.0,0.0,-9999.0,9.663007,-177.0,5.057837,0.0,0.0,6894.753,11138.482,0,767,1070
96.0,0.0,-9999.0,9.663007,-86.0,5.057837,0.0,0.0,6894.753,13659.935,1,2037,1533
64.0,0.0,-9999.0,9.663007,-3.4028235e+38,5.057837,0.0,0.0,0.0,11428.524,1,181,300
65.0,0.0,-9999.0,9.663007,-3.4028235e+38,5.057837,0.0,0.0,0.0,11383.063,0,335,230
81.0,2.429397,315.0,8.430623,-174.0,5.057837,0.0,0.0,6894.753,11929.256,0,798,1943
81.0,0.0,-9999.0,9.663007,-174.0,5.057837,0.0,0.0,6894.753,11719.629,1,812,1781
71.0,0.0,-9999.0,9.663007,-3.4028235e+38,5.057837,0.0,0.0,0.0,11638.278,0,1385,453
70.0,0.0,-9999.0,9.663007,-3.4028235e+38,5.057837,0.0,0.0,0.0,11735.489,0,1571,387
100.0,0.0,-9999.0,9.663007,-82.0,5.057837,0.0,0.0,10719.663,13619.783,0,2200,1711
63.0,0.0,-9999.0,9.663007,-3.4028235e+38,5.057837,0.0,0.0,0.0,11407.188,0,131,452
83.0,0.0,-9999.0,9.663007,-172.0,5.057837,0.0,0.0,6894.753,11674.527,1,929,1704
68.0,0.0,-9999.0,9.663007,-3.4028235e+38,5.057837,0.0,0.0,6894.753,11202.726,0,274,1138
99.0,0.0,-9999.0,9.663007,-156.0,5.057837,0.0,0.0,11989.415,13221.781,0,1649,1932
78.0,0.0,-9999.0,9.663007,-3.4028235e+38,5.057837,0.0,0.0,6894.753,11991.775,0,1398,782
87.0,0.0,-9999.0,9.663007,-168.0,5.057837,0.0,0.0,6894.753,12096.178,1,1140,1662
82.0,0.0,-9999.0,9.663007,-7.0,5.057837,0.0,0.0,6894.753,12982.144,0,2219,899
99.0,0.0,-9999.0,9.663007,-83.0,5.057837,0.0,0.0,10727.959,13622.397,1,2142,1681
66.0,2.29061,270.0,8.471934,-3.4028235e+38,5.057837,0.0,0.0,6894.753,11601.932,0,162,1633
65.0,0.0,-9999.0,9.663007,-3.4028235e+38,5.057837,0.0,0.0,0.0,11451.083,0,2359,107
73.0,0.0,-9999.0,9.663007,-3.4028235e+38,5.057837,0.0,0.0,0.0,11236.567,0,566,600
63.0,0.0,-9999.0,9.663007,-3.4028235e+38,5.057837,0.0,0.0,0.0,11396.246,0,365,102
282.0,25.098463,286.1134,9.512602,96.0,8.169308,0.0,0.0,10548.038,13560.011,1,2249,1878
99.0,0.0,-9999.0,9.663007,-83.0,5.057837,0.0,0.0,6894.753,13590.434,0,1941,1681
83.0,0.0,-9999.0,9.663007,-6.0,5.057837,0.0,0.0,6894.753,12168.864,0,1388,974
97.0,0.0,-9999.0,9.663007,-85.0,5.057837,0.0,0.0,6894.753,13100.034,0,1587,1693
62.0,0.0,-9999.0,9.663007,-3.4028235e+38,5.057837,0.0,0.0,0.0,11425.625,1,38,498
0.0,-9999.0,-9999.0,-3.4028235e+38,-3.4028235e+38,-3.4028235e+38,0.0,0.0,6894.753,11316.346,0,2,893
66.0,0.0,-9999.0,9.663007,-3.4028235e+38,5.057837,0.0,0.0,6894.753,11221.813,0,202,1102
100.0,0.0,-9999.0,9.663007,-82.0,5.057837,0.0,0.0,6894.753,13579.292,1,2000,1738
83.0,0.0,-9999.0,9.663007,-6.0,5.057837,0.0,0.0,6894.753,13044.318,0,2229,930
88.0,0.0,-9999.0,9.663007,-167.0,5.057837,0.0,0.0,6894.753,12180.083,1,1132,1780
68.0,0.0,-9999.0,9.663007,-3.4028235e+38,5.057837,0.0,0.0,6894.753,11215.566,0,280,1077
85.0,0.0,-9999.0,9.663007,-5.0,5.057837,0.0,0.0,6894.753,12442.488,1,1465,1066
79.0,0.0,-9999.0,9.663007,-10.0,5.057837,0.0,0.0,6894.753,11144.428,0,819,848
73.0,0.0,-9999.0,9.663007,-3.4028235e+38,5.057837,0.0,0.0,0.0,11254.69,1,522,568
80.0,0.0,-9999.0,9.663007,-175.0,5.057837,0.0,0.0,6894.753,11820.088,0,778,1856
62.0,0.0,-9999.0,9.663007,-3.4028235e+38,5.057837,0.0,0.0,0.0,11439.29,0,282,76
86.0,0.0,-9999.0,9.663007,-4.0,5.057837,0.0,0.0,6894.753,13233.892,0,1861,1064
83.0,0.0,-9999.0,9.663007,-172.0,5.057837,0.0,0.0,6894.753,11536.011,1,950,1549
95.0,0.0,-9999.0,9.663007,-87.0,5.057837,0.0,0.0,6894.753,13440.369,1,1728,1532
104.0,0.0,-9999.0,10.12172,-82.0,5.5165496,0.0,0.0,10970.701,13510.379,0,2005,1931
80.0,0.0,-9999.0,9.663007,-9.0,5.057837,0.0,0.0,6894.753,11325.147,1,1005,856
68.0,0.0,-9999.0,9.663007,-3.4028235e+38,5.057837,0.0,0.0,0.0,11155.077,0,909,294
96.0,0.0,-9999.0,9.663007,-86.0,5.057837,0.0,0.0,6894.753,13637.048,0,1889,1520
88.0,0.0,-9999.0,9.663007,-2.0,5.057837,0.0,0.0,6894.753,13476.194,0,1972,1179
69.0,0.0,-9999.0,9.663007,-3.4028235e+38,5.057837,0.0,0.0,0.0,11718.817,0,1583,368
86.0,0.0,-9999.0,9.663007,-169.0,5.057837,0.0,0.0,6894.753,11606.894,1,1074,1307
73.0,0.0,-9999.0,9.663007,-182.0,5.057837,0.0,0.0,6894.753,11198.854,0,530,923
82.0,0.0,-9999.0,9.663007,-7.0,5.057837,0.0,0.0,6894.753,11727.367,1,1195,928
68.0,0.0,-9999.0,9.663007,-3.4028235e+38,5.057837,0.0,0.0,6894.753,11550.409,0,246,1601
75.0,0.0,-9999.0,9.663007,-180.0,5.057837,0.0,0.0,6894.753,11259.663,0,594,1406
90.0,0.0,-9999.0,9.663007,-92.0,5.057837,0.0,0.0,6894.753,12539.196,1,1398,1314
65.0,0.0,-9999.0,9.663007,-3.4028235e+38,5.057837,0.0,0.0,0.0,11334.651,0,148,705
77.0,0.0,-9999.0,9.663007,-3.4028235e+38,5.057837,0.0,0.0,0.0,12534.022,0,2377,657
76.0,0.0,-9999.0,9.663007,-179.0,5.057837,0.0,0.0,6894.753,11185.831,0,635,1352
73.0,0.0,-9999.0,9.663007,-3.4028235e+38,5.057837,0.0,0.0,0.0,11242.916,1,540,610
103.0,0.0,-9999.0,9.663007,-83.0,5.057837,0.0,0.0,10983.299,13533.544,0,1983,1859
66.0,0.0,-9999.0,9.663007,-3.4028235e+38,5.057837,0.0,0.0,0.0,11179.112,0,957,191
65.0,0.0,-9999.0,9.663007,-3.4028235e+38,5.057837,0.0,0.0,0.0,11447.67,0,1652,160
71.0,0.0,-9999.0,10.463419,-3.4028235e+38,5.8582487,0.0,0.0,0.0,11194.345,1,733,511
96.0,0.0,-9999.0,9.663007,-86.0,5.057837,0.0,0.0,6894.753,13629.038,1,1928,1564
90.0,0.0,-9999.0,9.663007,-165.0,5.057837,0.0,0.0,6894.753,12302.541,1,1272,1516
81.0,0.0,-9999.0,9.663007,-8.0,5.057837,0.0,0.0,6894.753,12416.998,0,1564,881
88.0,0.0,-9999.0,9.663007,-167.0,5.057837,0.0,0.0,6894.753,12166.812,0,1122,1788
81.0,0.0,-9999.0,9.663007,-8.0,5.057837,0.0,0.0,6894.753,12155.668,1,1418,902
94.0,0.0,-9999.0,9.663007,-88.0,5.057837,0.0,0.0,6894.753,12739.233,0,1451,1478
79.0,0.0,-9999.0,9.663007,-3.4028235e+38,5.057837,0.0,0.0,6894.753,11293.294,0,993,799
90.0,0.0,-9999.0,9.663007,-92.0,5.057837,0.0,0.0,6894.753,13639.312,1,1928,1269
99.0,0.0,-9999.0,9.663007,-83.0,5.057837,0.0,0.0,6894.753,13595.045,0,1970,1681
78.0,0.0,-9999.0,9.663007,-3.4028235e+38,5.057837,0.0,0.0,6894.753,12039.793,1,1427,780
66.0,0.0,-9999.0,9.663007,-3.4028235e+38,5.057837,0.0,0.0,0.0,11366.534,0,1345,202
91.0,0.0,-9999.0,9.663007,-91.0,5.057837,0.0,0.0,6894.753,12349.768,0,1304,1457
67.0,0.0,-9999.0,9.663007,-3.4028235e+38,5.057837,0.0,0.0,0.0,11690.338,0,2315,231
83.0,0.0,-9999.0,9.663007,-6.0,5.057837,0.0,0.0,6894.753,11660.196,1,1147,991
102.0,0.0,-9999.0,9.663007,-80.0,5.057837,0.0,0.0,6894.753,13539.797,1,1876,1800
84.0,0.0,-9999.0,9.663007,-171.0,5.057837,0.0,0.0,6894.753,11323.665,0,976,1286
63.0,0.0,-9999.0,9.663007,-3.4028235e+38,5.057837,0.0,0.0,0.0,11485.037,1,153,126
91.0,0.0,-9999.0,9.663007,-164.0,5.057837,0.0,0.0,6894.753,12471.293,0,1240,1887
74.0,0.0,-9999.0,9.663007,-3.4028235e+38,5.057837,0.0,0.0,0.0,11497.315,0,1182,570
67.0,0.0,-9999.0,9.663007,-3.4028235e+38,5.057837,0.0,0.0,0.0,11315.638,0,1156,280
69.0,0.0,-9999.0,9.663007,-3.4028235e+38,5.057837,0.0,0.0,6894.753,11224.349,0,349,980
61.0,0.0,-9999.0,9.663007,-3.4028235e+38,5.057837,0.0,0.0,0.0,11486.426,1,9,330
100.0,0.0,-9999.0,9.663007,-82.0,5.057837,0.0,0.0,10689.265,13613.203,1,2214,1733
66.0,0.0,-9999.0,9.663007,-3.4028235e+38,5.057837,0.0,0.0,0.0,11306.258,0,1186,230
92.0,0.0,-9999.0,9.663007,-90.0,5.057837,0.0,0.0,6894.753,12558.858,1,1372,1530
63.0,0.0,-9999.0,9.663007,-3.4028235e+38,5.057837,0.0,0.0,0.0,11250.812,0,682,133
88.0,0.0,-9999.0,9.663007,-167.0,5.057837,0.0,0.0,6894.753,12151.776,0,1139,1730
67.0,0.0,-9999.0,9.663007,-3.4028235e+38,5.057837,0.0,0.0,6894.753,11170.574,0,202,1309
63.0,0.0,-9999.0,9.663007,-3.4028235e+38,5.057837,0.0,0.0,0.0,11271.725,0,1457,74
89.0,0.0,-9999.0,9.663007,-93.0,5.057837,0.0,0.0,6894.753,13589.705,0,1814,1256
79.0,0.0,-9999.0,9.663007,-176.0,5.057837,0.0,0.0,6894.753,11133.308,0,805,1056
98.0,0.0,-9999.0,10.815497,-84.0,6.2103276,0.0,0.0,10898.015,13656.92,0,2297,1657
64.0,0.0,-9999.0,9.663007,-3.4028235e+38,5.057837,0.0,0.0,0.0,11407.756,1,176,389
82.0,0.0,-9999.0,9.663007,-173.0,5.057837,0.0,0.0,6894.753,11538.079,0,887,1646
73.0,0.0,-9999.0,9.663007,-3.4028235e+38,5.057837,0.0,0.0,0.0,11870.182,0,1515,530
86.0,0.0,-9999.0,9.663007,-96.0,5.057837,0.0,0.0,6894.753,12362.6045,1,1402,1131
99.0,0.0,-9999.0,9.663007,-83.0,5.057837,0.0,0.0,6894.753,13607.918,1,2028,1671
69.0,0.0,-9999.0,9.663007,-3.4028235e+38,5.057837,0.0,0.0,6894.753,11278.6455,1,330,738
67.0,0.0,-9999.0,9.663007,-3.4028235e+38,5.057837,0.0,0.0,0.0,11703.957,0,2414,233
70.0,0.0,-9999.0,9.663007,-3.4028235e+38,5.057837,0.0,0.0,6894.753,11183.025,0,367,1171
80.0,0.0,-9999.0,9.663007,-9.0,5.057837,0.0,0.0,6894.753,11166.202,1,921,837
81.0,0.0,-9999.0,9.663007,-174.0,5.057837,0.0,0.0,6894.753,11453.652,0,864,1578
64.0,0.0,-9999.0,9.663007,-3.4028235e+38,5.057837,0.0,0.0,0.0,11377.825,1,102,594
83.0,0.0,-9999.0,9.663007,-6.0,5.057837,0.0,0.0,6894.753,13039.565,0,1820,966
75.0,0.0,-9999.0,9.663007,-3.4028235e+38,5.057837,0.0,0.0,0.0,11136.114,0,895,635
71.0,0.0,-9999.0,9.663007,-3.4028235e+38,5.057837,0.0,0.0,6894.753,11462.168,0,395,1546
64.0,0.0,-9999.0,9.663007,-3.4028235e+38,5.057837,0.0,0.0,0.0,11371.371,0,106,613
94.0,0.0,-9999.0,9.663007,-88.0,5.057837,0.0,0.0,6894.753,13439.284,1,1724,1486
95.0,0.0,-9999.0,9.663007,-160.0,5.057837,0.0,0.0,12255.097,12821.33,1,1431,1882
72.0,0.0,-9999.0,9.663007,-3.4028235e+38,5.057837,0.0,0.0,0.0,11173.569,1,790,540
83.0,0.0,-9999.0,9.663007,-172.0,5.057837,0.0,0.0,6894.753,11272.9375,1,958,1286
63.0,0.0,-9999.0,9.663007,-3.4028235e+38,5.057837,0.0,0.0,0.0,11402.971,1,126,474
88.0,0.0,-9999.0,9.663007,-94.0,5.057837,0.0,0.0,6894.753,13318.145,0,1711,1241
63.0,0.0,-9999.0,9.663007,-3.4028235e+38,5.057837,0.0,0.0,6894.753,11231.743,0,6,1167
96.0,0.0,-9999.0,9.663007,-159.0,5.057837,0.0,0.0,6894.753,12923.929,1,1494,1818
102.0,0.0,-9999.0,9.663007,-84.0,5.057837,0.0,0.0,11626.504,13462.039,1,1775,1867
79.0,0.0,-9999.0,10.368495,-176.0,5.7633243,0.0,0.0,6894.753,11730.391,1,744,1783
65.0,0.0,-9999.0,9.663007,-3.4028235e+38,5.057837,0.0,0.0,0.0,11415.488,0,1552,165
95.0,0.0,-9999.0,9.663007,-160.0,5.057837,0.0,0.0,6894.753,12804.859,1,1436,1802
97.0,0.0,-9999.0,9.663007,-85.0,5.057837,0.0,0.0,6894.753,13408.268,0,1723,1636
90.0,0.0,-9999.0,10.12172,-165.0,5.5165496,0.0,0.0,6894.753,12419.368,1,1252,1773
80.0,0.0,-9999.0,9.663007,-9.0,5.057837,0.0,0.0,6894.753,12604.619,1,1686,851
62.0,0.0,-9999.0,9.663007,-3.4028235e+38,5.057837,0.0,0.0,0.0,11451.276,1,247,93
69.0,0.0,-9999.0,9.663007,-3.4028235e+38,5.057837,0.0,0.0,0.0,11317.546,0,396,443
61.0,0.0,-9999.0,9.663007,-3.4028235e+38,5.057837,0.0,0.0,0.0,11405.903,1,382,13
81.0,0.0,-9999.0,9.663007,-174.0,5.057837,0.0,0.0,6894.753,11137.552,1,865,1331
63.0,0.0,-9999.0,9.663007,-3.4028235e+38,5.057837,0.0,0.0,6894.753,11320.526,0,5,1409
70.0,0.0,-9999.0,9.663007,-3.4028235e+38,5.057837,0.0,0.0,6894.753,11746.387,0,339,1758
103.0,0.0,-9999.0,9.663007,-83.0,5.057837,0.0,0.0,11583.785,13493.042,1,1797,1899
65.0,0.0,-9999.0,9.663007,-3.4028235e+38,5.057837,0.0,0.0,0.0,11444.45,1,197,211
64.0,0.0,-9999.0,9.663007,-3.4028235e+38,5.057837,0.0,0.0,6894.753,11314.388,1,126,802
87.0,0.0,-9999.0,9.663007,-168.0,5.057837,0.0,0.0,6894.753,12059.365,1,1114,1686
85.0,0.0,-9999.0,9.663007,-97.0,5.057837,0.0,0.0,6894.753,12715.268,1,1563,1097
96.0,0.0,-9999.0,9.663007,-159.0,5.057837,0.0,0.0,6894.753,12972.433,0,1525,1742
77.0,0.0,-9999.0,9.663007,-3.4028235e+38,5.057837,0.0,0.0,0.0,11878.091,1,1361,730
88.0,0.0,-9999.0,9.663007,-94.0,5.057837,0.0,0.0,6894.753,13419.348,0,1781,1193
62.0,0.0,-9999.0,10.263605,-3.4028235e+38,5.658435,0.0,0.0,0.0,11275.18,0,636,98
80.0,0.0,-9999.0,9.663007,-9.0,5.057837,0.0,0.0,6894.753,12282.629,0,1504,867
78.0,0.0,-9999.0,9.663007,-3.4028235e+38,5.057837,0.0,0.0,6894.753,12211.065,1,1549,751
71.0,0.0,-9999.0,9.663007,-3.4028235e+38,5.057837,0.0,0.0,0.0,11282.255,1,450,538
81.0,0.0,-9999.0,9.663007,-8.0,5.057837,0.0,0.0,6894.753,12853.226,1,1775,895
79.0,0.0,-9999.0,9.663007,-176.0,5.057837,0.0,0.0,6894.753,11904.662,0,710,1915
87.0,0.0,-9999.0,9.663007,-168.0,5.057837,0.0,0.0,6894.753,12217.188,0,1101,1889
95.0,0.0,-9999.0,9.663007,-87.0,5.057837,0.0,0.0,6894.753,13402.231,1,1713,1538
91.0,0.0,-9999.0,9.663007,-91.0,5.057837,0.0,0.0,6894.753,13362.949,1,1688,1363
87.0,0.0,-9999.0,9.663007,-95.0,5.057837,0.0,0.0,6894.753,13188.918,0,1718,1155
98.0,0.0,-9999.0,9.663007,-84.0,5.057837,0.0,0.0,6894.753,13150.519,1,1610,1709
90.0,0.0,-9999.0,9.663007,-92.0,5.057837,0.0,0.0,6894.753,12727.417,0,1463,1322
85.0,0.0,-9999.0,9.663007,-5.0,5.057837,0.0,0.0,6894.753,13157.5,0,1774,1061
80.0,0.0,-9999.0,9.663007,-9.0,5.057837,0.0,0.0,6894.753,11128.788,1,901,848
68.0,0.0,-9999.0,9.663007,-3.4028235e+38,5.057837,0.0,0.0,0.0,11636.72,0,1563,321
69.0,0.0,-9999.0,9.663007,-3.4028235e+38,5.057837,0.0,0.0,0.0,11275.95,1,349,727
66.0,0.0,-9999.0,9.663007,-3.4028235e+38,5.057837,0.0,0.0,6894.753,11616.385,0,163,1644
81.0,0.0,-9999.0,9.663007,-8.0,5.057837,0.0,0.0,6894.753,12399.808,0,1540,903
90.0,0.0,-9999.0,9.663007,-92.0,5.057837,0.0,0.0,6894.753,12832.139,1,1509,1291
94.0,0.0,-9999.0,9.663007,-161.0,5.057837,0.0,0.0,12284.145,12744.254,1,1393,1865
328.0,22.191607,348.69006,8.616156,142.0,7.1547756,0.0,0.0,10543.445,13537.688,1,2327,1955
88.0,0.0,-9999.0,9.663007,-2.0,5.057837,0.0,0.0,6894.753,13479.869,0,2036,1174
98.0,0.0,-9999.0,9.663007,-84.0,5.057837,0.0,0.0,6894.753,13574.847,1,1800,1660
86.0,0.0,-9999.0,9.663007,-169.0,5.057837,0.0,0.0,6894.753,11755.348,1,1099,1392
79.0,0.0,-9999.0,9.846682,-176.0,5.2415113,0.0,0.0,6894.753,11647.681,0,769,1721
96.0,0.0,-9999.0,9.663007,-86.0,5.057837,0.0,0.0,6894.753,13654.056,1,2013,1537
78.0,0.0,-9999.0,9.663007,-177.0,5.057837,0.0,0.0,6894.753,11148.903,0,742,997
79.0,0.0,-9999.0,9.663007,-176.0,5.057837,0.0,0.0,6894.753,11130.881,0,812,1075
64.0,0.0,-9999.0,9.663007,-3.4028235e+38,5.057837,0.0,0.0,0.0,11278.232,0,608,173
85.0,0.0,-9999.0,9.663007,-5.0,5.057837,0.0,0.0,6894.753,13239.895,0,2253,1028
72.0,0.0,-9999.0,9.663007,-3.4028235e+38,5.057837,0.0,0.0,0.0,11252.105,1,478,666
96.0,0.0,-9999.0,9.663007,-86.0,5.057837,0.0,0.0,6894.753,13663.253,1,2061,1536
67.0,0.0,-9999.0,9.663007,-3.4028235e+38,5.057837,0.0,0.0,6894.753,11211.534,0,259,1109
86.0,0.0,-9999.0,9.663007,-4.0,5.057837,0.0,0.0,6894.753,13282.364,1,1933,1082
63.0,0.0,-9999.0,9.663007,-3.4028235e+38,5.057837,0.0,0.0,0.0,11218.043,0,1255,57
84.0,0.0,-9999.0,9.663007,-98.0,5.057837,0.0,0.0,6894.753,11368.423,0,1011,1016
77.0,0.0,-9999.0,9.663007,-3.4028235e+38,5.057837,0.0,0.0,0.0,11537.824,1,1154,720
255.0,15.642246,0.0,9.37385,69.0,7.580624,0.0,0.0,10547.944,13537.556,1,2311,1951
188.0,30.637568,348.31064,9.286087,2.0,8.135262,0.0,0.0,10557.954,13540.785,0,2216,1916
83.0,0.0,-9999.0,9.663007,-99.0,5.057837,0.0,0.0,6894.753,11235.327,0,948,1138
65.0,0.0,-9999.0,9.663007,-3.4028235e+38,5.057837,0.0,0.0,0.0,11339.427,1,145,690
80.0,0.0,-9999.0,9.663007,-9.0,5.057837,0.0,0.0,6894.753,11603.513,0,1156,842
99.0,0.0,-9999.0,9.663007,-83.0,5.057837,0.0,0.0,6894.753,13615.317,1,2107,1685
62.0,0.0,-9999.0,9.663007,-3.4028235e+38,5.057837,0.0,0.0,0.0,11462.468,1,240,59
70.0,0.0,-9999.0,9.663007,-3.4028235e+38,5.057837,0.0,0.0,0.0,11299.197,0,1075,387
82.0,0.0,-9999.0,9.663007,-173.0,5.057837,0.0,0.0,6894.753,11466.47,1,906,1579
239.0,28.087349,282.99463,9.497751,53.0,8.262884,0.0,0.0,10552.557,13555.1875,1,2279,1899
79.0,0.0,-9999.0,9.663007,-10.0,5.057837,0.0,0.0,6894.753,11178.741,1,928,817
71.0,0.0,-9999.0,9.663007,-3.4028235e+38,5.057837,0.0,0.0,0.0,11938.926,0,1922,381
63.0,0.0,-9999.0,9.663007,-3.4028235e+38,5.057837,0.0,0.0,0.0,11441.034,1,260,112
81.0,0.0,-9999.0,9.663007,-174.0,5.057837,0.0,0.0,6894.753,11721.833,1,815,1783
76.0,0.0,-9999.0,9.663007,-3.4028235e+38,5.057837,0.0,0.0,0.0,12386.821,0,1728,681
85.0,0.0,-9999.0,9.663007,-97.0,5.057837,0.0,0.0,6894.753,12257.659,0,1384,1071
101.0,2.560639,26.565052,8.393067,-81.0,5.057837,0.0,0.0,10666.312,13614.558,0,2379,1788
69.0,0.0,-9999.0,9.663007,-3.4028235e+38,5.057837,0.0,0.0,6894.753,11248.045,0,330,884
79.0,0.0,-9999.0,9.663007,-10.0,5.057837,0.0,0.0,6894.753,11671.996,1,1197,829
71.0,0.0,-9999.0,9.663007,-3.4028235e+38,5.057837,0.0,0.0,0.0,11911.796,0,1697,426
102.0,3.3371108,149.03624,8.195799,-80.0,5.057837,0.0,0.0,10605.457,13603.477,0,2382,1815
61.0,0.0,-9999.0,9.663007,-3.4028235e+38,5.057837,0.0,0.0,0.0,11388.652,1,416,19
78.0,0.0,-9999.0,9.663007,-177.0,5.057837,0.0,0.0,6894.753,11206.076,0,722,1374
104.0,0.0,-9999.0,9.663007,-82.0,5.057837,0.0,0.0,11159.294,13506.463,1,1941,1921
81.0,0.0,-9999.0,9.663007,-174.0,5.057837,0.0,0.0,6894.753,11738.748,0,813,1796
87.0,0.0,-9999.0,9.663007,-168.0,5.057837,0.0,0.0,6894.753,11988.552,1,1117,1599
77.0,0.0,-9999.0,9.663007,-3.4028235e+38,5.057837,0.0,0.0,0.0,11950.957,0,1406,730
104.0,0.0,-9999.0,9.663007,-82.0,5.057837,0.0,0.0,11449.016,13492.306,0,1849,1931
62.0,0.0,-9999.0,9.663007,-3.4028235e+38,5.057837,0.0,0.0,0.0,11345.13,1,483,91
64.0,0.0,-9999.0,9.663007,-3.4028235e+38,5.057837,0.0,0.0,0.0,11299.319,0,559,172
64.0,0.0,-9999.0,9.663007,-3.4028235e+38,5.057837,0.0,0.0,6894.753,11244.382,0,128,1060
71.0,0.0,-9999.0,9.663007,-3.4028235e+38,5.057837,0.0,0.0,0.0,11758.551,0,1514,444
78.0,0.0,-9999.0,9.663007,-177.0,5.057837,0.0,0.0,6894.753,11949.88,0,660,1945
83.0,0.0,-9999.0,9.663007,-7.0,5.057837,0.0,0.0,6894.753,12652.026,1,1587,1013
71.0,0.0,-9999.0,9.663007,-3.4028235e+38,5.057837,0.0,0.0,6894.753,11177.549,0,372,1327
97.0,0.0,-9999.0,9.663007,-85.0,5.057837,0.0,0.0,6894.753,13094.031,1,1583,1739
81.0,0.0,-9999.0,9.663007,-8.0,5.057837,0.0,0.0,6894.753,12599.107,1,1656,883
76.0,0.0,-9999.0,9.663007,-3.4028235e+38,5.057837,0.0,0.0,0.0,11519.018,0,1152,689
96.0,0.0,-9999.0,9.663007,-86.0,5.057837,0.0,0.0,6894.753,13621.256,0,1851,1546
79.0,0.0,-9999.0,9.663007,-3.4028235e+38,5.057837,0.0,0.0,6894.753,12635.331,0,1837,752
84.0,0.0,-9999.0,9.663007,-6.0,5.057837,0.0,0.0,6894.753,12055.302,1,1311,1035
78.0,0.0,-9999.0,10.352969,-177.0,5.7477994,0.0,0.0,6894.753,11614.304,0,735,1692
86.0,0.0,-9999.0,9.663007,-96.0,5.057837,0.0,0.0,6894.753,12922.452,0,1628,1130
78.0,0.0,-9999.0,9.663007,-3.4028235e+38,5.057837,0.0,0.0,6894.753,11150.888,0,812,775
84.0,0.0,-9999.0,9.663007,-6.0,5.057837,0.0,0.0,6894.753,12006.065,1,1294,1022
84.0,0.0,-9999.0,9.663007,-171.0,5.057837,0.0,0.0,6894.753,11343.532,1,983,1287
79.0,0.0,-9999.0,9.663007,-176.0,5.057837,0.0,0.0,6894.753,11201.635,1,769,1374
63.0,0.0,-9999.0,9.663007,-3.4028235e+38,5.057837,0.0,0.0,0.0,11458.719,1,123,272
84.0,0.0,-9999.0,9.663007,-171.0,5.057837,0.0,0.0,6894.753,11825.403,1,966,1765
259.0,37.949665,310.84036,7.679989,73.0,6.7370887,0.0,0.0,10552.651,13555.628,1,2286,1900
79.0,0.0,-9999.0,9.663007,-10.0,5.057837,0.0,0.0,6894.753,12495.918,1,1650,825
84.0,0.0,-9999.0,9.663007,-6.0,5.057837,0.0,0.0,6894.753,12906.728,1,1693,1024
99.0,0.0,-9999.0,9.663007,-83.0,5.057837,0.0,0.0,10826.122,13642.853,1,2223,1662
94.0,0.0,-9999.0,9.663007,-88.0,5.057837,0.0,0.0,6894.753,13677.01,0,1954,1441
63.0,0.0,-9999.0,9.663007,-3.4028235e+38,5.057837,0.0,0.0,0.0,11290.706,0,2132,34
91.0,0.0,-9999.0,9.663007,-91.0,5.057837,0.0,0.0,6894.753,13683.108,0,1858,1300
82.0,0.0,-9999.0,9.663007,-173.0,5.057837,0.0,0.0,6894.753,11818.929,0,869,1864
102.0,0.0,-9999.0,9.663007,-80.0,5.057837,0.0,0.0,10527.969,13577.155,1,2197,1818
89.0,0.0,-9999.0,9.663007,-166.0,5.057837,0.0,0.0,6894.753,12182.672,1,1212,1558
80.0,0.0,-9999.0,9.663007,-9.0,5.057837,0.0,0.0,6894.753,12607.954,1,1694,844
90.0,0.0,-9999.0,9.663007,-92.0,5.057837,0.0,0.0,6894.753,12148.157,1,1253,1351
97.0,0.0,-9999.0,9.663007,-85.0,5.057837,0.0,0.0,10982.31,13674.537,0,2268,1602
85.0,0.0,-9999.0,9.663007,-5.0,5.057837,0.0,0.0,6894.753,12736.277,1,1580,1083
74.0,0.0,-9999.0,9.663007,-3.4028235e+38,5.057837,0.0,0.0,0.0,11219.19,0,609,635
90.0,0.0,-9999.0,9.663007,-92.0,5.057837,0.0,0.0,6894.753,12581.547,1,1417,1300
84.0,0.0,-9999.0,9.663007,-5.0,5.057837,0.0,0.0,6894.753,13185.251,0,2358,990
89.0,0.0,-9999.0,9.663007,-166.0,5.057837,0.0,0.0,6894.753,12309.401,1,1228,1685
70.0,0.0,-9999.0,9.663007,-3.4028235e+38,5.057837,0.0,0.0,6894.753,11222.024,0,407,934
77.0,0.0,-9999.0,9.663007,-3.4028235e+38,5.057837,0.0,0.0,0.0,12587.863,0,2382,684
66.0,0.0,-9999.0,9.663007,-3.4028235e+38,5.057837,0.0,0.0,0.0,11315.285,0,218,707
62.0,0.0,-9999.0,9.663007,-3.4028235e+38,5.057837,0.0,0.0,0.0,11383.894,1,43,634
63.0,0.0,-9999.0,9.663007,-3.4028235e+38,5.057837,0.0,0.0,0.0,11310.616,0,2139,44
99.0,0.0,-9999.0,9.663007,-83.0,5.057837,0.0,0.0,6894.753,13353.26,0,1706,1737
82.0,0.0,-9999.0,9.663007,-7.0,5.057837,0.0,0.0,6894.753,12721.928,1,1663,951
73.0,0.0,-9999.0,9.663007,-3.4028235e+38,5.057837,0.0,0.0,6894.753,11708.738,0,458,1740
88.0,0.0,-9999.0,9.663007,-167.0,5.057837,0.0,0.0,6894.753,12206.839,1,1132,1811
70.0,0.0,-9999.0,9.663007,-3.4028235e+38,5.057837,0.0,0.0,0.0,11160.878,0,854,398
65.0,0.0,-9999.0,9.663007,-3.4028235e+38,5.057837,0.0,0.0,0.0,11399.024,0,1918,99
65.0,0.0,-9999.0,9.663007,-3.4028235e+38,5.057837,0.0,0.0,0.0,11338.832,1,151,686
62.0,0.0,-9999.0,9.663007,-3.4028235e+38,5.057837,0.0,0.0,0.0,11468.523,1,56,330
93.0,0.0,-9999.0,9.663007,-162.0,5.057837,0.0,0.0,6894.753,12704.855,0,1397,1745
84.0,0.0,-9999.0,9.663007,-6.0,5.057837,0.0,0.0,6894.753,12959.151,1,1694,1054
80.0,0.0,-9999.0,9.663007,-9.0,5.057837,0.0,0.0,6894.753,12561.839,1,1659,856
81.0,0.0,-9999.0,9.663007,-8.0,5.057837,0.0,0.0,6894.753,12864.581,1,1777,899
78.0,0.0,-9999.0,9.663007,-3.4028235e+38,5.057837,0.0,0.0,6894.753,12390.195,1,1629,781
79.0,0.0,-9999.0,9.663007,-3.4028235e+38,5.057837,0.0,0.0,6894.753,12715.652,0,2088,773
85.0,0.0,-9999.0,9.663007,-5.0,5.057837,0.0,0.0,6894.753,12995.319,1,1698,1070
83.0,0.0,-9999.0,9.663007,-6.0,5.057837,0.0,0.0,6894.753,11727.281,1,1178,990
91.0,0.0,-9999.0,9.663007,-164.0,5.057837,0.0,0.0,6894.753,12493.152,0,1297,1741
73.0,0.0,-9999.0,9.663007,-3.4028235e+38,5.057837,0.0,0.0,6894.753,11155.995,0,481,1244
64.0,0.0,-9999.0,9.663007,-3.4028235e+38,5.057837,0.0,0.0,0.0,11304.031,1,555,151
94.0,0.0,-9999.0,9.663007,-88.0,5.057837,0.0,0.0,6894.753,13657.025,1,1846,1436
68.0,0.0,-9999.0,9.663007,-3.4028235e+38,5.057837,0.0,0.0,6894.753,11243.016,0,303,934
68.0,0.0,-9999.0,9.663007,-3.4028235e+38,5.057837,0.0,0.0,6894.753,11214.857,0,290,1073
62.0,0.0,-9999.0,9.663007,-3.4028235e+38,5.057837,0.0,0.0,0.0,11385.54,0,26,645
83.0,0.0,-9999.0,9.663007,-172.0,5.057837,0.0,0.0,6894.753,11338.164,1,931,1425
93.0,0.0,-9999.0,9.663007,-89.0,5.057837,0.0,0.0,6894.753,12912.151,1,1521,1437
81.0,0.0,-9999.0,9.663007,-8.0,5.057837,0.0,0.0,6894.753,11696.5205,1,1187,903
102.0,0.0,-9999.0,9.663007,-80.0,5.057837,0.0,0.0,10566.718,13586.621,1,2217,1801
62.0,0.0,-9999.0,9.663007,-3.4028235e+38,5.057837,0.0,0.0,0.0,11460.6455,1,49,366
85.0,0.0,-9999.0,9.663007,-170.0,5.057837,0.0,0.0,6894.753,11948.099,1,1012,1791
65.0,0.0,-9999.0,10.12172,-3.4028235e+38,5.5165496,0.0,0.0,0.0,11527.701,0,2404,144
85.0,0.0,-9999.0,9.663007,-170.0,5.057837,0.0,0.0,6894.753,12005.554,0,965,1922
74.0,0.0,-9999.0,9.663007,-3.4028235e+38,5.057837,0.0,0.0,0.0,12228.883,0,2090,521
94.0,0.0,-9999.0,9.663007,-88.0,5.057837,0.0,0.0,6894.753,13655.555,1,1842,1438
68.0,0.0,-9999.0,9.663007,-3.4028235e+38,5.057837,0.0,0.0,0.0,11341.88,0,346,409
76.0,0.0,-9999.0,9.663007,-3.4028235e+38,5.057837,0.0,0.0,0.0,11435.657,1,1106,657
79.0,0.0,-9999.0,9.663007,-176.0,5.057837,0.0,0.0,6894.753,11130.362,0,814,1078
84.0,0.0,-9999.0,9.663007,-171.0,5.057837,0.0,0.0,6894.753,11406.07,0,972,1389
78.0,0.0,-9999.0,9.663007,-3.4028235e+38,5.057837,0.0,0.0,6894.753,11132.732,1,886,769
92.0,0.0,-9999.0,9.663007,-90.0,5.057837,0.0,0.0,6894.753,12469.795,1,1341,1505
98.0,0.0,-9999.0,9.663007,-84.0,5.057837,0.0,0.0,6894.753,13203.91,0,1634,1658
64.0,0.0,-9999.0,9.663007,-3.4028235e+38,5.057837,0.0,0.0,0.0,11345.552,0,446,184
67.0,0.0,-9999.0,9.663007,-3.4028235e+38,5.057837,0.0,0.0,0.0,11196.878,0,770,326
69.0,0.0,-9999.0,9.663007,-3.4028235e+38,5.057837,0.0,0.0,0.0,11250.89,0,1027,361
61.0,0.0,-9999.0,9.663007,-3.4028235e+38,5.057837,0.0,0.0,0.0,11437.2295,1,30,468
94.0,0.0,-9999.0,9.663007,-88.0,5.057837,0.0,0.0,6894.753,13434.173,1,1722,1486
83.0,0.0,-9999.0,9.663007,-7.0,5.057837,0.0,0.0,6894.753,12816.008,0,1670,1000
99.0,0.0,-9999.0,9.663007,-156.0,5.057837,0.0,0.0,11975.642,13219.291,1,1647,1913
75.0,0.0,-9999.0,9.663007,-3.4028235e+38,5.057837,0.0,0.0,0.0,11964.439,0,1481,641
62.0,0.0,-9999.0,9.663007,-3.4028235e+38,5.057837,0.0,0.0,0.0,11466.652,1,214,91
85.0,0.0,-9999.0,9.663007,-170.0,5.057837,0.0,0.0,6894.753,11872.442,1,1047,1647
75.0,0.0,-9999.0,9.663007,-180.0,5.057837,0.0,0.0,6894.753,11758.209,0,524,1784
65.0,0.0,-9999.0,9.663007,-3.4028235e+38,5.057837,0.0,0.0,0.0,11421.365,1,191,313
89.0,0.0,-9999.0,9.663007,-93.0,5.057837,0.0,0.0,6894.753,13386.054,0,1706,1289
61.0,0.0,-9999.0,9.663007,-3.4028235e+38,5.057837,0.0,0.0,0.0,11430.908,1,46,471
95.0,0.0,-9999.0,9.663007,-87.0,5.057837,0.0,0.0,6894.753,13511.124,1,1756,1526
90.0,0.0,-9999.0,9.663007,-92.0,5.057837,0.0,0.0,6894.753,13757.079,0,2297,1288
65.0,0.0,-9999.0,9.663007,-3.4028235e+38,5.057837,0.0,0.0,0.0,11436.786,1,216,210
88.0,0.0,-9999.0,9.663007,-167.0,5.057837,0.0,0.0,6894.753,12230.448,1,1149,1799
72.0,0.0,-9999.0,9.663007,-3.4028235e+38,5.057837,0.0,0.0,0.0,11254.528,1,541,529
87.0,0.0,-9999.0,9.663007,-168.0,5.057837,0.0,0.0,6894.753,12035.233,0,1116,1654
80.0,0.0,-9999.0,9.663007,-9.0,5.057837,0.0,0.0,6894.753,11896.689,0,1302,868
90.0,0.0,-9999.0,9.663007,-92.0,5.057837,0.0,0.0,6894.753,13625.433,1,1917,1263
101.0,0.0,-9999.0,9.663007,-81.0,5.057837,0.0,0.0,6894.753,13577.844,1,2099,1781
75.0,0.0,-9999.0,9.663007,-3.4028235e+38,5.057837,0.0,0.0,0.0,11137.566,1,890,635
75.0,0.0,-9999.0,9.663007,-3.4028235e+38,5.057837,0.0,0.0,0.0,11356.949,0,1059,624
73.0,0.0,-9999.0,9.663007,-3.4028235e+38,5.057837,0.0,0.0,6894.753,11221.97,0,471,1368
83.0,0.0,-9999.0,9.663007,-172.0,5.057837,0.0,0.0,6894.753,11663.709,1,955,1647
100.0,0.0,-9999.0,9.663007,-82.0,5.057837,0.0,0.0,6894.753,13576.271,1,1906,1706
89.0,0.0,-9999.0,9.663007,-93.0,5.057837,0.0,0.0,6894.753,12996.268,0,1569,1287
67.0,0.0,-9999.0,9.663007,-3.4028235e+38,5.057837,0.0,0.0,6894.753,11294.112,0,248,763
80.0,0.0,-9999.0,9.663007,-175.0,5.057837,0.0,0.0,6894.753,11661.346,0,784,1733
88.0,0.0,-9999.0,9.663007,-94.0,5.057837,0.0,0.0,6894.753,13252.238,1,1688,1239
63.0,0.0,-9999.0,9.663007,-3.4028235e+38,5.057837,0.0,0.0,0.0,11343.349,1,480,110
86.0,0.0,-9999.0,9.663007,-169.0,5.057837,0.0,0.0,6894.753,11961.782,0,1014,1800
89.0,0.0,-9999.0,9.663007,-93.0,5.057837,0.0,0.0,6894.753,12943.056,0,1555,1277
77.0,0.0,-9999.0,9.663007,-178.0,5.057837,0.0,0.0,6894.753,11643.8,0,647,1707
82.0,0.0,-9999.0,9.663007,-173.0,5.057837,0.0,0.0,6894.753,11186.795,1,899,1372
62.0,0.0,-9999.0,9.663007,-3.4028235e+38,5.057837,0.0,0.0,0.0,11169.985,0,1050,9
98.0,0.0,-9999.0,9.663007,-84.0,5.057837,0.0,0.0,10785.2,13636.078,1,2141,1645
62.0,0.0,-9999.0,9.663007,-3.4028235e+38,5.057837,0.0,0.0,0.0,11180.335,0,1201,10
85.0,0.0,-9999.0,9.663007,-170.0,5.057837,0.0,0.0,6894.753,11753.558,1,1027,1577
278.0,15.354442,146.88866,8.072415,92.0,6.261745,0.0,0.0,10552.642,13554.423,1,2293,1905
67.0,0.0,-9999.0,10.815497,-3.4028235e+38,6.2103276,0.0,0.0,0.0,11687.026,0,1723,282
81.0,0.0,-9999.0,9.663007,-8.0,5.057837,0.0,0.0,6894.753,11914.557,0,1294,909
76.0,0.0,-9999.0,9.663007,-3.4028235e+38,5.057837,0.0,0.0,0.0,11134.703,1,897,655
64.0,0.0,-9999.0,9.663007,-3.4028235e+38,5.057837,0.0,0.0,6894.753,11311.444,1,136,804
62.0,0.0,-9999.0,9.663007,-3.4028235e+38,5.057837,0.0,0.0,0.0,11174.474,0,1039,29
104.0,0.0,-9999.0,9.663007,-82.0,5.057837,0.0,0.0,10554.328,13538.685,0,2159,1904
90.0,0.0,-9999.0,9.663007,-165.0,5.057837,0.0,0.0,6894.753,12475.917,0,1234,1910
62.0,0.0,-9999.0,9.663007,-3.4028235e+38,5.057837,0.0,0.0,0.0,11467.209,1,67,320
78.0,0.0,-9999.0,9.663007,-177.0,5.057837,0.0,0.0,6894.753,11687.842,1,712,1747
89.0,0.0,-9999.0,9.663007,-166.0,5.057837,0.0,0.0,6894.753,12291.242,1,1227,1662
73.0,0.0,-9999.0,9.663007,-3.4028235e+38,5.057837,0.0,0.0,0.0,12200.033,0,2181,500
75.0,0.0,-9999.0,9.663007,-3.4028235e+38,5.057837,0.0,0.0,0.0,12349.408,0,2393,562
90.0,0.0,-9999.0,9.663007,-92.0,5.057837,0.0,0.0,6894.753,13700.206,0,2127,1278
96.0,0.0,-9999.0,9.663007,-86.0,5.057837,0.0,0.0,6894.753,12965.018,1,1528,1655
96.0,0.0,-9999.0,9.663007,-86.0,5.057837,0.0,0.0,6894.753,13662.147,1,2045,1531
67.0,0.0,-9999.0,9.663007,-3.4028235e+38,5.057837,0.0,0.0,6894.753,11325.846,0,196,1427
66.0,0.0,-9999.0,9.663007,-3.4028235e+38,5.057837,0.0,0.0,6894.753,11834.427,0,123,1805
76.0,0.0,-9999.0,9.663007,-3.4028235e+38,5.057837,0.0,0.0,0.0,12411.97,0,2127,613
91.0,0.0,-9999.0,9.663007,-91.0,5.057837,0.0,0.0,6894.753,12303.116,0,1291,1435
69.0,0.0,-9999.0,9.663007,-3.4028235e+38,5.057837,0.0,0.0,0.0,11863.828,0,2307,320
61.0,0.0,-9999.0,9.663007,-3.4028235e+38,5.057837,0.0,0.0,0.0,11457.7705,0,40,387
74.0,0.0,-9999.0,9.663007,-3.4028235e+38,5.057837,0.0,0.0,6894.753,11745.576,0,510,1773
94.0,0.0,-9999.0,9.663007,-88.0,5.057837,0.0,0.0,6894.753,12796.862,1,1467,1540
83.0,0.0,-9999.0,9.663007,-6.0,5.057837,0.0,0.0,6894.753,12869.019,1,1708,982
74.0,0.0,-9999.0,9.663007,-181.0,5.057837,0.0,0.0,6894.753,11488.585,0,539,1578
87.0,0.0,-9999.0,9.663007,-168.0,5.057837,0.0,0.0,6894.753,11948.577,0,1126,1529
75.0,0.0,-9999.0,9.663007,-3.4028235e+38,5.057837,0.0,0.0,0.0,12328.99,0,2059,575
94.0,0.0,-9999.0,9.663007,-88.0,5.057837,0.0,0.0,6894.753,13020.358,0,1560,1488
78.0,0.0,-9999.0,9.663007,-177.0,5.057837,0.0,0.0,6894.753,11127.005,1,719,1274
71.0,0.0,-9999.0,9.663007,-3.4028235e+38,5.057837,0.0,0.0,0.0,12002.613,0,1745,451
103.0,0.0,-9999.0,9.663007,-79.0,5.057837,0.0,0.0,10509.071,13559.823,1,2137,1842
70.0,0.0,-9999.0,9.663007,-3.4028235e+38,5.057837,0.0,0.0,0.0,11285.337,1,425,565
88.0,0.0,-9999.0,9.663007,-2.0,5.057837,0.0,0.0,6894.753,13513.539,0,2236,1170
88.0,0.0,-9999.0,9.663007,-167.0,5.057837,0.0,0.0,6894.753,12254.506,1,1127,1877
85.0,0.0,-9999.0,9.663007,-5.0,5.057837,0.0,0.0,6894.753,12971.35,0,1685,1074
101.0,0.0,-9999.0,9.663007,-81.0,5.057837,0.0,0.0,6894.753,13535.053,0,1811,1787
99.0,0.0,-9999.0,9.663007,-83.0,5.057837,0.0,0.0,6894.753,13566.601,0,1818,1694
66.0,0.0,-9999.0,9.663007,-3.4028235e+38,5.057837,0.0,0.0,6894.753,11461.476,0,163,1527
76.0,0.0,-9999.0,9.663007,-3.4028235e+38,5.057837,0.0,0.0,0.0,11472.911,1,1129,665
71.0,0.0,-9999.0,9.663007,-3.4028235e+38,5.057837,0.0,0.0,0.0,11207.969,1,696,496
80.0,0.0,-9999.0,9.663007,-175.0,5.057837,0.0,0.0,6894.753,11616.321,1,818,1701
82.0,0.0,-9999.0,9.663007,-173.0,5.057837,0.0,0.0,6894.753,11690.067,1,877,1764
91.0,0.0,-9999.0,9.663007,-164.0,5.057837,0.0,0.0,12441.806,12520.53,1,1275,1862
89.0,0.0,-9999.0,9.663007,-93.0,5.057837,0.0,0.0,6894.753,13561.363,0,2066,1213
78.0,0.0,-9999.0,9.663007,-3.4028235e+38,5.057837,0.0,0.0,6894.753,12291.355,1,1592,757
70.0,0.0,-9999.0,9.663007,-3.4028235e+38,5.057837,0.0,0.0,0.0,11294.435,0,421,522
94.0,0.0,-9999.0,9.663007,-88.0,5.057837,0.0,0.0,6894.753,13469.717,1,1737,1499
91.0,0.0,-9999.0,9.663007,-164.0,5.057837,0.0,0.0,6894.753,12476.778,1,1296,1716
75.0,0.0,-9999.0,9.663007,-3.4028235e+38,5.057837,0.0,0.0,0.0,12320.237,0,2122,566
65.0,0.0,-9999.0,9.663007,-3.4028235e+38,5.057837,0.0,0.0,6894.753,11281.154,0,176,885
79.0,0.0,-9999.0,9.663007,-176.0,5.057837,0.0,0.0,6894.753,11749.623,1,734,1797
63.0,0.0,-9999.0,9.663007,-3.4028235e+38,5.057837,0.0,0.0,0.0,11489.201,1,108,183
62.0,0.0,-9999.0,9.663007,-3.4028235e+38,5.057837,0.0,0.0,0.0,11192.106,0,1221,26
63.0,0.0,-9999.0,9.663007,-3.4028235e+38,5.057837,0.0,0.0,0.0,11340.268,1,488,107
74.0,0.0,-9999.0,9.663007,-3.4028235e+38,5.057837,0.0,0.0,6894.753,11874.089,0,482,1869
95.0,0.0,-9999.0,9.663007,-87.0,5.057837,0.0,0.0,6894.753,12915.122,1,1503,1687
70.0,0.0,-9999.0,9.663007,-3.4028235e+38,5.057837,0.0,0.0,6894.753,11777.685,0,308,1779
100.0,0.0,-9999.0,9.663007,-82.0,5.057837,0.0,0.0,10699.511,13615.33,1,2166,1709
93.0,0.0,-9999.0,9.663007,-89.0,5.057837,0.0,0.0,6894.753,13163.2295,1,1616,1436
82.0,0.0,-9999.0,9.663007,-7.0,5.057837,0.0,0.0,6894.753,12506.089,1,1564,945
83.0,0.0,-9999.0,9.663007,-6.0,5.057837,0.0,0.0,6894.753,12133.0,1,1365,988
83.0,0.0,-9999.0,10.619147,-7.0,6.0139775,0.0,0.0,6894.753,12339.939,0,1446,1015
95.0,0.0,-9999.0,9.663007,-160.0,5.057837,0.0,0.0,6894.753,12811.611,1,1436,1823
72.0,0.0,-9999.0,9.663007,-3.4028235e+38,5.057837,0.0,0.0,6894.753,11235.515,0,482,760
73.0,0.0,-9999.0,10.352969,-182.0,5.7477994,0.0,0.0,6894.753,11195.923,0,552,912
89.0,0.0,-9999.0,9.663007,-93.0,5.057837,0.0,0.0,6894.753,12284.853,0,1329,1248
84.0,0.0,-9999.0,9.663007,-6.0,5.057837,0.0,0.0,6894.753,13095.897,1,1806,997
66.0,0.0,-9999.0,9.663007,-3.4028235e+38,5.057837,0.0,0.0,0.0,11365.101,0,373,242
62.0,0.0,-9999.0,9.663007,-3.4028235e+38,5.057837,0.0,0.0,0.0,11461.545,1,242,59
86.0,0.0,-9999.0,9.663007,-169.0,5.057837,0.0,0.0,6894.753,11581.122,1,1065,1307
87.0,0.0,-9999.0,9.663007,-168.0,5.057837,0.0,0.0,6894.753,12012.051,0,1124,1607
77.0,0.0,-9999.0,9.663007,-3.4028235e+38,5.057837,0.0,0.0,0.0,11288.412,1,998,719
74.0,0.0,-9999.0,9.663007,-3.4028235e+38,5.057837,0.0,0.0,0.0,11228.736,1,568,652
62.0,0.0,-9999.0,9.663007,-3.4028235e+38,5.057837,0.0,0.0,0.0,11462.453,1,86,311
64.0,0.0,-9999.0,9.663007,-3.4028235e+38,5.057837,0.0,0.0,6894.753,11198.33,0,83,1249
63.0,0.0,-9999.0,9.663007,-3.4028235e+38,5.057837,0.0,0.0,0.0,11276.266,0,2199,24
94.0,0.0,-9999.0,9.663007,-161.0,5.057837,0.0,0.0,6894.753,12713.838,1,1400,1752
74.0,0.0,-9999.0,9.663007,-181.0,5.057837,0.0,0.0,6894.753,11207.734,0,561,815
74.0,0.0,-9999.0,9.663007,-3.4028235e+38,5.057837,0.0,0.0,0.0,11199.448,1,674,643
69.0,0.0,-9999.0,9.663007,-3.4028235e+38,5.057837,0.0,0.0,6894.753,11217.752,0,365,998
78.0,0.0,-9999.0,10.19272,-177.0,5.58755,0.0,0.0,6894.753,11687.724,1,713,1747
70.0,0.0,-9999.0,9.663007,-3.4028235e+38,5.057837,0.0,0.0,0.0,11926.121,0,1771,395
95.0,0.0,-9999.0,9.663007,-87.0,5.057837,0.0,0.0,6894.753,13091.156,1,1587,1524
81.0,0.0,-9999.0,9.663007,-174.0,5.057837,0.0,0.0,6894.753,11720.671,1,814,1782
65.0,0.0,-9999.0,9.663007,-3.4028235e+38,5.057837,0.0,0.0,6894.753,11865.27,0,88,1825
81.0,0.0,-9999.0,9.663007,-174.0,5.057837,0.0,0.0,6894.753,11853.041,0,822,1886
66.0,0.0,-9999.0,9.663007,-3.4028235e+38,5.057837,0.0,0.0,6894.753,11562.987,0,167,1604
84.0,0.0,-9999.0,9.663007,-6.0,5.057837,0.0,0.0,6894.753,13025.183,1,1727,1048
71.0,0.0,-9999.0,9.663007,-3.4028235e+38,5.057837,0.0,0.0,0.0,11279.84,1,465,524
78.0,0.0,-9999.0,9.663007,-3.4028235e+38,5.057837,0.0,0.0,6894.753,12235.481,0,1545,774
85.0,0.0,-9999.0,9.663007,-5.0,5.057837,0.0,0.0,6894.753,13184.773,0,2014,1023
88.0,0.0,-9999.0,9.663007,-167.0,5.057837,0.0,0.0,6894.753,11989.012,0,1169,1446
88.0,0.0,-9999.0,9.807492,-167.0,5.202322,0.0,0.0,6894.753,12325.979,0,1147,1918
74.0,0.0,-9999.0,9.663007,-3.4028235e+38,5.057837,0.0,0.0,0.0,12232.548,0,2177,517
89.0,0.0,-9999.0,9.663007,-93.0,5.057837,0.0,0.0,6894.753,12798.201,1,1501,1282
97.0,0.0,-9999.0,9.663007,-85.0,5.057837,0.0,0.0,10929.761,13667.302,1,2183,1583
71.0,0.0,-9999.0,9.663007,-3.4028235e+38,5.057837,0.0,0.0,6894.753,11162.168,0,369,1275
67.0,0.0,-9999.0,9.663007,-3.4028235e+38,5.057837,0.0,0.0,6894.753,11306.429,0,219,1414
67.0,0.0,-9999.0,9.663007,-3.4028235e+38,5.057837,0.0,0.0,6894.753,11211.398,0,266,1105
95.0,0.0,-9999.0,9.663007,-160.0,5.057837,0.0,0.0,12274.074,12889.855,0,1461,1929
67.0,0.0,-9999.0,9.663007,-3.4028235e+38,5.057837,0.0,0.0,6894.753,12016.117,0,174,1947
65.0,0.0,-9999.0,9.663007,-3.4028235e+38,5.057837,0.0,0.0,6894.753,11266.214,0,153,961
101.0,0.0,-9999.0,9.663007,-154.0,5.057837,0.0,0.0,11828.208,13348.725,0,1718,1902
64.0,0.0,-9999.0,9.663007,-3.4028235e+38,5.057837,0.0,0.0,0.0,11212.358,0,760,184
96.0,0.0,-9999.0,9.663007,-86.0,5.057837,0.0,0.0,10955.392,13674.885,0,2160,1553
65.0,0.0,-9999.0,9.663007,-3.4028235e+38,5.057837,0.0,0.0,0.0,11367.939,0,201,513
79.0,0.0,-9999.0,9.663007,-103.0,5.057837,0.0,0.0,6894.753,11138.791,0,804,979
84.0,0.0,-9999.0,9.663007,-6.0,5.057837,0.0,0.0,6894.753,12858.396,0,1663,1036
95.0,0.0,-9999.0,9.663007,-87.0,5.057837,0.0,0.0,6894.753,13675.5,0,2036,1490
100.0,0.0,-9999.0,9.663007,-82.0,5.057837,0.0,0.0,6894.753,13589.99,1,2004,1710
65.0,0.0,-9999.0,9.663007,-3.4028235e+38,5.057837,0.0,0.0,0.0,11182.18,0,831,185
72.0,0.0,-9999.0,9.663007,-3.4028235e+38,5.057837,0.0,0.0,6894.753,11187.636,0,483,1050
84.0,0.0,-9999.0,9.663007,-6.0,5.057837,0.0,0.0,6894.753,12640.846,0,1575,1024
97.0,0.0,-9999.0,9.663007,-85.0,5.057837,0.0,0.0,6894.753,13603.924,0,1836,1590
86.0,0.0,-9999.0,9.663007,-169.0,5.057837,0.0,0.0,6894.753,11694.649,1,1071,1408
96.0,0.0,-9999.0,9.663007,-86.0,5.057837,0.0,0.0,6894.753,13663.44,1,2050,1530
87.0,0.0,-9999.0,9.663007,-95.0,5.057837,0.0,0.0,6894.753,11781.036,0,1134,1311
86.0,0.0,-9999.0,9.663007,-96.0,5.057837,0.0,0.0,6894.753,12551.663,0,1488,1111
83.0,0.0,-9999.0,9.663007,-6.0,5.057837,0.0,0.0,6894.753,11642.056,1,1140,985
78.0,0.0,-9999.0,9.663007,-177.0,5.057837,0.0,0.0,6894.753,11869.521,0,672,1884
82.0,0.0,-9999.0,9.663007,-7.0,5.057837,0.0,0.0,6894.753,12972.091,0,1954,918
74.0,0.0,-9999.0,9.868055,-3.4028235e+38,5.262885,0.0,0.0,0.0,11260.126,0,992,601
61.0,0.0,-9999.0,9.663007,-3.4028235e+38,5.057837,0.0,0.0,0.0,11581.067,0,8,21
88.0,0.0,-9999.0,9.663007,-94.0,5.057837,0.0,0.0,6894.753,11892.385,1,1178,1285
85.0,0.0,-9999.0,9.663007,-97.0,5.057837,0.0,0.0,6894.753,12724.52,1,1568,1095
70.0,0.0,-9999.0,9.663007,-3.4028235e+38,5.057837,0.0,0.0,6894.753,11424.471,0,329,1512
85.0,0.0,-9999.0,9.663007,-170.0,5.057837,0.0,0.0,6894.753,11924.408,1,1012,1769
76.0,0.0,-9999.0,9.663007,-3.4028235e+38,5.057837,0.0,0.0,0.0,11145.353,1,849,709
79.0,0.0,-9999.0,9.663007,-3.4028235e+38,5.057837,0.0,0.0,6894.753,11426.052,0,1067,805
105.0,0.0,-9999.0,9.663007,-81.0,5.057837,0.0,0.0,11087.961,13504.32,0,1968,1936
70.0,0.0,-9999.0,10.815497,-3.4028235e+38,6.2103276,0.0,0.0,6894.753,11740.542,0,344,1754
86.0,0.0,-9999.0,9.663007,-96.0,5.057837,0.0,0.0,6894.753,12866.369,0,1606,1129
82.0,0.0,-9999.0,9.663007,-173.0,5.057837,0.0,0.0,6894.753,11119.938,0,903,1312
101.0,0.0,-9999.0,9.663007,-81.0,5.057837,0.0,0.0,10604.827,13593.732,1,2178,1769
83.0,0.0,-9999.0,9.663007,-172.0,5.057837,0.0,0.0,6894.753,11384.338,1,951,1419
64.0,2.29061,270.0,8.471934,-3.4028235e+38,5.057837,0.0,0.0,0.0,11398.883,1,183,414
66.0,0.0,-9999.0,9.663007,-3.4028235e+38,5.057837,0.0,0.0,0.0,11268.868,0,611,237
80.0,0.0,-9999.0,9.663007,-9.0,5.057837,0.0,0.0,6894.753,11169.912,1,923,838
72.0,0.0,-9999.0,9.663007,-3.4028235e+38,5.057837,0.0,0.0,0.0,11168.902,1,807,529
100.0,0.0,-9999.0,9.663007,-82.0,5.057837,0.0,0.0,10794.707,13637.359,0,2347,1723
64.0,0.0,-9999.0,9.663007,-3.4028235e+38,5.057837,0.0,0.0,0.0,11398.131,1,167,439
65.0,0.0,-9999.0,9.663007,-3.4028235e+38,5.057837,0.0,0.0,0.0,11387.472,0,186,455
88.0,0.0,-9999.0,9.663007,-94.0,5.057837,0.0,0.0,6894.753,13191.274,1,1677,1220
99.0,0.0,-9999.0,9.663007,-83.0,5.057837,0.0,0.0,6894.753,13605.5205,1,1982,1657
73.0,0.0,-9999.0,9.663007,-3.4028235e+38,5.057837,0.0,0.0,0.0,11188.319,0,735,571
62.0,0.0,-9999.0,9.663007,-3.4028235e+38,5.057837,0.0,0.0,0.0,11229.173,0,1361,50
85.0,0.0,-9999.0,9.663007,-97.0,5.057837,0.0,0.0,6894.753,12472.719,0,1459,1104
98.0,0.0,-9999.0,9.663007,-84.0,5.057837,0.0,0.0,6894.753,13522.466,0,1775,1653
65.0,0.0,-9999.0,9.663007,-3.4028235e+38,5.057837,0.0,0.0,0.0,11476.149,0,1947,138
65.0,0.0,-9999.0,9.663007,-3.4028235e+38,5.057837,0.0,0.0,6894.753,11207.282,0,98,1211
76.0,0.0,-9999.0,9.663007,-3.4028235e+38,5.057837,0.0,0.0,0.0,12514.074,0,2402,645
86.0,0.0,-9999.0,9.663007,-169.0,5.057837,0.0,0.0,6894.753,11607.683,1,1078,1276
103.0,0.0,-9999.0,9.663007,-79.0,5.057837,0.0,0.0,10524.7295,13563.25,1,2181,1848
72.0,0.0,-9999.0,9.663007,-3.4028235e+38,5.057837,0.0,0.0,0.0,11194.516,0,726,534
62.0,0.0,-9999.0,9.663007,-3.4028235e+38,5.057837,0.0,0.0,0.0,11446.289,1,256,97
69.0,0.0,-9999.0,9.663007,-3.4028235e+38,5.057837,0.0,0.0,0.0,11317.8125,1,425,386
95.0,0.0,-9999.0,9.663007,-87.0,5.057837,0.0,0.0,6894.753,12971.597,1,1539,1523
76.0,0.0,-9999.0,9.663007,-3.4028235e+38,5.057837,0.0,0.0,0.0,12437.034,0,2019,634
83.0,0.0,-9999.0,9.663007,-172.0,5.057837,0.0,0.0,6894.753,11346.157,1,934,1425
62.0,0.0,-9999.0,9.663007,-3.4028235e+38,5.057837,0.0,0.0,6894.753,11319.506,0,10,877
63.0,0.0,-9999.0,9.663007,-3.4028235e+38,5.057837,0.0,0.0,0.0,11263.975,0,2111,21
83.0,0.0,-9999.0,9.663007,-172.0,5.057837,0.0,0.0,6894.753,11362.666,1,942,1421
90.0,0.0,-9999.0,9.663007,-92.0,5.057837,0.0,0.0,6894.753,13315.768,0,1670,1334
62.0,0.0,-9999.0,9.663007,-3.4028235e+38,5.057837,0.0,0.0,0.0,11459.7,1,246,59
99.0,0.0,-9999.0,9.663007,-83.0,5.057837,0.0,0.0,6894.753,13404.562,1,1729,1723
86.0,0.0,-9999.0,9.663007,-169.0,5.057837,0.0,0.0,6894.753,11761.514,0,1092,1419
90.0,0.0,-9999.0,9.663007,-165.0,5.057837,0.0,0.0,6894.753,12388.622,0,1246,1745
77.0,0.0,-9999.0,9.663007,-3.4028235e+38,5.057837,0.0,0.0,0.0,11834.538,0,1342,716
94.0,0.0,-9999.0,9.663007,-161.0,5.057837,0.0,0.0,12258.801,12760.017,0,1403,1857
99.0,0.0,-9999.0,9.663007,-83.0,5.057837,0.0,0.0,6894.753,13557.056,0,1805,1717
66.0,0.0,-9999.0,9.663007,-3.4028235e+38,5.057837,0.0,0.0,0.0,11557.957,0,1899,183
75.0,0.0,-9999.0,9.663007,-3.4028235e+38,5.057837,0.0,0.0,0.0,11188.383,1,701,676
77.0,0.0,-9999.0,9.663007,-3.4028235e+38,5.057837,0.0,0.0,0.0,12506.95,1,1764,717
76.0,0.0,-9999.0,9.663007,-3.4028235e+38,5.057837,0.0,0.0,0.0,11690.111,0,1279,659
90.0,0.0,-9999.0,9.663007,-92.0,5.057837,0.0,0.0,6894.753,13489.885,1,1739,1295
78.0,0.0,-9999.0,9.663007,-3.4028235e+38,5.057837,0.0,0.0,6894.753,12056.873,1,1462,743
88.0,0.0,-9999.0,9.663007,-94.0,5.057837,0.0,0.0,6894.753,13046.386,1,1628,1211
78.0,0.0,-9999.0,9.663007,-3.4028235e+38,5.057837,0.0,0.0,6894.753,12252.842,1,1548,783
63.0,0.0,-9999.0,9.663007,-3.4028235e+38,5.057837,0.0,0.0,0.0,11286.156,0,1651,58
76.0,0.0,-9999.0,9.663007,-3.4028235e+38,5.057837,0.0,0.0,6894.753,11185.361,0,661,803
93.0,0.0,-9999.0,9.663007,-89.0,5.057837,0.0,0.0,6894.753,13609.888,0,1785,1437
77.0,0.0,-9999.0,9.663007,-3.4028235e+38,5.057837,0.0,0.0,0.0,11314.704,0,1015,715
97.0,0.0,-9999.0,9.663007,-85.0,5.057837,0.0,0.0,6894.753,13630.848,1,1942,1566
82.0,0.0,-9999.0,9.663007,-7.0,5.057837,0.0,0.0,6894.753,12554.475,1,1573,966
68.0,0.0,-9999.0,9.663007,-3.4028235e+38,5.057837,0.0,0.0,0.0,11756.812,0,2161,273
79.0,0.0,-9999.0,9.663007,-176.0,5.057837,0.0,0.0,6894.753,11592.487,0,757,1677
63.0,0.0,-9999.0,9.663007,-3.4028235e+38,5.057837,0.0,0.0,0.0,11478.119,1,171,122
77.0,0.0,-9999.0,9.663007,-3.4028235e+38,5.057837,0.0,0.0,0.0,12292.534,0,1644,702
74.0,0.0,-9999.0,9.663007,-3.4028235e+38,5.057837,0.0,0.0,0.0,11656.524,0,1293,592
100.0,0.0,-9999.0,9.663007,-82.0,5.057837,0.0,0.0,6894.753,13590.033,1,2072,1738
96.0,0.0,-9999.0,9.663007,-86.0,5.057837,0.0,0.0,6894.753,13657.73,1,2047,1544
85.0,0.0,-9999.0,9.663007,-170.0,5.057837,0.0,0.0,6894.753,11965.209,1,990,1846
102.0,0.0,-9999.0,9.663007,-80.0,5.057837,0.0,0.0,6894.753,13547.018,1,1977,1819
79.0,0.0,-9999.0,9.663007,-176.0,5.057837,0.0,0.0,6894.753,11687.605,1,714,1747
82.0,0.0,-9999.0,9.663007,-173.0,5.057837,0.0,0.0,6894.753,11124.24,1,905,1263
83.0,0.0,-9999.0,9.663007,-6.0,5.057837,0.0,0.0,6894.753,12699.013,1,1638,970
83.0,0.0,-9999.0,9.663007,-99.0,5.057837,0.0,0.0,6894.753,11358.739,0,1005,1036
81.0,0.0,-9999.0,10.12172,-101.0,5.5165496,0.0,0.0,6894.753,11160.439,0,918,1053
286.0,27.902477,10.885529,9.132735,100.0,7.891493,0.0,0.0,10545.275,13537.849,1,2321,1953
93.0,0.0,-9999.0,9.663007,-89.0,5.057837,0.0,0.0,6894.753,13638.32,0,1796,1439
101.0,0.0,-9999.0,9.663007,-81.0,5.057837,0.0,0.0,10603.467,13593.524,1,2182,1771
86.0,0.0,-9999.0,9.663007,-4.0,5.057837,0.0,0.0,6894.753,13336.185,0,2407,1062
94.0,0.0,-9999.0,9.663007,-161.0,5.057837,0.0,0.0,6894.753,12730.123,1,1401,1789
95.0,0.0,-9999.0,9.663007,-87.0,5.057837,0.0,0.0,6894.753,13642.235,0,1893,1507
71.0,0.0,-9999.0,9.663007,-3.4028235e+38,5.057837,0.0,0.0,0.0,11248.634,1,458,719
100.0,0.0,-9999.0,9.663007,-155.0,5.057837,0.0,0.0,11895.977,13264.02,1,1669,1857
78.0,0.0,-9999.0,9.663007,-3.4028235e+38,5.057837,0.0,0.0,6894.753,12199.094,1,1537,757
91.0,0.0,-9999.0,9.663007,-164.0,5.057837,0.0,0.0,6894.753,12513.8,1,1313,1717
65.0,0.0,-9999.0,9.663007,-3.4028235e+38,5.057837,0.0,0.0,0.0,11429.607,0,198,269
96.0,0.0,-9999.0,9.663007,-86.0,5.057837,0.0,0.0,6894.753,13646.966,1,1992,1546
99.0,0.0,-9999.0,9.663007,-83.0,5.057837,0.0,0.0,6894.753,13279.26,1,1670,1717
71.0,0.0,-9999.0,9.663007,-3.4028235e+38,5.057837,0.0,0.0,0.0,11271.038,1,452,599
101.0,0.0,-9999.0,9.663007,-81.0,5.057837,0.0,0.0,6894.753,13531.451,1,1811,1798
113.0,27.132648,354.40067,8.791162,-73.0,7.5229225,0.0,0.0,10540.586,13561.035,1,2219,1866
69.0,0.0,-9999.0,9.663007,-3.4028235e+38,5.057837,0.0,0.0,0.0,11274.897,1,353,727
80.0,0.0,-9999.0,9.663007,-3.4028235e+38,5.057837,0.0,0.0,6894.753,12812.601,0,2195,814
81.0,0.0,-9999.0,9.663007,-174.0,5.057837,0.0,0.0,6894.753,11232.967,0,844,1404
93.0,0.0,-9999.0,9.663007,-89.0,5.057837,0.0,0.0,6894.753,12655.787,0,1424,1437
69.0,0.0,-9999.0,9.663007,-3.4028235e+38,5.057837,0.0,0.0,0.0,11281.102,0,522,395
99.0,0.0,-9999.0,9.663007,-83.0,5.057837,0.0,0.0,6894.753,13610.106,1,2110,1700
71.0,0.0,-9999.0,9.663007,-3.4028235e+38,5.057837,0.0,0.0,0.0,11462.804,0,1219,444
76.0,0.0,-9999.0,9.663007,-3.4028235e+38,5.057837,0.0,0.0,0.0,11203.285,1,947,658
80.0,0.0,-9999.0,9.663007,-175.0,5.057837,0.0,0.0,6894.753,11593.239,0,818,1683
74.0,0.0,-9999.0,9.663007,-3.4028235e+38,5.057837,0.0,0.0,0.0,11554.708,0,1226,572
74.0,0.0,-9999.0,9.663007,-181.0,5.057837,0.0,0.0,6894.753,11188.458,0,591,907
69.0,0.0,-9999.0,9.663007,-3.4028235e+38,5.057837,0.0,0.0,6894.753,11244.937,0,361,866
61.0,0.0,-9999.0,9.663007,-3.4028235e+38,5.057837,0.0,0.0,0.0,11489.841,1,26,297
63.0,0.0,-9999.0,9.663007,-3.4028235e+38,5.057837,0.0,0.0,0.0,11468.948,0,107,258
67.0,0.0,-9999.0,9.663007,-3.4028235e+38,5.057837,0.0,0.0,0.0,11161.023,0,873,254
82.0,0.0,-9999.0,9.663007,-7.0,5.057837,0.0,0.0,6894.753,11578.465,1,1117,953
61.0,0.0,-9999.0,9.663007,-3.4028235e+38,5.057837,0.0,0.0,0.0,11441.795,1,13,472
83.0,0.0,-9999.0,9.663007,-172.0,5.057837,0.0,0.0,6894.753,11217.079,1,938,1298
76.0,0.0,-9999.0,9.663007,-3.4028235e+38,5.057837,0.0,0.0,6894.753,11183.828,1,688,755
86.0,0.0,-9999.0,9.663007,-169.0,5.057837,0.0,0.0,6894.753,12006.626,1,1098,1667
62.0,0.0,-9999.0,9.663007,-3.4028235e+38,5.057837,0.0,0.0,0.0,11344.515,1,484,92
69.0,0.0,-9999.0,9.663007,-3.4028235e+38,5.057837,0.0,0.0,0.0,11761.356,0,1889,290
73.0,0.0,-9999.0,10.4097185,-3.4028235e+38,5.8045483,0.0,0.0,6894.753,11154.191,0,506,1238
79.0,0.0,-9999.0,9.663007,-3.4028235e+38,5.057837,0.0,0.0,6894.753,11927.558,1,1346,810
98.0,0.0,-9999.0,9.663007,-84.0,5.057837,0.0,0.0,6894.753,13436.17,0,1740,1686
91.0,0.0,-9999.0,9.663007,-91.0,5.057837,0.0,0.0,6894.753,12688.9795,1,1444,1373
70.0,0.0,-9999.0,9.663007,-3.4028235e+38,5.057837,0.0,0.0,0.0,11479.205,0,1271,397
72.0,0.0,-9999.0,9.663007,-3.4028235e+38,5.057837,0.0,0.0,6894.753,11183.651,0,462,1094
86.0,0.0,-9999.0,9.663007,-169.0,5.057837,0.0,0.0,6894.753,11606.444,0,1068,1326
79.0,0.0,-9999.0,9.663007,-3.4028235e+38,5.057837,0.0,0.0,6894.753,12773.513,0,2326,783
76.0,0.0,-9999.0,9.663007,-3.4028235e+38,5.057837,0.0,0.0,0.0,11138.794,1,881,665
94.0,0.0,-9999.0,9.663007,-88.0,5.057837,0.0,0.0,6894.753,13060.709,0,1575,1516
71.0,0.0,-9999.0,9.663007,-3.4028235e+38,5.057837,0.0,0.0,0.0,11241.106,0,600,486
69.0,0.0,-9999.0,9.663007,-3.4028235e+38,5.057837,0.0,0.0,0.0,11598.891,0,1440,368
73.0,0.0,-9999.0,9.663007,-3.4028235e+38,5.057837,0.0,0.0,0.0,11254.518,0,511,591
73.0,0.0,-9999.0,9.663007,-3.4028235e+38,5.057837,0.0,0.0,0.0,12189.006,0,1947,510
82.0,0.0,-9999.0,9.663007,-173.0,5.057837,0.0,0.0,6894.753,11451.8125,1,893,1579
69.0,0.0,-9999.0,9.663007,-3.4028235e+38,5.057837,0.0,0.0,0.0,11275.687,1,350,727
103.0,0.0,-9999.0,9.663007,-79.0,5.057837,0.0,0.0,10518.645,13561.552,1,2162,1846
81.0,0.0,-9999.0,9.663007,-8.0,5.057837,0.0,0.0,6894.753,11411.221,1,1047,880
103.0,0.0,-9999.0,9.663007,-83.0,5.057837,0.0,0.0,11601.381,13481.848,1,1790,1894
75.0,0.0,-9999.0,9.663007,-3.4028235e+38,5.057837,0.0,0.0,0.0,12075.873,0,1597,604
76.0,0.0,-9999.0,9.663007,-179.0,5.057837,0.0,0.0,6894.753,11302.76,0,604,1440
68.0,0.0,-9999.0,9.663007,-3.4028235e+38,5.057837,0.0,0.0,0.0,11725.077,0,1674,325
75.0,0.0,-9999.0,9.663007,-180.0,5.057837,0.0,0.0,6894.753,11516.821,0,590,1604
68.0,0.0,-9999.0,9.663007,-3.4028235e+38,5.057837,0.0,0.0,0.0,11226.996,0,686,345
62.0,0.0,-9999.0,9.663007,-3.4028235e+38,5.057837,0.0,0.0,0.0,11167.97,0,962,48
63.0,0.0,-9999.0,9.663007,-3.4028235e+38,5.057837,0.0,0.0,0.0,11261.307,0,2101,20
66.0,0.0,-9999.0,9.663007,-3.4028235e+38,5.057837,0.0,0.0,0.0,11373.773,0,267,393
90.0,0.0,-9999.0,9.663007,-92.0,5.057837,0.0,0.0,6894.753,12265.296,1,1281,1416
65.0,0.0,-9999.0,9.663007,-3.4028235e+38,5.057837,0.0,0.0,0.0,11434.703,1,221,210
92.0,0.0,-9999.0,9.663007,-90.0,5.057837,0.0,0.0,6894.753,13722.282,0,2065,1379
63.0,0.0,-9999.0,9.663007,-3.4028235e+38,5.057837,0.0,0.0,0.0,11275.485,0,625,136
66.0,0.0,-9999.0,9.663007,-3.4028235e+38,5.057837,0.0,0.0,6894.753,11651.715,0,155,1670
94.0,0.0,-9999.0,9.663007,-88.0,5.057837,0.0,0.0,6894.753,13066.434,1,1578,1490
73.0,0.0,-9999.0,9.807492,-3.4028235e+38,5.202322,0.0,0.0,0.0,12181.715,0,1891,510
88.0,0.0,-9999.0,9.663007,-94.0,5.057837,0.0,0.0,6894.753,11813.035,1,1150,1284
83.0,0.0,-9999.0,9.663007,-172.0,5.057837,0.0,0.0,6894.753,11437.444,0,935,1498
64.0,0.0,-9999.0,9.663007,-3.4028235e+38,5.057837,0.0,0.0,0.0,11350.465,0,448,151
83.0,0.0,-9999.0,9.663007,-172.0,5.057837,0.0,0.0,6894.753,11527.382,1,945,1552
76.0,0.0,-9999.0,9.663007,-3.4028235e+38,5.057837,0.0,0.0,0.0,11194.095,1,660,727
73.0,0.0,-9999.0,9.663007,-3.4028235e+38,5.057837,0.0,0.0,0.0,11249.027,0,534,581
85.0,0.0,-9999.0,9.663007,-5.0,5.057837,0.0,0.0,6894.753,12967.755,1,1680,1079
69.0,0.0,-9999.0,9.663007,-3.4028235e+38,5.057837,0.0,0.0,0.0,11301.123,1,383,551
83.0,0.0,-9999.0,9.663007,-6.0,5.057837,0.0,0.0,6894.753,13058.575,0,2265,934
74.0,0.0,-9999.0,9.663007,-3.4028235e+38,5.057837,0.0,0.0,0.0,11225.604,1,586,637
