dem,slope,aspect,twi,hand,flow_accumulation,distance_to_river,drainage_density,chirps,gpm,flood_label,row,col
0.26331362,0.9962191,0.0,0.99999994,0.99999994,0.99999994,0.0,0.0,0.55103016,0.35347795,1,1238,1293
0.28402367,0.9962191,0.0,0.99999994,0.99999994,0.99999994,0.0,0.0,0.55103016,0.7898841,1,1652,1588
0.2366864,0.9962191,0.0,0.99999994,0.99999994,0.99999994,0.0,0.0,0.55103016,0.38092518,1,1425,876
0.30473372,0.9962191,0.0,0.99999994,0.99999994,0.99999994,0.0,0.0,0.8841508,0.8933029,0,1958,1863
0.24852072,0.9962191,0.0,0.99999994,0.99999994,0.99999994,0.0,0.0,0.55103016,0.33282518,1,1294,1028
0.22781065,0.9962191,0.0,0.99999994,0.99999994,0.99999994,0.0,0.0,0.55103016,0.011282921,0,666,1204
0.1923077,0.9962191,0.0,0.99999994,0.0,0.99999994,0.0,0.0,0.0,0.0951004,0,1434,164
0.18343195,0.9962191,0.0,0.99999994,0.0,0.99999994,0.0,0.0,0.0,0.12776756,1,254,61
0.23076923,0.9962191,0.0,0.99999994,0.0,0.99999994,0.0,0.0,0.55103016,0.34876823,1,1434,782
0.19822486,0.9962191,0.0,0.99999994,0.0,0.99999994,0.0,0.0,0.0,0.05111265,0,644,301
0.23964497,0.9962191,0.0,0.99999994,0.99999994,0.99999994,0.0,0.0,0.55103016,0.17652321,1,845,1681
0.2662722,0.9962191,0.0,0.99999994,0.99999994,0.99999994,0.0,0.0,0.55103016,0.5817666,0,1455,1296
0.20118344,0.9962191,0.0,0.99999994,0.0,0.99999994,0.0,0.0,0.0,0.23656464,0,2268,264
0.2071006,0.9962191,0.0,0.99999994,0.0,0.99999994,0.0,0.0,0.0,0.25858498,0,1661,384
0.19822486,0.9962191,0.0,0.99999994,0.0,0.99999994,0.0,0.0,0.55103016,0.041079044,0,234,1086
0.24260356,0.9962191,0.0,0.99999994,0.99999994,0.99999994,0.0,0.0,0.55103016,0.64526606,1,1748,927
0.27514794,0.9962191,0.0,0.99999994,0.99999994,0.99999994,0.0,0.0,0.55103016,0.919724,1,1782,1442
0.19822486,0.9962191,0.0,0.99999994,0.0,0.99999994,0.0,0.0,0.55103016,0.057546616,0,269,866
0.2781065,0.9962191,0.0,0.99999994,0.99999994,0.99999994,0.0,0.0,0.55103016,0.5873809,0,1424,1567
0.24260356,0.9962191,0.0,0.99999994,0.99999994,0.99999994,0.0,0.0,0.55103016,0.21358967,1,873,1762
0.26923078,0.9962191,0.0,0.99999994,0.99999994,0.99999994,0.0,0.0,0.55103016,0.8697996,1,1726,1379
0.23076923,0.9962191,0.0,0.99999994,0.99999994,0.99999994,0.0,0.0,0.55103016,0.0069146156,1,702,1279
0.23372781,0.9962191,0.0,0.99999994,0.99999994,0.99999994,0.0,0.0,0.55103016,0.0067625046,0,801,1144
0.28402367,0.9962191,0.0,0.99999994,0.99999994,0.99999994,0.0,0.0,0.89211583,0.95956373,0,2322,1543
0.2928994,0.9962191,0.0,0.99999994,0.99999994,0.99999994,0.0,0.0,0.86515945,0.935307,1,2222,1662
0.2662722,0.9962191,0.0,0.99999994,0.99999994,0.99999994,0.0,0.0,0.55103016,0.46112394,1,1332,1330
0.2781065,0.9962191,0.0,0.99999994,0.99999994,0.99999994,0.0,0.0,0.55103016,0.607635,0,1457,1480
0.1923077,0.9962191,0.0,0.99999994,0.0,0.99999994,0.0,0.0,0.0,0.089475155,0,416,219
0.20414202,0.9962191,0.0,0.99999994,0.0,0.99999994,0.0,0.0,0.55103016,0.040973663,0,360,989
0.2928994,0.9962191,0.0,0.99999994,0.99999994,0.99999994,0.0,0.0,0.86887085,0.9386301,0,2308,1674
0.24260356,0.9962191,0.0,0.99999994,0.99999994,0.99999994,0.0,0.0,0.55103016,0.62827873,1,1708,948
0.20414202,0.9962191,0.0,0.99999994,0.0,0.99999994,0.0,0.0,0.55103016,0.14878702,0,280,1575
0.2514793,0.9962191,0.0,0.99999994,0.99999994,0.99999994,0.0,0.0,0.55103016,0.32208633,0,966,1900
0.24852072,0.9962191,0.0,0.99999994,0.99999994,0.99999994,0.0,0.0,0.55103016,0.733201,1,1813,996
0.28994083,0.9962191,0.0,0.99999994,0.99999994,0.99999994,0.0,0.0,0.86907625,0.93902826,0,2242,1645
0.1923077,0.9962191,0.0,0.99999994,0.0,0.99999994,0.0,0.0,0.0,0.049025536,0,681,218
0.1923077,0.9962191,0.0,0.99999994,0.0,0.99999994,0.0,0.0,0.0,0.12663841,0,1629,169
0.20414202,0.9962191,0.0,0.99999994,0.0,0.99999994,0.0,0.0,0.55103016,0.027893066,0,309,1197
0.24260356,0.9962191,0.0,0.99999994,0.99999994,0.99999994,0.0,0.0,0.55103016,0.02462864,1,909,1343
0.2366864,0.9962191,0.0,0.99999994,0.99999994,0.99999994,0.0,0.0,0.55103016,0.19086313,1,786,1706
0.18934911,0.9962191,0.0,0.99999994,0.0,0.99999994,0.0,0.0,0.0,0.061676025,0,1250,140
0.18934911,0.9962191,0.0,0.99999994,0.0,0.99999994,0.0,0.0,0.0,0.11225605,0,2332,89
0.24556214,0.9962191,0.0,0.99999994,0.99999994,0.99999994,0.0,0.0,0.55103016,0.5525689,1,1574,1001
0.22781065,0.9962191,0.0,0.99999994,0.0,0.99999994,0.0,0.0,0.0,0.401731,0,1574,712
0.28402367,0.9962191,0.0,0.99999994,0.99999994,0.99999994,0.0,0.0,0.55103016,0.6904173,0,1529,1733
0.21005918,0.9962191,0.0,0.99999994,0.0,0.99999994,0.0,0.0,0.0,0.018487453,0,852,435
0.23076923,0.9962191,0.0,0.99999994,0.99999994,0.99999994,0.0,0.0,0.55103016,0.22856855,0,695,1777
0.22485207,0.9962191,0.0,0.99999994,0.0,0.99999994,0.0,0.0,0.0,0.48992825,0,2095,628
0.22781065,0.9962191,0.0,0.99999994,0.0,0.99999994,0.0,0.0,0.55103016,0.3732772,1,1506,736
0.21005918,0.9962191,0.0,0.99999994,0.0,0.99999994,0.0,0.0,0.0,0.021409035,1,820,486
0.18047337,0.9962191,0.0,0.99999994,0.0,0.99999994,0.0,0.0,0.0,0.1279931,1,28,407
0.18047337,0.9962191,0.0,0.99999994,0.0,0.99999994,0.0,0.0,0.0,0.107299805,1,395,11
0.21301776,0.9962191,0.0,0.99999994,0.0,0.99999994,0.0,0.0,0.0,0.0485301,1,576,546
0.26923078,0.9962191,0.0,0.99999994,0.99999994,0.99999994,0.0,0.0,0.55103016,0.8261757,1,1682,1356
0.28402367,0.9962191,0.0,0.99999994,0.99999994,0.99999994,0.0,0.0,0.55103016,0.6832967,1,1513,1812
0.26923078,0.9962191,0.0,0.99999994,0.99999994,0.99999994,0.0,0.0,0.55103016,0.91869307,1,1772,1357
0.28402367,0.9962191,0.0,0.99999994,0.99999994,0.99999994,0.0,0.0,0.55103016,0.7574444,0,1615,1579
0.21301776,0.9962191,0.0,0.99999994,0.0,0.99999994,0.0,0.0,0.0,0.10493803,0,1128,493
0.21301776,0.9962191,0.0,0.99999994,0.0,0.99999994,0.0,0.0,0.0,0.30473757,0,1649,470
0.18934911,0.9962191,0.0,0.99999994,0.0,0.99999994,0.0,0.0,0.0,0.100310326,1,101,583
0.24852072,0.9962191,0.0,0.99999994,0.99999994,0.99999994,0.0,0.0,0.55103016,0.26365232,1,960,1774
0.22781065,0.9962191,0.0,0.99999994,0.0,0.99999994,0.0,0.0,0.0,0.18362236,1,1201,710
0.18343195,0.9962191,0.0,0.99999994,0.0,0.99999994,0.0,0.0,0.0,0.049261093,0,1632,32
0.22781065,0.9962191,0.0,0.99999994,0.0,0.99999994,0.0,0.0,0.55103016,0.027123451,1,691,756
0.25739646,0.9962191,0.0,0.99999994,0.99999994,0.99999994,0.0,0.0,0.55103016,0.2940197,1,1125,1483
0.21005918,0.9962191,0.0,0.99999994,0.0,0.99999994,0.0,0.0,0.0,0.17976522,0,1356,440
0.24556214,0.9962191,0.0,0.99999994,0.99999994,0.99999994,0.0,0.0,0.55103016,0.44108772,1,1438,999
0.21597633,0.9962191,0.0,0.99999994,0.0,0.99999994,0.0,0.0,0.55103016,0.073421955,0,468,1434
0.28402367,0.9962191,0.0,0.99999994,0.99999994,0.99999994,0.0,0.0,0.55103016,0.9229708,1,1805,1557
0.1923077,0.9962191,0.0,0.99999994,0.0,0.99999994,0.0,0.0,0.55103016,0.10813141,0,106,1478
0.18639053,0.9962191,0.0,0.99999994,0.0,0.99999994,0.0,0.0,0.0,0.10934591,1,105,490
0.2071006,0.9962191,0.0,0.99999994,0.0,0.99999994,0.0,0.0,0.0,0.046385765,0,628,458
0.23076923,0.9962191,0.0,0.99999994,0.99999994,0.99999994,0.0,0.0,0.55103016,0.21848345,0,686,1755
0.18343195,0.9962191,0.0,0.99999994,0.0,0.99999994,0.0,0.0,0.0,0.07080698,0,586,71
0.27514794,0.9962191,0.0,0.99999994,0.99999994,0.99999994,0.0,0.0,0.55103016,0.9504461,0,1925,1405
0.2514793,0.9962191,0.0,0.99999994,0.99999994,0.99999994,0.0,0.0,0.55103016,0.78736687,0,2152,1039
0.21893491,0.9962191,0.0,0.99999994,0.0,0.99999994,0.0,0.0,0.0,0.42763615,0,1797,563
0.20414202,0.9962191,0.0,0.99999994,0.0,0.99999994,0.0,0.0,0.55103016,0.31031466,0,277,1907
0.21301776,0.9962191,0.0,0.99999994,0.0,0.99999994,0.0,0.0,0.0,0.018105507,1,844,502
0.23372781,0.9962191,0.0,0.99999994,0.99999994,0.99999994,0.0,0.0,0.55103016,0.21331787,1,717,1747
0.18343195,0.9962191,0.0,0.99999994,0.0,0.99999994,0.0,0.0,0.0,0.13154268,1,70,321
0.18639053,0.9962191,0.0,0.99999994,0.0,0.99999994,0.0,0.0,0.0,0.08503914,1,489,107
0.25739646,0.9962191,0.0,0.99999994,0.99999994,0.99999994,0.0,0.0,0.55103016,0.8370185,0,2001,1124
0.24852072,0.9962191,0.0,0.99999994,0.99999994,0.99999994,0.0,0.0,0.55103016,0.6743722,1,1684,1054
0.27218935,0.9962191,0.0,0.99999994,0.99999994,0.99999994,0.0,0.0,0.55103016,0.58646774,1,1444,1402
0.2514793,0.9962191,0.0,0.99999994,0.99999994,0.99999994,0.0,0.0,0.55103016,0.77627516,0,2086,1030
0.24556214,0.9962191,0.0,0.99999994,0.99999994,0.99999994,0.0,0.0,0.55103016,0.1885767,1,1131,980
0.21005918,0.9962191,0.0,0.99999994,0.0,0.99999994,0.0,0.0,0.0,0.062188625,1,474,518
0.23372781,0.9962191,0.0,0.99999994,0.0,0.99999994,0.0,0.0,0.55103016,0.5929651,0,1791,805
0.20118344,0.9962191,0.0,0.99999994,0.0,0.99999994,0.0,0.0,0.0,0.049054623,0,637,371
0.23964497,0.9962191,0.0,0.99999994,0.99999994,0.99999994,0.0,0.0,0.55103016,0.15714169,1,1107,898
0.2071006,0.9962191,0.0,0.99999994,0.0,0.99999994,0.0,0.0,0.0,0.068775654,0,1073,382
0.26331362,0.9962191,0.0,0.99999994,0.99999994,0.99999994,0.0,0.0,0.55103016,0.4804964,0,1177,1958
0.24852072,0.9962191,0.0,0.99999994,0.99999994,0.99999994,0.0,0.0,0.55103016,0.117321014,1,976,1398
0.2366864,0.9962191,0.0,0.99999994,0.99999994,0.99999994,0.0,0.0,0.55103016,0.094530106,0,1029,835
0.19822486,0.9962191,0.0,0.99999994,0.0,0.99999994,0.0,0.0,0.0,0.18222523,0,1992,202
0.26923078,0.9962191,0.0,0.99999994,0.99999994,0.99999994,0.0,0.0,0.55103016,0.5511422,0,1412,1377
0.23076923,0.9962191,0.0,0.99999994,0.99999994,0.99999994,0.0,0.0,0.55103016,0.21314764,1,710,1746
0.2781065,0.9962191,0.0,0.99999994,0.99999994,0.99999994,0.0,0.0,0.55103016,0.9401307,0,1894,1468
0.24556214,0.9962191,0.0,0.99999994,0.99999994,0.99999994,0.0,0.0,0.55103016,0.19944334,1,1146,974
0.26035503,0.9962191,0.0,0.99999994,0.99999994,0.99999994,0.0,0.0,0.55103016,0.8992567,0,2322,1177
0.23964497,0.9962191,0.0,0.99999994,0.99999994,0.99999994,0.0,0.0,0.55103016,0.17206383,1,1129,891
0.24556214,0.9962191,0.0,0.99999994,0.99999994,0.99999994,0.0,0.0,0.55103016,0.22306108,1,1170,997
0.25739646,0.9962191,0.0,0.99999994,0.99999994,0.99999994,0.0,0.0,0.55103016,0.65258694,1,1582,1178
0.24260356,0.9962191,0.0,0.99999994,0.99999994,0.99999994,0.0,0.0,0.55103016,0.099310875,0,898,1522
0.18639053,0.9962191,0.0,0.99999994,0.0,0.99999994,0.0,0.0,0.0,0.059206963,0,2406,13
0.2514793,0.9962191,0.0,0.99999994,0.99999994,0.99999994,0.0,0.0,0.55103016,0.6786485,1,1677,1071
0.26035503,0.9962191,0.0,0.99999994,0.99999994,0.99999994,0.0,0.0,0.55103016,0.3553567,1,1159,1580
0.26923078,0.9962191,0.0,0.99999994,0.99999994,0.99999994,0.0,0.0,0.55103016,0.4467883,1,1306,1393
0.24556214,0.9962191,0.0,0.99999994,0.99999994,0.99999994,0.0,0.0,0.55103016,0.7325287,0,2178,960
0.21301776,0.9962191,0.0,0.99999994,0.0,0.99999994,0.0,0.0,0.55103016,0.041058064,0,415,1363
0.23076923,0.9962191,0.0,0.99999994,0.99999994,0.99999994,0.0,0.0,0.55103016,0.21293306,1,704,1745
0.2514793,0.9962191,0.0,0.99999994,0.99999994,0.99999994,0.0,0.0,0.55103016,0.16941643,1,1033,1385
0.20118344,0.9962191,0.0,0.99999994,0.0,0.99999994,0.0,0.0,0.0,0.24420595,0,1745,321
0.23076923,0.9962191,0.0,0.99999994,0.99999994,0.99999994,0.0,0.0,0.55103016,0.21909189,1,683,1756
0.1923077,0.9962191,0.0,0.99999994,0.0,0.99999994,0.0,0.0,0.55103016,0.040144444,0,114,1164
0.30769232,0.9962191,0.0,0.99999994,0.99999994,0.99999994,0.0,0.0,0.89742905,0.88646936,0,1913,1900
0.18639053,0.9962191,0.0,0.99999994,0.0,0.99999994,0.0,0.0,0.0,0.041636944,0,745,143
0.1923077,0.9962191,0.0,0.99999994,0.0,0.99999994,0.0,0.0,0.0,0.09766579,1,230,448
0.23076923,0.9962191,0.0,0.99999994,0.0,0.99999994,0.0,0.0,0.55103016,0.098054886,0,1044,768
0.22485207,0.9962191,0.0,0.99999994,0.0,0.99999994,0.0,0.0,0.0,0.4888401,0,2169,621
0.24260356,0.9962191,0.0,0.99999994,0.99999994,0.99999994,0.0,0.0,0.55103016,0.21450233,1,863,1763
0.21597633,0.9962191,0.0,0.99999994,0.0,0.99999994,0.0,0.0,0.0,0.38546085,0,1999,488
0.22485207,0.9962191,0.0,0.99999994,0.0,0.99999994,0.0,0.0,0.0,0.49701834,0,2365,618
0.26331362,0.9962191,0.0,0.99999994,0.99999994,0.99999994,0.0,0.0,0.55103016,0.4180932,1,1224,1601
0.591716,0.998058,0.9997087,0.99999994,0.99999994,0.99999994,0.0,0.0,0.84324485,0.90264606,1,2319,1913
0.20118344,0.9962191,0.0,0.99999994,0.0,0.99999994,0.0,0.0,0.0,0.064275265,0,1086,317
0.18343195,0.9962191,0.0,0.99999994,0.0,0.99999994,0.0,0.0,0.0,0.13234377,1,216,82
0.2071006,0.9962191,0.0,0.99999994,0.0,0.99999994,0.0,0.0,0.0,0.27467918,0,1980,333
0.28402367,0.9962191,0.0,0.99999994,0.99999994,0.99999994,0.0,0.0,0.55103016,0.9418106,1,2039,1533
0.21597633,0.9962191,0.0,0.99999994,0.0,0.99999994,0.0,0.0,0.0,0.36631536,0,1892,468
0.21893491,0.9962191,0.0,0.99999994,0.0,0.99999994,0.0,0.0,0.0,0.06261635,0,1006,602
0.2514793,0.9962191,0.0,0.99999994,0.99999994,0.99999994,0.0,0.0,0.55103016,0.6621709,0,1652,1080
0.22189349,0.9962191,0.0,0.99999994,0.0,0.99999994,0.0,0.0,0.0,0.030314445,1,692,669
0.2514793,0.9962191,0.0,0.99999994,0.99999994,0.99999994,0.0,0.0,0.55103016,0.46981,0,1427,1092
0.24260356,0.9962191,0.0,0.99999994,0.99999994,0.99999994,0.0,0.0,0.55103016,0.43787718,1,1464,943
0.24556214,0.9962191,0.0,0.99999994,0.99999994,0.99999994,0.0,0.0,0.55103016,0.50428534,0,1517,997
0.24556214,0.9962191,0.0,0.99999994,0.99999994,0.99999994,0.0,0.0,0.55103016,0.5931153,1,1628,995
0.18934911,0.9962191,0.0,0.99999994,0.0,0.99999994,0.0,0.0,0.55103016,0.223907,0,81,1712
0.22485207,0.9962191,0.0,0.99999994,0.0,0.99999994,0.0,0.0,0.0,0.5059695,0,2356,631
0.28402367,0.9962191,0.0,0.99999994,0.99999994,0.99999994,0.0,0.0,0.55103016,0.6807852,1,1522,1666
0.21301776,0.9962191,0.0,0.99999994,0.0,0.99999994,0.0,0.0,0.0,0.18869066,0,1346,477
0.26923078,0.9962191,0.0,0.99999994,0.99999994,0.99999994,0.0,0.0,0.55103016,0.6843419,1,1545,1338
0.19822486,0.9962191,0.0,0.99999994,0.0,0.99999994,0.0,0.0,0.55103016,0.032043934,0,226,1193
0.25443786,0.9962191,0.0,0.99999994,0.99999994,0.99999994,0.0,0.0,0.55103016,0.8289585,0,2182,1094
0.19822486,0.9962191,0.0,0.99999994,0.0,0.99999994,0.0,0.0,0.55103016,0.03728056,0,200,1340
0.23076923,0.9962191,0.0,0.99999994,0.0,0.99999994,0.0,0.0,0.55103016,0.3649702,0,1458,784
0.24556214,0.9962191,0.0,0.99999994,0.99999994,0.99999994,0.0,0.0,0.55103016,0.069345474,0,975,1093
0.23076923,0.9962191,0.0,0.99999994,0.0,0.99999994,0.0,0.0,0.55103016,0.5309491,0,1724,777
0.21893491,0.9962191,0.0,0.99999994,0.99999994,0.99999994,0.0,0.0,0.55103016,0.032334328,0,588,847
0.18934911,0.9962191,0.0,0.99999994,0.0,0.99999994,0.0,0.0,0.55103016,0.07483864,1,134,803
0.30473372,0.9962191,0.0,0.99999994,0.99999994,0.99999994,0.0,0.0,0.8638985,0.898067,1,2039,1856
0.80473375,0.9981109,0.97972286,0.99999994,0.99999994,0.99999994,0.0,0.0,0.84336716,0.9022627,0,2293,1908
0.18639053,0.9962191,0.0,0.99999994,0.0,0.99999994,0.0,0.0,0.0,0.13255739,0,187,132
0.22485207,0.9962191,0.0,0.99999994,0.0,0.99999994,0.0,0.0,0.0,0.48577404,0,1871,639
0.22781065,0.9962191,0.0,0.99999994,0.99999994,0.99999994,0.0,0.0,0.55103016,0.00799799,0,681,1271
0.22781065,0.9962191,0.0,0.99999994,0.0,0.99999994,0.0,0.0,0.0,0.31924105,0,1423,726
0.18639053,0.9962191,0.0,0.99999994,0.0,0.99999994,0.0,0.0,0.0,0.052574635,0,1277,96
0.30473372,0.9962191,0.0,0.99999994,0.99999994,0.99999994,0.0,0.0,0.86193824,0.8979511,0,2048,1860
0.20414202,0.9962191,0.0,0.99999994,0.0,0.99999994,0.0,0.0,0.55103016,0.045403957,0,326,962
0.26923078,0.9962191,0.0,0.99999994,0.99999994,0.99999994,0.0,0.0,0.55103016,0.7874136,1,1644,1337
0.22485207,0.9962191,0.0,0.99999994,0.0,0.99999994,0.0,0.0,0.55103016,0.028612614,0,676,754
0.20118344,0.9962191,0.0,0.99999994,0.0,0.99999994,0.0,0.0,0.0,0.029504776,0,788,334
0.21005918,0.9962191,0.0,0.99999994,0.0,0.99999994,0.0,0.0,0.55103016,0.045832634,1,459,805
0.22189349,0.9962191,0.0,0.99999994,0.0,0.99999994,0.0,0.0,0.0,0.06729269,1,1013,618
0.28402367,0.9962191,0.0,0.99999994,0.99999994,0.99999994,0.0,0.0,0.55103016,0.94009304,1,2062,1557
0.30177516,0.9962191,0.0,0.99999994,0.99999994,0.99999994,0.0,0.0,0.55103016,0.8944669,0,1864,1818
0.25739646,0.9962191,0.0,0.99999994,0.99999994,0.99999994,0.0,0.0,0.55103016,0.82433367,0,1983,1108
0.2662722,0.9962191,0.0,0.99999994,0.99999994,0.99999994,0.0,0.0,0.55103016,0.47507572,1,1234,1793
0.20118344,0.9962191,0.0,0.99999994,0.0,0.99999994,0.0,0.0,0.0,0.23118544,0,2182,261
0.23076923,0.9962191,0.0,0.99999994,0.99999994,0.99999994,0.0,0.0,0.55103016,0.23634005,1,681,1792
0.2928994,0.9962191,0.0,0.99999994,0.99999994,0.99999994,0.0,0.0,0.55103016,0.92343044,1,2120,1703
0.19526628,0.9962191,0.0,0.99999994,0.0,0.99999994,0.0,0.0,0.0,0.14632845,0,1604,212
0.22485207,0.9962191,0.0,0.99999994,0.0,0.99999994,0.0,0.0,0.0,0.06611967,0,1004,668
0.18343195,0.9962191,0.0,0.99999994,0.0,0.99999994,0.0,0.0,0.0,0.10141945,1,42,634
0.20118344,0.9962191,0.0,0.99999994,0.0,0.99999994,0.0,0.0,0.0,0.08103037,0,420,335
0.26923078,0.9962191,0.0,0.99999994,0.99999994,0.99999994,0.0,0.0,0.55103016,0.5147991,1,1318,1678
0.2662722,0.9962191,0.0,0.99999994,0.99999994,0.99999994,0.0,0.0,0.55103016,0.9466996,0,1901,1290
0.18639053,0.9962191,0.0,0.99999994,0.0,0.99999994,0.0,0.0,0.0,0.097853184,1,83,626
0.23076923,0.9962191,0.0,0.99999994,0.0,0.99999994,0.0,0.0,0.55103016,0.34884405,1,1438,776
0.26035503,0.9962191,0.0,0.99999994,0.99999994,0.99999994,0.0,0.0,0.55103016,0.66331863,0,1580,1202
0.21597633,0.9962191,0.0,0.99999994,0.0,0.99999994,0.0,0.0,0.0,0.0160985,1,852,553
0.2928994,0.9962191,0.0,0.99999994,0.99999994,0.99999994,0.0,0.0,0.86619145,0.93626213,1,2233,1660
0.23964497,0.9962191,0.0,0.99999994,0.99999994,0.99999994,0.0,0.0,0.55103016,0.16002893,1,1112,893
0.9289941,0.9990083,0.9902651,0.99999994,0.99999994,0.99999994,0.0,0.0,0.84340346,0.8972416,1,2289,1940
0.27218935,0.9962191,0.0,0.99999994,0.99999994,0.99999994,0.0,0.0,0.55103016,0.7989025,0,1657,1414
0.22189349,0.9962191,0.0,0.99999994,0.0,0.99999994,0.0,0.0,0.0,0.32649517,0,1516,625
0.18047337,0.9962191,0.0,0.99999994,0.0,0.99999994,0.0,0.0,0.0,0.13664246,0,47,304
0.1923077,0.9962191,0.0,0.99999994,0.0,0.99999994,0.0,0.0,0.0,0.13026857,0,1716,154
0.22485207,0.9962191,0.0,0.99999994,0.99999994,0.99999994,0.0,0.0,0.55103016,0.057170868,0,626,1412
0.23964497,0.9962191,0.0,0.99999994,0.99999994,0.99999994,0.0,0.0,0.55103016,0.008644581,0,904,896
0.21597633,0.9962191,0.0,0.99999994,0.0,0.99999994,0.0,0.0,0.55103016,0.18490219,0,486,1667
0.18343195,0.9962191,0.0,0.99999994,0.0,0.99999994,0.0,0.0,0.0,0.14223671,0,48,251
0.21301776,0.9962191,0.0,0.99999994,0.0,0.99999994,0.0,0.0,0.0,0.036949158,1,676,543
0.24260356,0.9962191,0.0,0.99999994,0.99999994,0.99999994,0.0,0.0,0.55103016,0.39017296,1,1410,927
0.20414202,0.9962191,0.0,0.99999994,0.0,0.99999994,0.0,0.0,0.0,0.07143736,0,352,590
0.26331362,0.9962191,0.0,0.99999994,0.99999994,0.99999994,0.0,0.0,0.55103016,0.42693138,0,1228,1622
0.24260356,0.9962191,0.0,0.99999994,0.99999994,0.99999994,0.0,0.0,0.55103016,0.37093353,1,1367,964
0.2366864,0.9962191,0.0,0.99999994,0.99999994,0.99999994,0.0,0.0,0.55103016,0.041028023,1,799,1391
0.18047337,0.9962191,0.0,0.99999994,0.0,0.99999994,0.0,0.0,0.0,0.13325167,0,41,343
0.22781065,0.9962191,0.0,0.99999994,0.0,0.99999994,0.0,0.0,0.0,0.2952752,1,1379,732
0.21597633,0.9962191,0.0,0.99999994,0.0,0.99999994,0.0,0.0,0.0,0.39338827,0,1770,531
0.2366864,0.9962191,0.0,0.99999994,0.99999994,0.99999994,0.0,0.0,0.55103016,0.044127464,1,954,860
0.2662722,0.9962191,0.0,0.99999994,0.99999994,0.99999994,0.0,0.0,0.55103016,0.91825056,1,1907,1249
0.23372781,0.9962191,0.0,0.99999994,0.99999994,0.99999994,0.0,0.0,0.55103016,0.22178507,0,730,1766
0.21597633,0.9962191,0.0,0.99999994,0.0,0.99999994,0.0,0.0,0.0,0.2820773,0,1505,542
0.19822486,0.9962191,0.0,0.99999994,0.0,0.99999994,0.0,0.0,0.0,0.2080965,0,1734,270
0.24556214,0.9962191,0.0,0.99999994,0.99999994,0.99999994,0.0,0.0,0.55103016,0.16205692,1,957,1545
0.22485207,0.9962191,0.0,0.99999994,0.0,0.99999994,0.0,0.0,0.0,0.013122559,1,854,690
0.2781065,0.9962191,0.0,0.99999994,0.99999994,0.99999994,0.0,0.0,0.55103016,0.63485813,1,1485,1488
0.23076923,0.9962191,0.0,0.99999994,0.99999994,0.99999994,0.0,0.0,0.55103016,0.00643301,1,717,1277
0.28994083,0.9962191,0.0,0.99999994,0.99999994,0.99999994,0.0,0.0,0.8710604,0.9411912,1,2222,1622
0.20414202,0.9962191,0.0,0.99999994,0.0,0.99999994,0.0,0.0,0.0,0.07073927,1,391,538
0.18343195,0.9962191,0.0,0.99999994,0.0,0.99999994,0.0,0.0,0.0,0.058455467,0,1678,44
0.20118344,0.9962191,0.0,0.99999994,0.0,0.99999994,0.0,0.0,0.0,0.062737465,0,1077,324
0.23076923,0.9962191,0.0,0.99999994,0.0,0.99999994,0.0,0.0,0.55103016,0.36593485,1,1474,763
0.23076923,0.9962191,0.0,0.99999994,0.0,0.99999994,0.0,0.0,0.55103016,0.5275874,0,1733,763
0.21893491,0.9962191,0.0,0.99999994,0.0,0.99999994,0.0,0.0,0.0,0.020730972,0,797,620
0.26035503,0.9962191,0.0,0.99999994,0.99999994,0.99999994,0.0,0.0,0.55103016,0.85363007,1,1837,1165
0.23964497,0.9962191,0.0,0.99999994,0.99999994,0.99999994,0.0,0.0,0.55103016,0.0016102791,1,860,1253
0.19822486,0.9962191,0.0,0.99999994,0.0,0.99999994,0.0,0.0,0.0,0.18780613,0,2050,207
0.18934911,0.9962191,0.0,0.99999994,0.0,0.99999994,0.0,0.0,0.0,0.073082924,0,1376,127
0.2662722,0.9962191,0.0,0.99999994,0.99999994,0.99999994,0.0,0.0,0.55103016,0.85691833,1,1712,1305
0.25739646,0.9962191,0.0,0.99999994,0.99999994,0.99999994,0.0,0.0,0.55103016,0.35152245,1,1115,1686
0.24852072,0.9962191,0.0,0.99999994,0.99999994,0.99999994,0.0,0.0,0.55103016,0.20881414,1,1010,1542
0.295858,0.9962191,0.0,0.99999994,0.99999994,0.99999994,0.0,0.0,0.55103016,0.9106879,1,1911,1709
0.18639053,0.9962191,0.0,0.99999994,0.0,0.99999994,0.0,0.0,0.0,0.042575836,0,1863,10
0.24556214,0.9962191,0.0,0.99999994,0.99999994,0.99999994,0.0,0.0,0.55103016,0.42236185,1,1413,1003
0.23076923,0.9962191,0.0,0.99999994,0.0,0.99999994,0.0,0.0,0.55103016,0.28749514,1,1359,744
0.22781065,0.9962191,0.0,0.99999994,0.99999994,0.99999994,0.0,0.0,0.55103016,0.14912319,0,657,1607
0.22485207,0.9962191,0.0,0.99999994,0.99999994,0.99999994,0.0,0.0,0.55103016,0.024590015,0,674,860
0.23372781,0.9962191,0.0,0.99999994,0.0,0.99999994,0.0,0.0,0.55103016,0.014978409,1,912,800
0.2366864,0.9962191,0.0,0.99999994,0.0,0.99999994,0.0,0.0,0.55103016,0.6031952,0,2091,787
0.20118344,0.9962191,0.0,0.99999994,0.0,0.99999994,0.0,0.0,0.55103016,0.047225475,0,282,978
0.18343195,0.9962191,0.0,0.99999994,0.0,0.99999994,0.0,0.0,0.0,0.02001667,0,891,24
0.24556214,0.9962191,0.0,0.99999994,0.99999994,0.99999994,0.0,0.0,0.55103016,0.43901968,1,1438,994
0.28994083,0.9962191,0.0,0.99999994,0.99999994,0.99999994,0.0,0.0,0.55103016,0.921329,1,1884,1612
0.24260356,0.9962191,0.0,0.99999994,0.99999994,0.99999994,0.0,0.0,0.55103016,0.1805439,1,884,1693
0.23076923,0.9962191,0.0,0.99999994,0.99999994,0.99999994,0.0,0.0,0.55103016,0.21913576,1,682,1756
0.2366864,0.9962191,0.0,0.99999994,0.99999994,0.99999994,0.0,0.0,0.55103016,0.19035053,1,798,1706
0.26331362,0.9962191,0.0,0.99999994,0.99999994,0.99999994,0.0,0.0,0.55103016,0.35280943,1,1227,1336
0.2810651,0.9962191,0.0,0.99999994,0.99999994,0.99999994,0.0,0.0,0.8981735,0.964777,0,2333,1514
0.25739646,0.9962191,0.0,0.99999994,0.99999994,0.99999994,0.0,0.0,0.55103016,0.8425851,0,2009,1131
0.24556214,0.9962191,0.0,0.99999994,0.99999994,0.99999994,0.0,0.0,0.55103016,0.32496643,0,1295,999
0.2514793,0.9962191,0.0,0.99999994,0.99999994,0.99999994,0.0,0.0,0.55103016,0.74322987,0,1740,1086
0.1923077,0.9962191,0.0,0.99999994,0.0,0.99999994,0.0,0.0,0.0,0.11038494,0,230,304
0.23964497,0.9962191,0.0,0.99999994,0.99999994,0.99999994,0.0,0.0,0.55103016,0.0031523705,1,828,1241
0.22781065,0.9962191,0.0,0.99999994,0.0,0.99999994,0.0,0.0,0.0,0.47929573,0,1708,711
0.28698224,0.9962191,0.0,0.99999994,0.99999994,0.99999994,0.0,0.0,0.55103016,0.9319773,0,1998,1586
0.26923078,0.9962191,0.0,0.99999994,0.99999994,0.99999994,0.0,0.0,0.55103016,0.8787365,0,1733,1355
0.18343195,0.9962191,0.0,0.99999994,0.0,0.99999994,0.0,0.0,0.0,0.13136768,1,217,91
0.2366864,0.9962191,0.0,0.99999994,0.99999994,0.99999994,0.0,0.0,0.55103016,0.057453632,1,973,860
0.22781065,0.9962191,0.0,0.99999994,0.0,0.99999994,0.0,0.0,0.0,0.13766718,0,1124,703
0.30769232,0.9962191,0.0,0.99999994,0.99999994,0.99999994,0.0,0.0,0.90667564,0.88352585,0,1878,1911
0.21005918,0.9962191,0.0,0.99999994,0.0,0.99999994,0.0,0.0,0.55103016,0.22899818,0,380,1749
0.21893491,0.9962191,0.0,0.99999994,0.0,0.99999994,0.0,0.0,0.0,0.04185629,1,603,620
0.27218935,0.9962191,0.0,0.99999994,0.99999994,0.99999994,0.0,0.0,0.55103016,0.52028847,1,1358,1518
0.21893491,0.9962191,0.0,0.99999994,0.0,0.99999994,0.0,0.0,0.0,0.44168472,0,2361,542
0.295858,0.9962191,0.0,0.99999994,0.99999994,0.99999994,0.0,0.0,0.55103016,0.91343117,0,1980,1718
0.24556214,0.9962191,0.0,0.99999994,0.99999994,0.99999994,0.0,0.0,0.55103016,0.08979416,1,936,1426
0.26035503,0.9962191,0.0,0.99999994,0.99999994,0.99999994,0.0,0.0,0.55103016,0.4085245,1,1134,1817
0.23372781,0.9962191,0.0,0.99999994,0.99999994,0.99999994,0.0,0.0,0.55103016,0.0045752525,0,740,1308
0.2366864,0.9962191,0.0,0.99999994,0.99999994,0.99999994,0.0,0.0,0.55103016,0.23203754,0,1224,854
0.21301776,0.9962191,0.0,0.99999994,0.0,0.99999994,0.0,0.0,0.55103016,0.26231623,0,392,1819
0.20118344,0.9962191,0.0,0.99999994,0.0,0.99999994,0.0,0.0,0.55103016,0.32434797,0,187,1927
0.30177516,0.9962191,0.0,0.99999994,0.99999994,0.99999994,0.0,0.0,0.55103016,0.89809704,0,1947,1822
0.22781065,0.9962191,0.0,0.99999994,0.99999994,0.99999994,0.0,0.0,0.55103016,0.13810444,0,682,1586
0.19526628,0.9962191,0.0,0.99999994,0.0,0.99999994,0.0,0.0,0.55103016,0.047976017,0,224,1015
0.23076923,0.9962191,0.0,0.99999994,0.0,0.99999994,0.0,0.0,0.55103016,0.09096336,1,1033,766
0.23076923,0.9962191,0.0,0.99999994,0.0,0.99999994,0.0,0.0,0.55103016,0.4395442,1,1576,782
0.28402367,0.9962191,0.0,0.99999994,0.99999994,0.99999994,0.0,0.0,0.55103016,0.9378886,1,1999,1542
0.21005918,0.9962191,0.0,0.99999994,0.0,0.99999994,0.0,0.0,0.0,0.31565666,0,2245,375
0.1923077,0.9962191,0.0,0.99999994,0.0,0.99999994,0.0,0.0,0.0,0.12639475,0,1620,171
0.2366864,0.9962191,0.0,0.99999994,0.99999994,0.99999994,0.0,0.0,0.55103016,0.61833,1,1765,868
0.2514793,0.9962191,0.0,0.99999994,0.99999994,0.99999994,0.0,0.0,0.55103016,0.2202673,0,1013,1564
0.20414202,0.9962191,0.0,0.99999994,0.0,0.99999994,0.0,0.0,0.0,0.26247406,0,1994,315
0.2928994,0.9962191,0.0,0.99999994,0.99999994,0.99999994,0.0,0.0,0.55103016,0.89509344,1,1790,1726
0.25739646,0.9962191,0.0,0.99999994,0.99999994,0.99999994,0.0,0.0,0.55103016,0.25996542,1,1143,1319
0.21005918,0.9962191,0.0,0.99999994,0.0,0.99999994,0.0,0.0,0.55103016,0.027909756,0,404,1335
0.24852072,0.9962191,0.0,0.99999994,0.99999994,0.99999994,0.0,0.0,0.55103016,0.23425388,0,1001,1625
0.2366864,0.9962191,0.0,0.99999994,0.0,0.99999994,0.0,0.0,0.55103016,0.5967097,0,1971,788
0.24260356,0.9962191,0.0,0.99999994,0.99999994,0.99999994,0.0,0.0,0.55103016,0.017679214,0,917,1289
0.2514793,0.9962191,0.0,0.99999994,0.99999994,0.99999994,0.0,0.0,0.55103016,0.15341568,0,1044,1313
0.2366864,0.9962191,0.0,0.99999994,0.99999994,0.99999994,0.0,0.0,0.55103016,0.5696764,1,1706,857
0.22781065,0.9962191,0.0,0.99999994,0.99999994,0.99999994,0.0,0.0,0.55103016,0.011977196,0,731,1096
0.2514793,0.9962191,0.0,0.99999994,0.99999994,0.99999994,0.0,0.0,0.55103016,0.17143631,1,1035,1385
0.20414202,0.9962191,0.0,0.99999994,0.0,0.99999994,0.0,0.0,0.0,0.18207502,0,1476,346
0.24556214,0.9962191,0.0,0.99999994,0.99999994,0.99999994,0.0,0.0,0.55103016,0.22548914,1,1172,1001
0.2514793,0.9962191,0.0,0.99999994,0.99999994,0.99999994,0.0,0.0,0.55103016,0.13202286,1,1029,1261
0.2781065,0.9962191,0.0,0.99999994,0.99999994,0.99999994,0.0,0.0,0.55103016,0.79970074,0,1660,1490
0.26035503,0.9962191,0.0,0.99999994,0.99999994,0.99999994,0.0,0.0,0.55103016,0.34408092,1,1167,1518
0.20414202,0.9962191,0.0,0.99999994,0.0,0.99999994,0.0,0.0,0.0,0.07029486,0,346,614
0.20414202,0.9962191,0.0,0.99999994,0.0,0.99999994,0.0,0.0,0.0,0.17067432,0,1453,335
0.22189349,0.9962191,0.0,0.99999994,0.0,0.99999994,0.0,0.0,0.0,0.025896072,1,735,668
0.21301776,0.9962191,0.0,0.99999994,0.0,0.99999994,0.0,0.0,0.0,0.09706211,0,1111,487
0.1923077,0.9962191,0.0,0.99999994,0.0,0.99999994,0.0,0.0,0.0,0.1361103,0,2081,133
0.27514794,0.9962191,0.0,0.99999994,0.99999994,0.99999994,0.0,0.0,0.55103016,0.6038914,1,1458,1435
0.2781065,0.9962191,0.0,0.99999994,0.99999994,0.99999994,0.0,0.0,0.55103016,0.6054988,1,1408,1803
0.20414202,0.9962191,0.0,0.99999994,0.0,0.99999994,0.0,0.0,0.0,0.02183485,0,839,358
0.1923077,0.9962191,0.0,0.99999994,0.0,0.99999994,0.0,0.0,0.55103016,0.072962284,0,143,814
0.18934911,0.9962191,0.0,0.99999994,0.0,0.99999994,0.0,0.0,0.55103016,0.028648853,0,52,1299
0.21301776,0.9962191,0.0,0.99999994,0.0,0.99999994,0.0,0.0,0.55103016,0.03665209,0,488,915
0.2810651,0.9962191,0.0,0.99999994,0.99999994,0.99999994,0.0,0.0,0.55103016,0.66649437,1,1501,1706
0.28994083,0.9962191,0.0,0.99999994,0.99999994,0.99999994,0.0,0.0,0.55103016,0.9131341,1,1852,1662
0.26331362,0.9962191,0.0,0.99999994,0.99999994,0.99999994,0.0,0.0,0.55103016,0.34473467,1,1221,1329
0.2928994,0.9962191,0.0,0.99999994,0.99999994,0.99999994,0.0,0.0,0.55103016,0.9190202,1,1999,1684
0.23076923,0.9962191,0.0,0.99999994,0.0,0.99999994,0.0,0.0,0.55103016,0.46383667,1,1621,774
0.27218935,0.9962191,0.0,0.99999994,0.99999994,0.99999994,0.0,0.0,0.55103016,0.787086,1,1645,1410
0.22781065,0.9962191,0.0,0.99999994,0.99999994,0.99999994,0.0,0.0,0.55103016,0.2015338,0,659,1717
0.18934911,0.9962191,0.0,0.99999994,0.0,0.99999994,0.0,0.0,0.0,0.098760605,0,163,526
0.2781065,0.9962191,0.0,0.99999994,0.99999994,0.99999994,0.0,0.0,0.55103016,0.76577616,0,1624,1500
0.23076923,0.9962191,0.0,0.99999994,0.0,0.99999994,0.0,0.0,0.55103016,0.55388546,0,1831,739
0.2366864,0.9962191,0.0,0.99999994,0.99999994,0.99999994,0.0,0.0,0.55103016,0.04485798,1,955,861
0.18934911,0.9962191,0.0,0.99999994,0.0,0.99999994,0.0,0.0,0.0,0.058625698,0,631,174
0.24852072,0.9962191,0.0,0.99999994,0.99999994,0.99999994,0.0,0.0,0.55103016,0.08123207,0,979,1266
0.21893491,0.9962191,0.0,0.99999994,0.99999994,0.99999994,0.0,0.0,0.55103016,0.02103138,0,576,1091
0.25443786,0.9962191,0.0,0.99999994,0.99999994,0.99999994,0.0,0.0,0.55103016,0.19641447,1,1069,1359
0.26035503,0.9962191,0.0,0.99999994,0.99999994,0.99999994,0.0,0.0,0.55103016,0.8818307,0,1938,1194
0.28402367,0.9962191,0.0,0.99999994,0.99999994,0.99999994,0.0,0.0,0.55103016,0.9300189,1,1890,1546
0.2928994,0.9962191,0.0,0.99999994,0.99999994,0.99999994,0.0,0.0,0.55103016,0.7936206,1,1662,1756
0.2366864,0.9962191,0.0,0.99999994,0.99999994,0.99999994,0.0,0.0,0.55103016,0.1405878,0,798,1601
0.23076923,0.9962191,0.0,0.99999994,0.0,0.99999994,0.0,0.0,0.55103016,0.10996199,1,1065,757
0.18934911,0.9962191,0.0,0.99999994,0.0,0.99999994,0.0,0.0,0.0,0.083815575,0,1548,108
0.25739646,0.9962191,0.0,0.99999994,0.99999994,0.99999994,0.0,0.0,0.55103016,0.34218264,1,1143,1583
0.2366864,0.9962191,0.0,0.99999994,0.99999994,0.99999994,0.0,0.0,0.55103016,0.04407072,1,954,858
0.23964497,0.9962191,0.0,0.99999994,0.99999994,0.99999994,0.0,0.0,0.55103016,0.010089397,1,845,1329
0.20118344,0.9962191,0.0,0.99999994,0.0,0.99999994,0.0,0.0,0.0,0.07577038,0,458,334
0.21597633,0.9962191,0.0,0.99999994,0.0,0.99999994,0.0,0.0,0.55103016,0.2351389,0,460,1769
0.22781065,0.9962191,0.0,0.99999994,0.0,0.99999994,0.0,0.0,0.0,0.11858082,1,1089,711
0.22189349,0.9962191,0.0,0.99999994,0.0,0.99999994,0.0,0.0,0.0,0.019627094,1,796,666
0.22485207,0.9962191,0.0,0.99999994,0.0,0.99999994,0.0,0.0,0.0,0.10364771,1,1074,661
0.23076923,0.9962191,0.0,0.99999994,0.0,0.99999994,0.0,0.0,0.55103016,0.34412146,1,1428,780
0.2514793,0.9962191,0.0,0.99999994,0.99999994,0.99999994,0.0,0.0,0.55103016,0.6910734,1,1692,1070
0.2514793,0.9962191,0.0,0.99999994,0.99999994,0.99999994,0.0,0.0,0.55103016,0.7554312,1,1770,1065
0.19822486,0.9962191,0.0,0.99999994,0.0,0.99999994,0.0,0.0,0.55103016,0.21350718,0,187,1700
0.22189349,0.9962191,0.0,0.99999994,0.0,0.99999994,0.0,0.0,0.0,0.44713354,0,1765,614
0.21301776,0.9962191,0.0,0.99999994,0.0,0.99999994,0.0,0.0,0.0,0.3677535,0,2346,441
0.2366864,0.9962191,0.0,0.99999994,0.99999994,0.99999994,0.0,0.0,0.55103016,0.040483475,1,801,1390
0.20118344,0.9962191,0.0,0.99999994,0.0,0.99999994,0.0,0.0,0.0,0.0595932,0,569,346
0.21893491,0.9962191,0.0,0.99999994,0.0,0.99999994,0.0,0.0,0.0,0.083676815,0,1053,581
0.28994083,0.9962191,0.0,0.99999994,0.99999994,0.99999994,0.0,0.0,0.96398234,0.72927856,0,1573,1890
0.2071006,0.9962191,0.0,0.99999994,0.0,0.99999994,0.0,0.0,0.0,0.29808235,0,1896,371
0.26923078,0.9962191,0.0,0.99999994,0.99999994,0.99999994,0.0,0.0,0.55103016,0.50116444,1,1250,1852
0.21005918,0.9962191,0.0,0.99999994,0.0,0.99999994,0.0,0.0,0.0,0.041458607,1,654,497
0.25443786,0.9962191,0.0,0.99999994,0.99999994,0.99999994,0.0,0.0,0.55103016,0.22232914,1,1073,1420
0.28698224,0.9962191,0.0,0.99999994,0.99999994,0.99999994,0.0,0.0,0.55103016,0.7454982,1,1601,1619
0.2071006,0.9962191,0.0,0.99999994,0.0,0.99999994,0.0,0.0,0.0,0.30913258,0,2244,366
0.24260356,0.9962191,0.0,0.99999994,0.99999994,0.99999994,0.0,0.0,0.55103016,0.044035435,0,948,1035
0.24556214,0.9962191,0.0,0.99999994,0.99999994,0.99999994,0.0,0.0,0.55103016,0.07504845,1,921,1426
0.28698224,0.9962191,0.0,0.99999994,0.99999994,0.99999994,0.0,0.0,0.87354845,0.94486856,0,2166,1572
0.28402367,0.9962191,0.0,0.99999994,0.99999994,0.99999994,0.0,0.0,0.55103016,0.84153605,1,1711,1589
0.28698224,0.9962191,0.0,0.99999994,0.99999994,0.99999994,0.0,0.0,0.55103016,0.83668137,0,1708,1626
0.26923078,0.9962191,0.0,0.99999994,0.99999994,0.99999994,0.0,0.0,0.55103016,0.85116863,1,1706,1351
0.23372781,0.9962191,0.0,0.99999994,0.0,0.99999994,0.0,0.0,0.55103016,0.59503317,1,2026,781
0.18639053,0.9962191,0.0,0.99999994,0.0,0.99999994,0.0,0.0,0.0,0.08569956,1,485,107
0.1923077,0.9962191,0.0,0.99999994,0.0,0.99999994,0.0,0.0,0.0,0.086414814,0,433,226
0.25739646,0.9962191,0.0,0.99999994,0.99999994,0.99999994,0.0,0.0,0.55103016,0.55554104,1,1478,1183
0.29881656,0.9962191,0.0,0.99999994,0.99999994,0.99999994,0.0,0.0,0.94466174,0.8226142,0,1707,1848
0.23964497,0.9962191,0.0,0.99999994,0.99999994,0.99999994,0.0,0.0,0.55103016,0.5181842,1,1599,900
0.30473372,0.9962191,0.0,0.99999994,0.99999994,0.99999994,0.0,0.0,0.9275563,0.8754482,1,1791,1904
0.19822486,0.9962191,0.0,0.99999994,0.0,0.99999994,0.0,0.0,0.55103016,0.20996237,0,213,1695
0.1923077,0.9962191,0.0,0.99999994,0.0,0.99999994,0.0,0.0,0.55103016,0.0444808,0,167,1091
0.23372781,0.9962191,0.0,0.99999994,0.0,0.99999994,0.0,0.0,0.55103016,0.42895746,1,1550,794
0.21301776,0.9962191,0.0,0.99999994,0.0,0.99999994,0.0,0.0,0.0,0.059283733,1,473,567
0.23964497,0.9962191,0.0,0.99999994,0.99999994,0.99999994,0.0,0.0,0.55103016,0.5792651,0,1701,878
0.18639053,0.9962191,0.0,0.99999994,0.0,0.99999994,0.0,0.0,0.0,0.12224531,1,261,112
0.2514793,0.9962191,0.0,0.99999994,0.99999994,0.99999994,0.0,0.0,0.55103016,0.15915775,1,1054,1276
0.2662722,0.9962191,0.0,0.99999994,0.99999994,0.99999994,0.0,0.0,0.55103016,0.47829103,1,1238,1794
0.22485207,0.9962191,0.0,0.99999994,0.0,0.99999994,0.0,0.0,0.0,0.5094967,0,2193,648
0.25739646,0.9962191,0.0,0.99999994,0.99999994,0.99999994,0.0,0.0,0.55103016,0.3783884,0,1065,1872
0.2366864,0.9962191,0.0,0.99999994,0.99999994,0.99999994,0.0,0.0,0.55103016,0.008068085,0,841,987
0.23076923,0.9962191,0.0,0.99999994,0.0,0.99999994,0.0,0.0,0.55103016,0.39783955,1,1541,743
0.24556214,0.9962191,0.0,0.99999994,0.99999994,0.99999994,0.0,0.0,0.55103016,0.7330842,0,2112,967
0.28402367,0.9962191,0.0,0.99999994,0.99999994,0.99999994,0.0,0.0,0.55103016,0.7108774,1,1558,1676
0.20414202,0.9962191,0.0,0.99999994,0.0,0.99999994,0.0,0.0,0.55103016,0.2550311,0,263,1792
0.21005918,0.9962191,0.0,0.99999994,0.0,0.99999994,0.0,0.0,0.0,0.05456543,0,1014,444
0.19526628,0.9962191,0.0,0.99999994,0.0,0.99999994,0.0,0.0,0.0,0.06915045,0,535,258
0.18934911,0.9962191,0.0,0.99999994,0.0,0.99999994,0.0,0.0,0.55103016,0.25096178,0,35,1763
0.26331362,0.9962191,0.0,0.99999994,0.99999994,0.99999994,0.0,0.0,0.55103016,0.89335775,1,1806,1225
0.23372781,0.9962191,0.0,0.99999994,0.0,0.99999994,0.0,0.0,0.55103016,0.5844698,0,2198,752
0.23964497,0.9962191,0.0,0.99999994,0.99999994,0.99999994,0.0,0.0,0.55103016,0.010762215,1,867,1332
0.26035503,0.9962191,0.0,0.99999994,0.99999994,0.99999994,0.0,0.0,0.55103016,0.6689596,0,1574,1224
0.19822486,0.9962191,0.0,0.99999994,0.0,0.99999994,0.0,0.0,0.0,0.07971525,0,236,644
0.24260356,0.9962191,0.0,0.99999994,0.99999994,0.99999994,0.0,0.0,0.55103016,0.05992174,0,915,1406
0.0,0.0,0.0,0.0,0.0,0.0,0.0,0.0,0.0,0.033013344,0,1540,7
0.30769232,0.9962191,0.0,0.99999994,0.99999994,0.99999994,0.0,0.0,0.9134733,0.8824158,1,1850,1910
0.27514794,0.9962191,0.0,0.99999994,0.99999994,0.99999994,0.0,0.0,0.55103016,0.5682225,1,1414,1490
0.24556214,0.9962191,0.0,0.99999994,0.99999994,0.99999994,0.0,0.0,0.55103016,0.1704688,0,1110,971
0.23076923,0.9962191,0.0,0.99999994,0.99999994,0.99999994,0.0,0.0,0.55103016,0.22022057,1,679,1758
0.18934911,0.9962191,0.0,0.99999994,0.0,0.99999994,0.0,0.0,0.0,0.06748676,0,578,164
0.1923077,0.9962191,0.0,0.99999994,0.0,0.99999994,0.0,0.0,0.55103016,0.07417917,1,164,782
0.24852072,0.9962191,0.0,0.99999994,0.99999994,0.99999994,0.0,0.0,0.55103016,0.23535872,0,998,1634
0.2810651,0.9962191,0.0,0.99999994,0.99999994,0.99999994,0.0,0.0,0.55103016,0.8854294,1,1757,1550
0.2366864,0.9962191,0.0,0.99999994,0.99999994,0.99999994,0.0,0.0,0.55103016,0.008215427,0,861,908
0.28402367,0.9962191,0.0,0.99999994,0.99999994,0.99999994,0.0,0.0,0.55103016,0.93223953,1,1882,1524
0.23076923,0.9962191,0.0,0.99999994,0.99999994,0.99999994,0.0,0.0,0.55103016,0.0063643456,1,716,1280
0.23372781,0.9962191,0.0,0.99999994,0.99999994,0.99999994,0.0,0.0,0.55103016,0.0076565742,0,822,1060
0.2781065,0.9962191,0.0,0.99999994,0.99999994,0.99999994,0.0,0.0,0.55103016,0.93267345,1,1816,1483
0.23076923,0.9962191,0.0,0.99999994,0.0,0.99999994,0.0,0.0,0.55103016,0.21108675,1,1219,781
0.0,0.0,0.0,0.0,0.0,0.0,0.0,0.0,0.0,0.019344807,0,925,7
0.1923077,0.9962191,0.0,0.99999994,0.0,0.99999994,0.0,0.0,0.0,0.084775925,1,150,686
0.24556214,0.9962191,0.0,0.99999994,0.99999994,0.99999994,0.0,0.0,0.55103016,0.19148207,1,1134,983
0.28698224,0.9962191,0.0,0.99999994,0.99999994,0.99999994,0.0,0.0,0.55103016,0.7237892,1,1570,1777
0.18639053,0.9962191,0.0,0.99999994,0.0,0.99999994,0.0,0.0,0.0,0.09650755,1,69,653
0.2514793,0.9962191,0.0,0.99999994,0.99999994,0.99999994,0.0,0.0,0.55103016,0.2647786,0,1015,1672
0.21005918,0.9962191,0.0,0.99999994,0.0,0.99999994,0.0,0.0,0.55103016,0.024235249,0,410,1183
0.2662722,0.9962191,0.0,0.99999994,0.99999994,0.99999994,0.0,0.0,0.55103016,0.45288086,1,1247,1662
0.2810651,0.9962191,0.0,0.99999994,0.99999994,0.99999994,0.0,0.0,0.55103016,0.7628484,1,1621,1542
0.30473372,0.9962191,0.0,0.99999994,0.99999994,0.99999994,0.0,0.0,0.901101,0.89174795,1,1885,1848
0.18934911,0.9962191,0.0,0.99999994,0.0,0.99999994,0.0,0.0,0.0,0.11287022,0,1797,113
0.8668639,0.99703676,0.9885941,0.99999994,0.99999994,0.99999994,0.0,0.0,0.84221095,0.90243816,0,2386,1933
0.23964497,0.9962191,0.0,0.99999994,0.99999994,0.99999994,0.0,0.0,0.55103016,0.65938854,0,2088,866
0.25739646,0.9962191,0.0,0.99999994,0.99999994,0.99999994,0.0,0.0,0.55103016,0.85035515,0,2248,1117
0.25443786,0.9962191,0.0,0.99999994,0.99999994,0.99999994,0.0,0.0,0.55103016,0.83827543,0,2359,1089
0.29881656,0.9962191,0.0,0.99999994,0.99999994,0.99999994,0.0,0.0,0.55103016,0.91044664,1,2010,1753
0.27218935,0.9962191,0.0,0.99999994,0.99999994,0.99999994,0.0,0.0,0.55103016,0.6572633,1,1514,1415
0.2928994,0.9962191,0.0,0.99999994,0.99999994,0.99999994,0.0,0.0,0.86076516,0.9313054,1,2160,1664
0.24260356,0.9962191,0.0,0.99999994,0.99999994,0.99999994,0.0,0.0,0.55103016,0.12875366,1,881,1583
0.23076923,0.9962191,0.0,0.99999994,0.0,0.99999994,0.0,0.0,0.55103016,0.2329998,0,1255,777
0.28698224,0.9962191,0.0,0.99999994,0.99999994,0.99999994,0.0,0.0,0.55103016,0.71076775,1,1554,1753
0.28402367,0.9962191,0.0,0.99999994,0.99999994,0.99999994,0.0,0.0,0.55103016,0.8798003,1,1755,1592
0.21005918,0.9962191,0.0,0.99999994,0.0,0.99999994,0.0,0.0,0.0,0.06391811,1,440,554
0.2781065,0.9962191,0.0,0.99999994,0.99999994,0.99999994,0.0,0.0,0.55103016,0.6045065,1,1450,1512
0.25739646,0.9962191,0.0,0.99999994,0.99999994,0.99999994,0.0,0.0,0.55103016,0.22800446,1,1117,1300
0.18639053,0.9962191,0.0,0.99999994,0.0,0.99999994,0.0,0.0,0.0,0.07696962,0,1763,65
0.2781065,0.9962191,0.0,0.99999994,0.99999994,0.99999994,0.0,0.0,0.55103016,0.68526363,1,1538,1497
0.22781065,0.9962191,0.0,0.99999994,0.99999994,0.99999994,0.0,0.0,0.55103016,0.13743019,0,675,1584
0.28402367,0.9962191,0.0,0.99999994,0.99999994,0.99999994,0.0,0.0,0.55103016,0.93033314,1,1929,1564
0.19822486,0.9962191,0.0,0.99999994,0.0,0.99999994,0.0,0.0,0.0,0.13642025,0,1454,254
0.21005918,0.9962191,0.0,0.99999994,0.0,0.99999994,0.0,0.0,0.0,0.041754246,1,661,469
0.2514793,0.9962191,0.0,0.99999994,0.99999994,0.99999994,0.0,0.0,0.55103016,0.15187931,0,1045,1296
0.24852072,0.9962191,0.0,0.99999994,0.99999994,0.99999994,0.0,0.0,0.55103016,0.2552991,1,946,1779
0.739645,0.99688184,0.9975502,0.99999994,0.99999994,0.99999994,0.0,0.0,0.84301853,0.896101,0,2309,1953
0.24260356,0.9962191,0.0,0.99999994,0.99999994,0.99999994,0.0,0.0,0.55103016,0.16443014,0,897,1660
0.2810651,0.9962191,0.0,0.99999994,0.99999994,0.99999994,0.0,0.0,0.55103016,0.6565013,1,1500,1586
0.2514793,0.9962191,0.0,0.99999994,0.99999994,0.99999994,0.0,0.0,0.55103016,0.2734542,1,1047,1625
0.18934911,0.9962191,0.0,0.99999994,0.0,0.99999994,0.0,0.0,0.0,0.070176125,1,564,155
0.23372781,0.9962191,0.0,0.99999994,0.99999994,0.99999994,0.0,0.0,0.55103016,0.1918068,1,775,1707
0.8698225,0.9973039,0.9945426,0.99999994,0.99999994,0.99999994,0.0,0.0,0.8421494,0.90155363,1,2380,1937
0.2071006,0.9962191,0.0,0.99999994,0.0,0.99999994,0.0,0.0,0.55103016,0.024406433,0,333,1228
0.21005918,0.9962191,0.0,0.99999994,0.0,0.99999994,0.0,0.0,0.0,0.06085348,1,468,551
0.18639053,0.9962191,0.0,0.99999994,0.0,0.99999994,0.0,0.0,0.55103016,0.04523325,0,4,1167
0.26035503,0.9962191,0.0,0.99999994,0.99999994,0.99999994,0.0,0.0,0.55103016,0.4251461,0,1136,1865
0.2781065,0.9962191,0.0,0.99999994,0.99999994,0.99999994,0.0,0.0,0.9799889,0.5920925,1,1382,1840
0.23372781,0.9962191,0.0,0.99999994,0.99999994,0.99999994,0.0,0.0,0.55103016,0.0065250397,0,775,1199
0.26035503,0.9962191,0.0,0.99999994,0.99999994,0.99999994,0.0,0.0,0.55103016,0.89362764,0,2258,1176
0.23372781,0.9962191,0.0,0.99999994,0.99999994,0.99999994,0.0,0.0,0.55103016,0.19840145,0,743,1718
0.25443786,0.9962191,0.0,0.99999994,0.99999994,0.99999994,0.0,0.0,0.55103016,0.36719036,0,1028,1909
0.23076923,0.9962191,0.0,0.99999994,0.0,0.99999994,0.0,0.0,0.55103016,0.35448647,1,1469,744
0.2662722,0.9962191,0.0,0.99999994,0.99999994,0.99999994,0.0,0.0,0.55103016,0.45546532,1,1243,1686
0.2366864,0.9962191,0.0,0.99999994,0.99999994,0.99999994,0.0,0.0,0.55103016,0.20359707,1,1190,832
0.18934911,0.9962191,0.0,0.99999994,0.0,0.99999994,0.0,0.0,0.0,0.07038307,1,564,151
0.21005918,0.9962191,0.0,0.99999994,0.0,0.99999994,0.0,0.0,0.0,0.05318737,0,559,495
0.18639053,0.9962191,0.0,0.99999994,0.0,0.99999994,0.0,0.0,0.55103016,0.0812521,0,57,807
0.28994083,0.9962191,0.0,0.99999994,0.99999994,0.99999994,0.0,0.0,0.55103016,0.9253483,0,1958,1617
0.20414202,0.9962191,0.0,0.99999994,0.0,0.99999994,0.0,0.0,0.55103016,0.058465958,0,327,793
0.2662722,0.9962191,0.0,0.99999994,0.99999994,0.99999994,0.0,0.0,0.55103016,0.47054338,0,1346,1305
0.19822486,0.9962191,0.0,0.99999994,0.0,0.99999994,0.0,0.0,0.55103016,0.058338642,0,238,886
0.18639053,0.9962191,0.0,0.99999994,0.0,0.99999994,0.0,0.0,0.0,0.10812998,1,123,480
0.25443786,0.9962191,0.0,0.99999994,0.99999994,0.99999994,0.0,0.0,0.55103016,0.3164978,1,1017,1799
0.2071006,0.9962191,0.0,0.99999994,0.0,0.99999994,0.0,0.0,0.0,0.03173065,1,746,449
0.2928994,0.9962191,0.0,0.99999994,0.99999994,0.99999994,0.0,0.0,0.86607784,0.9361973,0,2332,1699
0.21893491,0.9962191,0.0,0.99999994,0.0,0.99999994,0.0,0.0,0.0,0.024226189,1,929,578
0.22189349,0.9962191,0.0,0.99999994,0.0,0.99999994,0.0,0.0,0.0,0.09358311,1,1064,621
0.19526628,0.9962191,0.0,0.99999994,0.0,0.99999994,0.0,0.0,0.55103016,0.071997166,0,200,770
0.1923077,0.9962191,0.0,0.99999994,0.0,0.99999994,0.0,0.0,0.55103016,0.08128548,0,130,1425
0.19526628,0.9962191,0.0,0.99999994,0.0,0.99999994,0.0,0.0,0.0,0.09511423,0,256,439
0.28698224,0.9962191,0.0,0.99999994,0.99999994,0.99999994,0.0,0.0,0.55103016,0.9421358,0,2133,1576
0.21301776,0.9962191,0.0,0.99999994,0.0,0.99999994,0.0,0.0,0.55103016,0.10019541,0,422,1486
0.18047337,0.9962191,0.0,0.99999994,0.0,0.99999994,0.0,0.0,0.0,0.1418252,1,42,263
0.27514794,0.9962191,0.0,0.99999994,0.99999994,0.99999994,0.0,0.0,0.55103016,0.58839846,0,1412,1654
0.22189349,0.9962191,0.0,0.99999994,0.0,0.99999994,0.0,0.0,0.0,0.12788391,1,1125,640
0.22189349,0.9962191,0.0,0.99999994,0.0,0.99999994,0.0,0.0,0.0,0.028111935,1,717,658
0.6183432,0.9980657,0.99352425,0.99999994,0.99999994,0.99999994,0.0,0.0,0.8426485,0.906003,1,2237,1866
0.22485207,0.9962191,0.0,0.99999994,0.0,0.99999994,0.0,0.0,0.0,0.4519248,0,1719,658
0.26331362,0.9962191,0.0,0.99999994,0.99999994,0.99999994,0.0,0.0,0.55103016,0.4028864,1,1220,1556
0.2366864,0.9962191,0.0,0.99999994,0.99999994,0.99999994,0.0,0.0,0.55103016,0.4646368,1,1555,858
0.2781065,0.9962191,0.0,0.99999994,0.99999994,0.99999994,0.0,0.0,0.55103016,0.6486664,1,1498,1508
0.20118344,0.9962191,0.0,0.99999994,0.0,0.99999994,0.0,0.0,0.0,0.017779827,0,877,291
0.22485207,0.9962191,0.0,0.99999994,0.99999994,0.99999994,0.0,0.0,0.55103016,0.025129795,0,662,871
0.22781065,0.9962191,0.0,0.99999994,0.0,0.99999994,0.0,0.0,0.0,0.5482998,0,2387,687
0.30177516,0.9962191,0.0,0.99999994,0.99999994,0.99999994,0.0,0.0,0.86696947,0.9006529,1,2020,1830
0.20118344,0.9962191,0.0,0.99999994,0.0,0.99999994,0.0,0.0,0.0,0.02184248,0,928,327
0.24260356,0.9962191,0.0,0.99999994,0.99999994,0.99999994,0.0,0.0,0.55103016,0.63500977,1,1711,955
0.20118344,0.9962191,0.0,0.99999994,0.0,0.99999994,0.0,0.0,0.55103016,0.16450357,0,276,1607
0.21893491,0.9962191,0.0,0.99999994,0.0,0.99999994,0.0,0.0,0.0,0.044089794,1,576,634
0.23076923,0.9962191,0.0,0.99999994,0.0,0.99999994,0.0,0.0,0.55103016,0.2989707,1,1365,766
0.22189349,0.9962191,0.0,0.99999994,0.0,0.99999994,0.0,0.0,0.0,0.03656721,0,640,649
0.23964497,0.9962191,0.0,0.99999994,0.99999994,0.99999994,0.0,0.0,0.55103016,0.25808954,0,809,1850
0.20118344,0.9962998,0.9961945,0.99999994,0.0,0.99999994,0.0,0.0,0.0,0.13673735,0,1344,326
0.1923077,0.9962191,0.0,0.99999994,0.0,0.99999994,0.0,0.0,0.55103016,0.1948371,0,131,1657
0.24852072,0.9962191,0.0,0.99999994,0.99999994,0.99999994,0.0,0.0,0.55103016,0.4458027,1,1416,1056
0.18934911,0.9962191,0.0,0.99999994,0.0,0.99999994,0.0,0.0,0.0,0.097875595,0,119,587
0.20118344,0.9962191,0.0,0.99999994,0.0,0.99999994,0.0,0.0,0.0,0.10302496,0,1256,291
0.22189349,0.9962191,0.0,0.99999994,0.0,0.99999994,0.0,0.0,0.0,0.022668362,0,767,665
0.22189349,0.9962191,0.0,0.99999994,0.0,0.99999994,0.0,0.0,0.0,0.4503498,0,1792,599
0.21301776,0.9962191,0.0,0.99999994,0.0,0.99999994,0.0,0.0,0.0,0.031193256,0,948,489
0.25739646,0.9962191,0.0,0.99999994,0.99999994,0.99999994,0.0,0.0,0.55103016,0.53573704,1,1456,1186
0.26923078,0.9962191,0.0,0.99999994,0.99999994,0.99999994,0.0,0.0,0.55103016,0.44969988,1,1291,1477
0.21893491,0.9962191,0.0,0.99999994,0.0,0.99999994,0.0,0.0,0.0,0.44908047,0,2393,550
0.22781065,0.9962191,0.0,0.99999994,0.99999994,0.99999994,0.0,0.0,0.55103016,0.0077877045,0,675,1282
0.24852072,0.9962191,0.0,0.99999994,0.99999994,0.99999994,0.0,0.0,0.55103016,0.61402893,1,1622,1041
0.23076923,0.9962191,0.0,0.99999994,0.0,0.99999994,0.0,0.0,0.55103016,0.29433203,1,1351,778
0.25443786,0.9962191,0.0,0.99999994,0.99999994,0.99999994,0.0,0.0,0.55103016,0.31075716,1,1094,1617
0.28402367,0.9962191,0.0,0.99999994,0.99999994,0.99999994,0.0,0.0,0.8941413,0.96110725,0,2338,1540
0.28402367,0.9962191,0.0,0.99999994,0.99999994,0.99999994,0.0,0.0,0.97339493,0.6627345,0,1477,1874
0.26923078,0.9962191,0.0,0.99999994,0.99999994,0.99999994,0.0,0.0,0.55103016,0.73457,1,1593,1355
0.2366864,0.9962191,0.0,0.99999994,0.99999994,0.99999994,0.0,0.0,0.55103016,0.30111027,0,1315,872
0.18639053,0.9962191,0.0,0.99999994,0.0,0.99999994,0.0,0.0,0.0,0.089547634,0,459,114
0.24260356,0.9962191,0.0,0.99999994,0.99999994,0.99999994,0.0,0.0,0.55103016,0.01726818,0,901,1345
0.18639053,0.9962191,0.0,0.99999994,0.0,0.99999994,0.0,0.0,0.55103016,0.077899456,0,33,1411
0.2071006,0.9962191,0.0,0.99999994,0.0,0.99999994,0.0,0.0,0.0,0.028431416,0,775,435
0.18934911,0.9962191,0.0,0.99999994,0.0,0.99999994,0.0,0.0,0.0,0.11802673,0,1752,128
0.2366864,0.9962191,0.0,0.99999994,0.99999994,0.99999994,0.0,0.0,0.55103016,0.17734146,0,1146,852
0.25739646,0.9962191,0.0,0.99999994,0.99999994,0.99999994,0.0,0.0,0.55103016,0.3559494,0,1096,1744
0.26331362,0.9962191,0.0,0.99999994,0.99999994,0.99999994,0.0,0.0,0.55103016,0.44664526,1,1229,1696
0.21005918,0.9962191,0.0,0.99999994,0.0,0.99999994,0.0,0.0,0.0,0.1010437,0,1141,441
0.2781065,0.9962191,0.0,0.99999994,0.99999994,0.99999994,0.0,0.0,0.55103016,0.60591936,0,1420,1738
0.19526628,0.9962191,0.0,0.99999994,0.0,0.99999994,0.0,0.0,0.55103016,0.06046629,0,179,1386
0.30177516,0.9962191,0.0,0.99999994,0.99999994,0.99999994,0.0,0.0,0.92423517,0.8825846,1,1795,1866
0.2928994,0.9962191,0.0,0.99999994,0.99999994,0.99999994,0.0,0.0,0.55103016,0.8167124,1,1690,1722
0.21005918,0.9962191,0.0,0.99999994,0.0,0.99999994,0.0,0.0,0.0,0.06320286,1,426,589
0.24260356,0.9962191,0.0,0.99999994,0.99999994,0.99999994,0.0,0.0,0.55103016,0.6525402,1,1742,945
0.2071006,0.9962191,0.0,0.99999994,0.0,0.99999994,0.0,0.0,0.0,0.060291767,1,413,653
0.22189349,0.9962191,0.0,0.99999994,0.0,0.99999994,0.0,0.0,0.0,0.1261015,1,1121,642
0.20414202,0.9962191,0.0,0.99999994,0.0,0.99999994,0.0,0.0,0.55103016,0.054227352,0,333,841
0.2514793,0.9962191,0.0,0.99999994,0.99999994,0.99999994,0.0,0.0,0.55103016,0.7057409,0,1706,1074
0.22781065,0.9962191,0.0,0.99999994,0.0,0.99999994,0.0,0.0,0.0,0.30380917,0,1415,699
0.23964497,0.9962191,0.0,0.99999994,0.99999994,0.99999994,0.0,0.0,0.55103016,0.01603651,1,837,1341
0.2662722,0.9962191,0.0,0.99999994,0.99999994,0.99999994,0.0,0.0,0.55103016,0.45554972,0,1228,1734
0.22781065,0.9962191,0.0,0.99999994,0.0,0.99999994,0.0,0.0,0.0,0.024896622,0,928,729
0.25443786,0.9962191,0.0,0.99999994,0.99999994,0.99999994,0.0,0.0,0.55103016,0.7924638,0,1827,1079
0.2810651,0.9962191,0.0,0.99999994,0.99999994,0.99999994,0.0,0.0,0.55103016,0.8666878,1,1735,1536
0.24556214,0.9962191,0.0,0.99999994,0.99999994,0.99999994,0.0,0.0,0.55103016,0.09077692,1,937,1426
0.20118344,0.9962191,0.0,0.99999994,0.0,0.99999994,0.0,0.0,0.0,0.060980797,0,1090,285
0.1923077,0.9962191,0.0,0.99999994,0.0,0.99999994,0.0,0.0,0.55103016,0.30378246,0,52,1872
0.21005918,0.9962191,0.0,0.99999994,0.0,0.99999994,0.0,0.0,0.0,0.05776739,1,448,635
0.20118344,0.9962191,0.0,0.99999994,0.0,0.99999994,0.0,0.0,0.0,0.2265768,0,2232,252
0.23964497,0.9962191,0.0,0.99999994,0.99999994,0.99999994,0.0,0.0,0.55103016,0.17321348,0,845,1674
0.26331362,0.9962191,0.0,0.99999994,0.99999994,0.99999994,0.0,0.0,0.55103016,0.43643236,1,1209,1718
0.21005918,0.9962191,0.0,0.99999994,0.0,0.99999994,0.0,0.0,0.0,0.046753407,0,616,483
0.20414202,0.9962191,0.0,0.99999994,0.0,0.99999994,0.0,0.0,0.55103016,0.046364307,0,332,944
0.21597633,0.9962191,0.0,0.99999994,0.0,0.99999994,0.0,0.0,0.0,0.01744175,1,843,539
0.18639053,0.9962191,0.0,0.99999994,0.0,0.99999994,0.0,0.0,0.0,0.08464956,1,491,108
0.18934911,0.9962191,0.0,0.99999994,0.0,0.99999994,0.0,0.0,0.0,0.09741926,0,2295,70
0.26923078,0.9962191,0.0,0.99999994,0.99999994,0.99999994,0.0,0.0,0.55103016,0.4852872,1,1319,1523
0.24852072,0.9962191,0.0,0.99999994,0.99999994,0.99999994,0.0,0.0,0.55103016,0.18440628,1,984,1540
0.23964497,0.9962191,0.0,0.99999994,0.99999994,0.99999994,0.0,0.0,0.55103016,0.16346359,1,1115,901
0.19526628,0.9962191,0.0,0.99999994,0.0,0.99999994,0.0,0.0,0.0,0.17890263,0,2185,188
0.21597633,0.9962191,0.0,0.99999994,0.0,0.99999994,0.0,0.0,0.0,0.0359807,0,672,579
0.28402367,0.9962191,0.0,0.99999994,0.99999994,0.99999994,0.0,0.0,0.55103016,0.9304657,1,1931,1564
0.23964497,0.9962191,0.0,0.99999994,0.99999994,0.99999994,0.0,0.0,0.55103016,0.052176,0,858,1419
0.24852072,0.9962191,0.0,0.99999994,0.99999994,0.99999994,0.0,0.0,0.55103016,0.39265442,1,1361,1039
0.30177516,0.9962191,0.0,0.99999994,0.99999994,0.99999994,0.0,0.0,0.93768483,0.8513675,1,1762,1953
0.2928994,0.9962191,0.0,0.99999994,0.99999994,0.99999994,0.0,0.0,0.55103016,0.92368555,0,2067,1679
0.21597633,0.9962191,0.0,0.99999994,0.0,0.99999994,0.0,0.0,0.0,0.37491798,0,1895,480
0.26923078,0.9962191,0.0,0.99999994,0.99999994,0.99999994,0.0,0.0,0.55103016,0.5053654,0,1298,1711
0.24556214,0.9962191,0.0,0.99999994,0.99999994,0.99999994,0.0,0.0,0.55103016,0.048671722,1,947,1276
0.18639053,0.9962191,0.0,0.99999994,0.0,0.99999994,0.0,0.0,0.0,0.13409853,1,97,259
0.18343195,0.9962191,0.0,0.99999994,0.0,0.99999994,0.0,0.0,0.0,0.14286041,1,89,186
0.26923078,0.9962191,0.0,0.99999994,0.99999994,0.99999994,0.0,0.0,0.55103016,0.976861,0,2218,1296
0.26923078,0.9962191,0.0,0.99999994,0.99999994,0.99999994,0.0,0.0,0.55103016,0.99081564,0,2362,1299
0.28698224,0.9962191,0.0,0.99999994,0.99999994,0.99999994,0.0,0.0,0.55103016,0.9233465,0,1892,1600
0.2071006,0.9962191,0.0,0.99999994,0.0,0.99999994,0.0,0.0,0.0,0.061306953,0,394,667
0.18934911,0.9962998,0.9961945,0.99999994,0.0,0.99999994,0.0,0.0,0.0,0.1070714,1,182,413
0.2366864,0.9962191,0.0,0.99999994,0.99999994,0.99999994,0.0,0.0,0.55103016,0.09197378,1,1025,837
0.20414202,0.9962191,0.0,0.99999994,0.0,0.99999994,0.0,0.0,0.55103016,0.20973778,0,287,1701
0.24556214,0.9962191,0.0,0.99999994,0.99999994,0.99999994,0.0,0.0,0.55103016,0.04660654,1,945,1276
0.30769232,0.9962191,0.0,0.99999994,0.99999994,0.99999994,0.0,0.0,0.89950883,0.8826046,1,1912,1930
0.28698224,0.9962191,0.0,0.99999994,0.99999994,0.99999994,0.0,0.0,0.96209025,0.7037387,1,1540,1827
0.23372781,0.9962191,0.0,0.99999994,0.0,0.99999994,0.0,0.0,0.55103016,0.10541916,1,1052,790
0.21893491,0.9962191,0.0,0.99999994,0.0,0.99999994,0.0,0.0,0.0,0.16153908,0,1214,584
0.26331362,0.9962191,0.0,0.99999994,0.99999994,0.99999994,0.0,0.0,0.55103016,0.8955984,1,1762,1284
0.20118344,0.9962191,0.0,0.99999994,0.0,0.99999994,0.0,0.0,0.0,0.08761501,0,346,385
0.24260356,0.9962191,0.0,0.99999994,0.99999994,0.99999994,0.0,0.0,0.55103016,0.6770997,0,2220,879
0.21005918,0.9962191,0.0,0.99999994,0.0,0.99999994,0.0,0.0,0.55103016,0.15740252,0,380,1601
0.25739646,0.9962191,0.0,0.99999994,0.99999994,0.99999994,0.0,0.0,0.55103016,0.39294243,1,1097,1850
0.21005918,0.9962191,0.0,0.99999994,0.0,0.99999994,0.0,0.0,0.0,0.06411934,1,436,558
0.23964497,0.9962191,0.0,0.99999994,0.99999994,0.99999994,0.0,0.0,0.55103016,0.61222553,1,1716,913
0.19526628,0.9962191,0.0,0.99999994,0.0,0.99999994,0.0,0.0,0.55103016,0.26610374,0,114,1801
0.27218935,0.9962998,0.9961945,0.99999994,0.99999994,0.99999994,0.0,0.0,0.55103016,0.9470415,1,1823,1369
0.21893491,0.9962191,0.0,0.99999994,0.0,0.99999994,0.0,0.0,0.0,0.32695436,0,1585,559
0.18343195,0.9962191,0.0,0.99999994,0.0,0.99999994,0.0,0.0,0.0,0.10764742,0,4,615
0.2662722,0.9962191,0.0,0.99999994,0.99999994,0.99999994,0.0,0.0,0.55103016,0.96362686,0,2250,1274
0.18047337,0.9962191,0.0,0.99999994,0.0,0.99999994,0.0,0.0,0.0,0.103729725,1,413,17
0.24260356,0.9962191,0.0,0.99999994,0.99999994,0.99999994,0.0,0.0,0.55103016,0.34163523,1,1343,933
0.23372781,0.9962191,0.0,0.99999994,0.0,0.99999994,0.0,0.0,0.55103016,0.26682806,1,1302,790
0.25443786,0.9962191,0.0,0.99999994,0.99999994,0.99999994,0.0,0.0,0.55103016,0.7933774,0,1898,1073
0.30177516,0.9962191,0.0,0.99999994,0.99999994,0.99999994,0.0,0.0,0.9157792,0.89061594,0,1821,1832
0.21597633,0.9962191,0.0,0.99999994,0.0,0.99999994,0.0,0.0,0.55103016,0.27593946,0,453,1853
0.19526628,0.9962191,0.0,0.99999994,0.0,0.99999994,0.0,0.0,0.0,0.12517977,0,1521,200
0.22189349,0.9962191,0.0,0.99999994,0.99999994,0.99999994,0.0,0.0,0.55103016,0.019229889,0,589,1330
0.2514793,0.9962191,0.0,0.99999994,0.99999994,0.99999994,0.0,0.0,0.55103016,0.77415466,0,2066,1029
0.2071006,0.9962191,0.0,0.99999994,0.0,0.99999994,0.0,0.0,0.0,0.26861954,0,1900,329
0.27218935,0.9962191,0.0,0.99999994,0.99999994,0.99999994,0.0,0.0,0.55103016,0.522213,0,1356,1540
0.30177516,0.9962191,0.0,0.99999994,0.99999994,0.99999994,0.0,0.0,0.55103016,0.89886475,1,1952,1818
0.23372781,0.9962191,0.0,0.99999994,0.99999994,0.99999994,0.0,0.0,0.55103016,0.08437538,0,755,1479
0.27514794,0.9962191,0.0,0.99999994,0.99999994,0.99999994,0.0,0.0,0.98429984,0.5732136,1,1353,1850
0.29881656,0.9962191,0.0,0.99999994,0.99999994,0.99999994,0.0,0.0,0.55103016,0.90800095,1,1960,1751
0.19526628,0.9962191,0.0,0.99999994,0.0,0.99999994,0.0,0.0,0.0,0.054904938,0,1111,212
0.24556214,0.9962191,0.0,0.99999994,0.99999994,0.99999994,0.0,0.0,0.55103016,0.07222748,0,985,980
0.18639053,0.9962191,0.0,0.99999994,0.0,0.99999994,0.0,0.0,0.0,0.04409361,0,731,137
0.28402367,0.9962191,0.0,0.99999994,0.99999994,0.99999994,0.0,0.0,0.55103016,0.9387641,1,2008,1540
0.26331362,0.9962191,0.0,0.99999994,0.99999994,0.99999994,0.0,0.0,0.55103016,0.89765453,1,1816,1230
0.21005918,0.9962191,0.0,0.99999994,0.0,0.99999994,0.0,0.0,0.0,0.06265974,1,468,522
0.18934911,0.9962191,0.0,0.99999994,0.0,0.99999994,0.0,0.0,0.0,0.088332176,0,106,695
0.21893491,0.9962191,0.0,0.99999994,0.99999994,0.99999994,0.0,0.0,0.55103016,0.018262386,0,551,1170
0.18934911,0.9962191,0.0,0.99999994,0.0,0.99999994,0.0,0.0,0.55103016,0.055069447,0,53,1366
0.2662722,0.9962191,0.0,0.99999994,0.99999994,0.99999994,0.0,0.0,0.55103016,0.9529066,0,1810,1312
0.26331362,0.9962191,0.0,0.99999994,0.99999994,0.99999994,0.0,0.0,0.55103016,0.7451906,0,1621,1277
0.25443786,0.9962191,0.0,0.99999994,0.99999994,0.99999994,0.0,0.0,0.55103016,0.47518826,1,1420,1121
0.25443786,0.9962191,0.0,0.99999994,0.99999994,0.99999994,0.0,0.0,0.55103016,0.800509,1,1938,1079
0.18934911,0.9962191,0.0,0.99999994,0.0,0.99999994,0.0,0.0,0.0,0.057971478,0,642,149
0.24260356,0.9962191,0.0,0.99999994,0.99999994,0.99999994,0.0,0.0,0.55103016,0.32686424,1,1312,961
0.21005918,0.9962191,0.0,0.99999994,0.0,0.99999994,0.0,0.0,0.55103016,0.046212196,1,454,806
0.18639053,0.9962191,0.0,0.99999994,0.0,0.99999994,0.0,0.0,0.0,0.053917408,0,1426,65
0.1923077,0.9962191,0.0,0.99999994,0.0,0.99999994,0.0,0.0,0.55103016,0.028198719,0,131,1276
0.23076923,0.9962191,0.0,0.99999994,0.0,0.99999994,0.0,0.0,0.55103016,0.2810521,1,1338,763
0.2810651,0.9962191,0.0,0.99999994,0.99999994,0.99999994,0.0,0.0,0.55103016,0.63455343,1,1446,1813
0.6005917,0.9988044,0.99962693,0.99999994,0.99999994,0.99999994,0.0,0.0,0.843181,0.9017267,0,2319,1919
0.2366864,0.9962191,0.0,0.99999994,0.99999994,0.99999994,0.0,0.0,0.55103016,0.13095665,1,1080,848
0.21005918,0.9962191,0.0,0.99999994,0.0,0.99999994,0.0,0.0,0.0,0.13700485,0,1234,448
0.24260356,0.9962191,0.0,0.99999994,0.99999994,0.99999994,0.0,0.0,0.55103016,0.010775566,0,910,1230
0.26331362,0.9962191,0.0,0.99999994,0.99999994,0.99999994,0.0,0.0,0.55103016,0.42297173,1,1177,1759
0.23076923,0.9962191,0.0,0.99999994,0.0,0.99999994,0.0,0.0,0.55103016,0.21576834,1,1233,764
0.22781065,0.9962191,0.0,0.99999994,0.0,0.99999994,0.0,0.0,0.0,0.5384202,0,2158,691
0.21597633,0.9962191,0.0,0.99999994,0.0,0.99999994,0.0,0.0,0.0,0.30195618,0,1569,525
0.295858,0.9962191,0.0,0.99999994,0.99999994,0.99999994,0.0,0.0,0.55103016,0.9217429,1,2120,1715
0.18639053,0.9962191,0.0,0.99999994,0.0,0.99999994,0.0,0.0,0.0,0.1339035,1,189,114
0.2514793,0.9962191,0.0,0.99999994,0.99999994,0.99999994,0.0,0.0,0.55103016,0.27045536,0,1201,1096
0.18639053,0.9962191,0.0,0.99999994,0.0,0.99999994,0.0,0.0,0.0,0.08422804,0,1770,75
0.8994083,0.9964473,0.9918481,0.99999994,0.99999994,0.99999994,0.0,0.0,0.84231645,0.8996444,1,2357,1943
0.27218935,0.9962191,0.0,0.99999994,0.99999994,0.99999994,0.0,0.0,0.55103016,0.6784196,1,1537,1384
0.18639053,0.9962191,0.0,0.99999994,0.0,0.99999994,0.0,0.0,0.0,0.054960728,0,1418,69
0.18934911,0.9962191,0.0,0.99999994,0.0,0.99999994,0.0,0.0,0.0,0.117934704,1,180,300
0.21597633,0.9962191,0.0,0.99999994,0.0,0.99999994,0.0,0.0,0.0,0.05157423,0,992,532
0.23372781,0.9962191,0.0,0.99999994,0.0,0.99999994,0.0,0.0,0.55103016,0.2628603,1,1289,805
0.24260356,0.9962191,0.0,0.99999994,0.99999994,0.99999994,0.0,0.0,0.55103016,0.6626649,0,1983,880
0.24556214,0.9962191,0.0,0.99999994,0.99999994,0.99999994,0.0,0.0,0.55103016,0.20772886,1,1152,993
0.22781065,0.9962191,0.0,0.99999994,0.99999994,0.99999994,0.0,0.0,0.55103016,0.021434784,0,723,834
0.26923078,0.9962191,0.0,0.99999994,0.99999994,0.99999994,0.0,0.0,0.55103016,0.5182977,1,1313,1716
0.26331362,0.9962191,0.0,0.99999994,0.99999994,0.99999994,0.0,0.0,0.55103016,0.4370489,1,1220,1687
0.30177516,0.9962191,0.0,0.99999994,0.99999994,0.99999994,0.0,0.0,0.9365772,0.8536105,0,1764,1943
0.22781065,0.9962191,0.0,0.99999994,0.0,0.99999994,0.0,0.0,0.55103016,0.27149296,1,1336,738
0.28402367,0.9962191,0.0,0.99999994,0.99999994,0.99999994,0.0,0.0,0.55103016,0.9399562,1,2062,1558
0.21597633,0.9962191,0.0,0.99999994,0.0,0.99999994,0.0,0.0,0.0,0.04838991,1,543,620
0.22485207,0.9962191,0.0,0.99999994,0.0,0.99999994,0.0,0.0,0.0,0.10116911,1,1071,654
0.2810651,0.9962191,0.0,0.99999994,0.99999994,0.99999994,0.0,0.0,0.55103016,0.6256914,0,1434,1812
0.27218935,0.9962191,0.0,0.99999994,0.99999994,0.99999994,0.0,0.0,0.55103016,0.5455413,0,1335,1769
0.27218935,0.9962191,0.0,0.99999994,0.99999994,0.99999994,0.0,0.0,0.55103016,0.9714718,0,2141,1373
0.23964497,0.9962191,0.0,0.99999994,0.99999994,0.99999994,0.0,0.0,0.55103016,0.5809412,1,1699,883
0.20414202,0.9962191,0.0,0.99999994,0.0,0.99999994,0.0,0.0,0.55103016,0.031059265,0,297,1334
0.24852072,0.9962191,0.0,0.99999994,0.99999994,0.99999994,0.0,0.0,0.55103016,0.5023923,1,1482,1056
0.27514794,0.9962191,0.0,0.99999994,0.99999994,0.99999994,0.0,0.0,0.55103016,0.9528494,0,1948,1400
0.26035503,0.9962191,0.0,0.99999994,0.99999994,0.99999994,0.0,0.0,0.55103016,0.36846447,1,1187,1539
0.26035503,0.9962191,0.0,0.99999994,0.99999994,0.99999994,0.0,0.0,0.55103016,0.8952627,0,2195,1185
0.23964497,0.9962191,0.0,0.99999994,0.99999994,0.99999994,0.0,0.0,0.55103016,0.01429987,0,912,932
0.19526628,0.9962191,0.0,0.99999994,0.0,0.99999994,0.0,0.0,0.55103016,0.06371403,0,221,841
0.2781065,0.9962191,0.0,0.99999994,0.99999994,0.99999994,0.0,0.0,0.55103016,0.95291615,0,2052,1458
0.23964497,0.9962191,0.0,0.99999994,0.99999994,0.99999994,0.0,0.0,0.55103016,0.24257421,1,1216,922
0.18934911,0.9962191,0.0,0.99999994,0.0,0.99999994,0.0,0.0,0.0,0.072626114,1,550,151
0.30177516,0.9962191,0.0,0.99999994,0.99999994,0.99999994,0.0,0.0,0.55103016,0.89934206,0,1946,1812
0.2810651,0.9962191,0.0,0.99999994,0.99999994,0.99999994,0.0,0.0,0.55103016,0.9435382,0,2021,1511
0.2662722,0.9962191,0.0,0.99999994,0.99999994,0.99999994,0.0,0.0,0.55103016,0.46653748,1,1228,1777
0.24556214,0.9962191,0.0,0.99999994,0.99999994,0.99999994,0.0,0.0,0.55103016,0.07359743,1,962,1329
0.22485207,0.9962191,0.0,0.99999994,0.0,0.99999994,0.0,0.0,0.0,0.025271893,0,721,728
0.24260356,0.9962191,0.0,0.99999994,0.99999994,0.99999994,0.0,0.0,0.55103016,0.64031553,1,1732,938
0.21301776,0.9962191,0.0,0.99999994,0.0,0.99999994,0.0,0.0,0.0,0.35545874,0,2233,431
0.25739646,0.9962191,0.0,0.99999994,0.99999994,0.99999994,0.0,0.0,0.55103016,0.82134056,0,1866,1116
0.24556214,0.9962191,0.0,0.99999994,0.99999994,0.99999994,0.0,0.0,0.55103016,0.71718836,0,2003,955
0.21893491,0.9962191,0.0,0.99999994,0.0,0.99999994,0.0,0.0,0.0,0.03843832,0,638,611
0.26035503,0.9962191,0.0,0.99999994,0.99999994,0.99999994,0.0,0.0,0.55103016,0.2959304,1,1184,1288
0.23372781,0.9962191,0.0,0.99999994,0.99999994,0.99999994,0.0,0.0,0.55103016,0.2650628,0,699,1854
0.21893491,0.9962191,0.0,0.99999994,0.0,0.99999994,0.0,0.0,0.0,0.21052647,0,1330,563
0.24260356,0.9962191,0.0,0.99999994,0.99999994,0.99999994,0.0,0.0,0.55103016,0.15134573,0,1093,930
0.24260356,0.9962191,0.0,0.99999994,0.99999994,0.99999994,0.0,0.0,0.55103016,0.6923547,1,1832,936
0.22189349,0.9962191,0.0,0.99999994,0.0,0.99999994,0.0,0.0,0.0,0.4681487,0,2171,592
0.25443786,0.9962191,0.0,0.99999994,0.99999994,0.99999994,0.0,0.0,0.55103016,0.3136282,0,1067,1689
0.22485207,0.9962191,0.0,0.99999994,0.0,0.99999994,0.0,0.0,0.0,0.17382002,1,1202,664
0.5502959,0.99715555,0.9981246,0.99999994,0.99999994,0.99999994,0.0,0.0,0.84322673,0.9018588,0,2315,1917
0.20414202,0.9962191,0.0,0.99999994,0.0,0.99999994,0.0,0.0,0.0,0.07674599,1,365,498
0.19822486,0.9962191,0.0,0.99999994,0.0,0.99999994,0.0,0.0,0.55103016,0.03351116,0,236,1171
0.1923077,0.9962191,0.0,0.99999994,0.0,0.99999994,0.0,0.0,0.55103016,0.1362009,0,128,1537
0.26331362,0.9962191,0.0,0.99999994,0.99999994,0.99999994,0.0,0.0,0.55103016,0.31657124,1,1201,1301
0.24556214,0.9962191,0.0,0.99999994,0.99999994,0.99999994,0.0,0.0,0.55103016,0.22913122,1,1178,995
0.295858,0.9962191,0.0,0.99999994,0.99999994,0.99999994,0.0,0.0,0.55103016,0.8372154,1,1719,1757
0.21597633,0.9962191,0.0,0.99999994,0.0,0.99999994,0.0,0.0,0.0,0.046642303,0,508,716
0.25443786,0.9962191,0.0,0.99999994,0.99999994,0.99999994,0.0,0.0,0.55103016,0.5010514,1,1434,1153
0.27218935,0.9962191,0.0,0.99999994,0.99999994,0.99999994,0.0,0.0,1.0,0.5722852,0,1325,1948
0.19822486,0.9962191,0.0,0.99999994,0.0,0.99999994,0.0,0.0,0.55103016,0.045319557,0,246,1029
0.19526628,0.9962191,0.0,0.99999994,0.0,0.99999994,0.0,0.0,0.0,0.15946436,0,1948,172
0.20414202,0.9962191,0.0,0.99999994,0.0,0.99999994,0.0,0.0,0.55103016,0.03247118,0,357,1106
0.25739646,0.9962191,0.0,0.99999994,0.99999994,0.99999994,0.0,0.0,0.55103016,0.35084772,0,1270,1164
0.2781065,0.9962191,0.0,0.99999994,0.99999994,0.99999994,0.0,0.0,0.55103016,0.60101986,1,1427,1655
0.23372781,0.9962191,0.0,0.99999994,0.99999994,0.99999994,0.0,0.0,0.55103016,0.4371996,0,1534,832
0.28402367,0.9962191,0.0,0.99999994,0.99999994,0.99999994,0.0,0.0,0.55103016,0.93910694,0,2031,1549
0.18934911,0.9962191,0.0,0.99999994,0.0,0.99999994,0.0,0.0,0.55103016,0.075293064,1,130,802
0.23964497,0.9962191,0.0,0.99999994,0.99999994,0.99999994,0.0,0.0,0.55103016,0.20168686,1,1166,905
0.22485207,0.9962191,0.0,0.99999994,0.0,0.99999994,0.0,0.0,0.0,0.3267913,0,1485,661
0.22189349,0.9962191,0.0,0.99999994,0.0,0.99999994,0.0,0.0,0.0,0.03433466,0,634,714
0.23076923,0.9962191,0.0,0.99999994,0.99999994,0.99999994,0.0,0.0,0.55103016,0.28124142,0,679,1886
0.27514794,0.9962191,0.0,0.99999994,0.99999994,0.99999994,0.0,0.0,0.55103016,0.57763815,0,1412,1574
0.21597633,0.9962191,0.0,0.99999994,0.0,0.99999994,0.0,0.0,0.0,0.1701951,0,1273,514
0.18639053,0.9962191,0.0,0.99999994,0.0,0.99999994,0.0,0.0,0.55103016,0.07563639,0,79,842
0.19526628,0.9962191,0.0,0.99999994,0.0,0.99999994,0.0,0.0,0.55103016,0.03267145,0,182,1208
0.25739646,0.9962191,0.0,0.99999994,0.99999994,0.99999994,0.0,0.0,0.55103016,0.83307457,0,1948,1124
0.21301776,0.9962191,0.0,0.99999994,0.0,0.99999994,0.0,0.0,0.55103016,0.084085464,0,440,1454
0.23964497,0.9962191,0.0,0.99999994,0.99999994,0.99999994,0.0,0.0,0.55103016,0.6295514,0,1975,834
0.24852072,0.9962191,0.0,0.99999994,0.99999994,0.99999994,0.0,0.0,0.55103016,0.32355785,1,1285,1022
0.20414202,0.9962191,0.0,0.99999994,0.0,0.99999994,0.0,0.0,0.0,0.061553955,1,348,727
0.18639053,0.9962191,0.0,0.99999994,0.0,0.99999994,0.0,0.0,0.0,0.13357496,1,191,114
0.25443786,0.9962191,0.0,0.99999994,0.99999994,0.99999994,0.0,0.0,0.55103016,0.8215833,1,1803,1123
0.25739646,0.9962191,0.0,0.99999994,0.99999994,0.99999994,0.0,0.0,0.55103016,0.3589139,0,1111,1718
0.18934911,0.9962191,0.0,0.99999994,0.0,0.99999994,0.0,0.0,0.0,0.076108456,0,1433,118
0.24556214,0.9962191,0.0,0.99999994,0.99999994,0.99999994,0.0,0.0,0.55103016,0.1802721,0,950,1601
0.18934911,0.9962191,0.0,0.99999994,0.0,0.99999994,0.0,0.0,0.0,0.12429142,1,148,282
0.30769232,0.9963996,0.9849359,0.99999994,0.99999994,0.99999994,0.0,0.0,0.84413797,0.8957763,0,2189,1921
0.18934911,0.9962191,0.0,0.99999994,0.0,0.99999994,0.0,0.0,0.55103016,0.07929468,0,109,781
0.2514793,0.9962191,0.0,0.99999994,0.99999994,0.99999994,0.0,0.0,0.55103016,0.13466549,0,1028,1303
0.20414202,0.9962191,0.0,0.99999994,0.0,0.99999994,0.0,0.0,0.0,0.077940464,1,385,447
0.2071006,0.9962191,0.0,0.99999994,0.0,0.99999994,0.0,0.0,0.0,0.31210518,0,2212,372
0.30177516,0.9962191,0.0,0.99999994,0.99999994,0.99999994,0.0,0.0,0.9398167,0.84396696,1,1747,1928
0.24556214,0.9962191,0.0,0.99999994,0.99999994,0.99999994,0.0,0.0,0.55103016,0.07133436,1,926,1407
0.28994083,0.9962191,0.0,0.99999994,0.99999994,0.99999994,0.0,0.0,0.870235,0.93995667,1,2272,1651
0.18934911,0.9962191,0.0,0.99999994,0.0,0.99999994,0.0,0.0,0.0,0.09929514,1,100,594
0.24260356,0.9962191,0.0,0.99999994,0.99999994,0.99999994,0.0,0.0,0.55103016,0.1051507,0,907,1520
0.20414202,0.9962191,0.0,0.99999994,0.0,0.99999994,0.0,0.0,0.0,0.071538925,1,383,540
0.21597633,0.9962191,0.0,0.99999994,0.0,0.99999994,0.0,0.0,0.0,0.049711704,1,556,568
0.21301776,0.9962191,0.0,0.99999994,0.0,0.99999994,0.0,0.0,0.0,0.35063934,0,1811,451
0.22485207,0.9962191,0.0,0.99999994,0.0,0.99999994,0.0,0.0,0.0,0.018525124,0,797,704
0.21005918,0.9962191,0.0,0.99999994,0.0,0.99999994,0.0,0.0,0.0,0.0220685,1,817,474
0.22781065,0.9962191,0.0,0.99999994,0.0,0.99999994,0.0,0.0,0.55103016,0.019545078,1,771,758
0.23964497,0.9962191,0.0,0.99999994,0.99999994,0.99999994,0.0,0.0,0.55103016,0.0017094612,1,858,1252
0.23964497,0.9962191,0.0,0.99999994,0.99999994,0.99999994,0.0,0.0,0.55103016,0.23327303,1,792,1796
0.19526628,0.9962191,0.0,0.99999994,0.0,0.99999994,0.0,0.0,0.55103016,0.14249086,0,180,1554
0.24852072,0.9962191,0.0,0.99999994,0.99999994,0.99999994,0.0,0.0,0.55103016,0.48406744,1,1481,1017
0.21597633,0.9962191,0.0,0.99999994,0.0,0.99999994,0.0,0.0,0.55103016,0.20534849,0,458,1707
0.1923077,0.9962191,0.0,0.99999994,0.0,0.99999994,0.0,0.0,0.0,0.109650135,0,198,362
0.21893491,0.9962191,0.0,0.99999994,0.99999994,0.99999994,0.0,0.0,0.55103016,0.1339941,0,520,1564
0.22485207,0.9962191,0.0,0.99999994,0.0,0.99999994,0.0,0.0,0.0,0.016699314,1,817,697
0.2514793,0.9962191,0.0,0.99999994,0.99999994,0.99999994,0.0,0.0,0.55103016,0.17200518,0,1092,1085
0.2071006,0.9962191,0.0,0.99999994,0.0,0.99999994,0.0,0.0,0.0,0.06479597,1,429,560
0.1923077,0.9962191,0.0,0.99999994,0.0,0.99999994,0.0,0.0,0.55103016,0.07317352,1,174,783
0.1923077,0.9962191,0.0,0.99999994,0.0,0.99999994,0.0,0.0,0.0,0.088941574,0,151,642
0.21301776,0.9962191,0.0,0.99999994,0.0,0.99999994,0.0,0.0,0.55103016,0.078742504,0,441,1443
0.25739646,0.9962191,0.0,0.99999994,0.99999994,0.99999994,0.0,0.0,0.55103016,0.5924015,0,1524,1168
0.2928994,0.9962191,0.0,0.99999994,0.99999994,0.99999994,0.0,0.0,0.55103016,0.91911936,0,1976,1673
0.25739646,0.9962191,0.0,0.99999994,0.99999994,0.99999994,0.0,0.0,0.55103016,0.22590065,1,1115,1300
0.24852072,0.9962191,0.0,0.99999994,0.99999994,0.99999994,0.0,0.0,0.55103016,0.7443166,0,2172,977
0.26035503,0.9962191,0.0,0.99999994,0.99999994,0.99999994,0.0,0.0,0.55103016,0.88845015,0,2228,1172
0.22781065,0.9962191,0.0,0.99999994,0.99999994,0.99999994,0.0,0.0,0.55103016,0.13249922,0,655,1572
0.2366864,0.9962191,0.0,0.99999994,0.99999994,0.99999994,0.0,0.0,0.55103016,0.021622181,1,922,838
0.30177516,0.9962191,0.0,0.99999994,0.99999994,0.99999994,0.0,0.0,0.84465516,0.9145174,0,2201,1796
0.295858,0.9962191,0.0,0.99999994,0.99999994,0.99999994,0.0,0.0,0.8529252,0.9230809,1,2219,1744
0.24556214,0.9962191,0.0,0.99999994,0.99999994,0.99999994,0.0,0.0,0.55103016,0.26201487,1,1214,1011
0.21005918,0.9962191,0.0,0.99999994,0.0,0.99999994,0.0,0.0,0.0,0.029051304,0,763,466
0.22781065,0.9962191,0.0,0.99999994,0.0,0.99999994,0.0,0.0,0.0,0.27063322,1,1347,716
0.2810651,0.9962191,0.0,0.99999994,0.99999994,0.99999994,0.0,0.0,0.55103016,0.66074085,1,1494,1704
0.21005918,0.9962191,0.0,0.99999994,0.0,0.99999994,0.0,0.0,0.55103016,0.027653217,0,405,1137
0.2781065,0.9962191,0.0,0.99999994,0.99999994,0.99999994,0.0,0.0,0.55103016,0.9413934,1,1855,1435
0.2366864,0.9962191,0.0,0.99999994,0.99999994,0.99999994,0.0,0.0,0.55103016,0.54271793,1,1684,838
0.23964497,0.9962191,0.0,0.99999994,0.99999994,0.99999994,0.0,0.0,0.55103016,0.55785847,1,1646,909
0.22781065,0.9962191,0.0,0.99999994,0.0,0.99999994,0.0,0.0,0.55103016,0.38243914,1,1522,735
0.30473372,0.9962191,0.0,0.99999994,0.99999994,0.99999994,0.0,0.0,0.9189293,0.87865114,1,1834,1935
0.28402367,0.9962191,0.0,0.99999994,0.99999994,0.99999994,0.0,0.0,0.55103016,0.6939478,1,1537,1681
0.29881656,0.9962191,0.0,0.99999994,0.99999994,0.99999994,0.0,0.0,0.55103016,0.84142923,1,1731,1823
0.26035503,0.9962191,0.0,0.99999994,0.99999994,0.99999994,0.0,0.0,0.55103016,0.8655238,0,1773,1223
0.2366864,0.9962191,0.0,0.99999994,0.99999994,0.99999994,0.0,0.0,0.55103016,0.42105103,1,1496,853
0.24852072,0.9962191,0.0,0.99999994,0.99999994,0.99999994,0.0,0.0,0.55103016,0.12609196,1,986,1395
0.18934911,0.9962191,0.0,0.99999994,0.0,0.99999994,0.0,0.0,0.0,0.10459232,0,1982,93
0.28402367,0.9962191,0.0,0.99999994,0.99999994,0.99999994,0.0,0.0,0.55103016,0.940382,1,2020,1534
0.2662722,0.9962191,0.0,0.99999994,0.99999994,0.99999994,0.0,0.0,0.55103016,0.72779036,1,1587,1324
0.28698224,0.9962191,0.0,0.99999994,0.99999994,0.99999994,0.0,0.0,0.8722144,0.9435253,1,2163,1580
0.27218935,0.9962191,0.0,0.99999994,0.99999994,0.99999994,0.0,0.0,0.55103016,0.7652359,0,1623,1408
0.22781065,0.9962191,0.0,0.99999994,0.0,0.99999994,0.0,0.0,0.0,0.5188627,0,2128,666
0.24260356,0.9962191,0.0,0.99999994,0.99999994,0.99999994,0.0,0.0,0.55103016,0.1876216,1,908,1695
0.18047337,0.9962191,0.0,0.99999994,0.0,0.99999994,0.0,0.0,0.0,0.14648056,1,35,230
0.21301776,0.9962191,0.0,0.99999994,0.0,0.99999994,0.0,0.0,0.55103016,0.09336138,0,437,1473
0.23964497,0.9962191,0.0,0.99999994,0.99999994,0.99999994,0.0,0.0,0.55103016,0.1753254,1,851,1679
0.2781065,0.9962191,0.0,0.99999994,0.99999994,0.99999994,0.0,0.0,0.55103016,0.6148615,0,1439,1688
0.22781065,0.9962191,0.0,0.99999994,0.0,0.99999994,0.0,0.0,0.55103016,0.023941994,0,710,795
0.21301776,0.9962191,0.0,0.99999994,0.0,0.99999994,0.0,0.0,0.0,0.050203323,1,570,527
0.2514793,0.9962191,0.0,0.99999994,0.99999994,0.99999994,0.0,0.0,0.55103016,0.57326746,0,1550,1081
0.2781065,0.9962191,0.0,0.99999994,0.99999994,0.99999994,0.0,0.0,0.55103016,0.7516618,0,1609,1480
0.2662722,0.9962191,0.0,0.99999994,0.99999994,0.99999994,0.0,0.0,0.55103016,0.92131376,1,1910,1253
0.21597633,0.9962191,0.0,0.99999994,0.0,0.99999994,0.0,0.0,0.0,0.015314579,1,910,556
0.2781065,0.9962191,0.0,0.99999994,0.99999994,0.99999994,0.0,0.0,0.55103016,0.61457825,0,1420,1805
0.2781065,0.9962191,0.0,0.99999994,0.99999994,0.99999994,0.0,0.0,0.55103016,0.6686549,0,1521,1486
0.26923078,0.9962191,0.0,0.99999994,0.99999994,0.99999994,0.0,0.0,0.55103016,0.6358719,0,1496,1370
0.24260356,0.9962191,0.0,0.99999994,0.99999994,0.99999994,0.0,0.0,0.55103016,0.1456089,0,1083,944
0.25443786,0.9962191,0.0,0.99999994,0.99999994,0.99999994,0.0,0.0,0.55103016,0.30897713,0,1240,1111
0.21301776,0.9962191,0.0,0.99999994,0.0,0.99999994,0.0,0.0,0.0,0.058264256,1,476,578
0.23372781,0.9962191,0.0,0.99999994,0.99999994,0.99999994,0.0,0.0,0.55103016,0.21171188,1,732,1745
0.24260356,0.9962191,0.0,0.99999994,0.99999994,0.99999994,0.0,0.0,0.55103016,0.028854847,0,931,946
0.26035503,0.9962191,0.0,0.99999994,0.99999994,0.99999994,0.0,0.0,0.55103016,0.4892106,0,1390,1231
0.22189349,0.9962191,0.0,0.99999994,0.99999994,0.99999994,0.0,0.0,0.55103016,0.050971985,0,558,1394
0.22485207,0.9962191,0.0,0.99999994,0.0,0.99999994,0.0,0.0,0.0,0.11315441,0,1090,667
0.27514794,0.9962191,0.0,0.99999994,0.99999994,0.99999994,0.0,0.0,0.55103016,0.58679724,0,1392,1756
0.24556214,0.9962191,0.0,0.99999994,0.99999994,0.99999994,0.0,0.0,0.55103016,0.5521016,1,1576,997
0.19822486,0.9962191,0.0,0.99999994,0.0,0.99999994,0.0,0.0,0.0,0.10485077,0,1282,275
0.21005918,0.9962191,0.0,0.99999994,0.0,0.99999994,0.0,0.0,0.0,0.32720232,0,2212,393
0.18639053,0.9962191,0.0,0.99999994,0.0,0.99999994,0.0,0.0,0.0,0.100343704,1,49,637
0.23372781,0.9962191,0.0,0.99999994,0.0,0.99999994,0.0,0.0,0.55103016,0.5816617,0,1802,781
0.2781065,0.9962191,0.0,0.99999994,0.99999994,0.99999994,0.0,0.0,0.55103016,0.6053424,0,1449,1528
0.1923077,0.9962191,0.0,0.99999994,0.0,0.99999994,0.0,0.0,0.0,0.1509018,0,2408,139
0.2071006,0.9962191,0.0,0.99999994,0.0,0.99999994,0.0,0.0,0.55103016,0.3181157,0,307,1926
0.19822486,0.9962191,0.0,0.99999994,0.0,0.99999994,0.0,0.0,0.0,0.049800396,0,654,298
0.26331362,0.9962191,0.0,0.99999994,0.99999994,0.99999994,0.0,0.0,0.55103016,0.92579126,0,2082,1240
0.19526628,0.9962191,0.0,0.99999994,0.0,0.99999994,0.0,0.0,0.0,0.049126625,0,1095,192
0.22189349,0.9962191,0.0,0.99999994,0.0,0.99999994,0.0,0.0,0.0,0.09703922,1,1071,620
0.18343195,0.9962191,0.0,0.99999994,0.0,0.99999994,0.0,0.0,0.0,0.11860418,0,80,431
0.21005918,0.9962191,0.0,0.99999994,0.0,0.99999994,0.0,0.0,0.0,0.043925762,1,643,471
0.23076923,0.9962191,0.0,0.99999994,0.99999994,0.99999994,0.0,0.0,0.55103016,0.21336555,1,705,1746
0.21005918,0.9962191,0.0,0.99999994,0.0,0.99999994,0.0,0.0,0.55103016,0.12915087,0,385,1543
0.19526628,0.9962191,0.0,0.99999994,0.0,0.99999994,0.0,0.0,0.0,0.09917688,0,339,246
0.21893491,0.9962191,0.0,0.99999994,0.99999994,0.99999994,0.0,0.0,0.55103016,0.07819462,0,548,1450
0.21597633,0.9962191,0.0,0.99999994,0.0,0.99999994,0.0,0.0,0.0,0.011217117,1,894,553
0.19822486,0.9962191,0.0,0.99999994,0.0,0.99999994,0.0,0.0,0.0,0.08311796,0,299,519
0.21597633,0.9962191,0.0,0.99999994,0.0,0.99999994,0.0,0.0,0.0,0.044079304,0,545,696
0.23372781,0.9962191,0.0,0.99999994,0.99999994,0.99999994,0.0,0.0,0.55103016,0.2127986,1,1209,816
0.2514793,0.9962191,0.0,0.99999994,0.99999994,0.99999994,0.0,0.0,0.55103016,0.17244625,1,1036,1385
0.21597633,0.9962191,0.0,0.99999994,0.0,0.99999994,0.0,0.0,0.55103016,0.043053627,0,513,770
0.25443786,0.9962191,0.0,0.99999994,0.99999994,0.99999994,0.0,0.0,0.55103016,0.3121624,1,1074,1669
0.18343195,0.9962191,0.0,0.99999994,0.0,0.99999994,0.0,0.0,0.0,0.03132105,0,1381,12
0.26331362,0.9962191,0.0,0.99999994,0.99999994,0.99999994,0.0,0.0,0.55103016,0.3733282,0,1199,1517
0.19526628,0.9962191,0.0,0.99999994,0.0,0.99999994,0.0,0.0,0.0,0.075531006,0,498,243
0.23372781,0.9962191,0.0,0.99999994,0.99999994,0.99999994,0.0,0.0,0.55103016,0.25810957,1,1277,816
0.26923078,0.9962191,0.0,0.99999994,0.99999994,0.99999994,0.0,0.0,0.55103016,0.5672922,0,1429,1368
0.24556214,0.9962191,0.0,0.99999994,0.99999994,0.99999994,0.0,0.0,0.55103016,0.06627703,1,920,1409
0.20414202,0.9962191,0.0,0.99999994,0.0,0.99999994,0.0,0.0,0.0,0.073140144,1,454,384
0.25739646,0.9962191,0.0,0.99999994,0.99999994,0.99999994,0.0,0.0,0.55103016,0.32763958,1,1125,1587
0.2514793,0.9962191,0.0,0.99999994,0.99999994,0.99999994,0.0,0.0,0.55103016,0.3086505,1,1016,1781
0.26923078,0.9962191,0.0,0.99999994,0.99999994,0.99999994,0.0,0.0,0.55103016,0.99442863,0,2313,1311
0.21893491,0.9962191,0.0,0.99999994,0.0,0.99999994,0.0,0.0,0.0,0.4112935,0,2034,522
0.21301776,0.9962191,0.0,0.99999994,0.0,0.99999994,0.0,0.0,0.0,0.36393452,0,1963,460
0.25739646,0.9962191,0.0,0.99999994,0.99999994,0.99999994,0.0,0.0,0.55103016,0.84563255,0,2136,1122
0.20118344,0.9962191,0.0,0.99999994,0.0,0.99999994,0.0,0.0,0.0,0.08226967,0,392,373
0.23964497,0.9962191,0.0,0.99999994,0.99999994,0.99999994,0.0,0.0,0.55103016,0.3340907,0,1356,883
0.28402367,0.9962191,0.0,0.99999994,0.99999994,0.99999994,0.0,0.0,0.55103016,0.9401097,1,2016,1534
0.18343195,0.9962191,0.0,0.99999994,0.0,0.99999994,0.0,0.0,0.55103016,0.05450201,0,6,1084
0.2366864,0.9962191,0.0,0.99999994,0.99999994,0.99999994,0.0,0.0,0.55103016,0.07869673,0,1003,863
0.26331362,0.9962191,0.0,0.99999994,0.99999994,0.99999994,0.0,0.0,0.55103016,0.766181,1,1659,1246
0.19822486,0.9962191,0.0,0.99999994,0.0,0.99999994,0.0,0.0,0.0,0.13356686,0,1469,240
0.22781065,0.9962191,0.0,0.99999994,0.99999994,0.99999994,0.0,0.0,0.55103016,0.013249874,0,687,1128
0.21005918,0.9962191,0.0,0.99999994,0.0,0.99999994,0.0,0.0,0.55103016,0.047667503,0,427,820
0.22485207,0.9962191,0.0,0.99999994,0.99999994,0.99999994,0.0,0.0,0.55103016,0.009898663,0,634,1268
0.26035503,0.9962191,0.0,0.99999994,0.99999994,0.99999994,0.0,0.0,0.55103016,0.86550474,0,1965,1168
0.26035503,0.9962191,0.0,0.99999994,0.99999994,0.99999994,0.0,0.0,0.55103016,0.3279047,1,1157,1495
0.23372781,0.9962191,0.0,0.99999994,0.0,0.99999994,0.0,0.0,0.55103016,0.04290867,1,955,794
0.27514794,0.9962191,0.0,0.99999994,0.99999994,0.99999994,0.0,0.0,0.55103016,0.91430855,1,1776,1438
0.2662722,0.9962191,0.0,0.99999994,0.99999994,0.99999994,0.0,0.0,0.55103016,0.8757453,1,1736,1295
0.2514793,0.9962191,0.0,0.99999994,0.99999994,0.99999994,0.0,0.0,0.55103016,0.49954176,1,1463,1087
0.23964497,0.9962191,0.0,0.99999994,0.99999994,0.99999994,0.0,0.0,0.55103016,0.054542065,0,871,1425
0.22189349,0.9962191,0.0,0.99999994,0.0,0.99999994,0.0,0.0,0.0,0.41833687,0,1691,628
0.2662722,0.9962191,0.0,0.99999994,0.99999994,0.99999994,0.0,0.0,0.55103016,0.8735676,0,1725,1312
0.23372781,0.9962191,0.0,0.99999994,0.99999994,0.99999994,0.0,0.0,0.55103016,0.21357536,1,722,1748
0.28402367,0.9962191,0.0,0.99999994,0.99999994,0.99999994,0.0,0.0,0.55103016,0.9430356,1,2063,1536
0.19526628,0.9962191,0.0,0.99999994,0.0,0.99999994,0.0,0.0,0.55103016,0.041859627,0,180,1111
0.22781065,0.9962191,0.0,0.99999994,0.0,0.99999994,0.0,0.0,0.0,0.39269114,1,1544,729
0.28698224,0.9962191,0.0,0.99999994,0.99999994,0.99999994,0.0,0.0,0.87715256,0.9465747,0,2265,1604
0.30177516,0.9962191,0.0,0.99999994,0.99999994,0.99999994,0.0,0.0,0.91559595,0.89054346,1,1822,1833
0.1923077,0.9962191,0.0,0.99999994,0.0,0.99999994,0.0,0.0,0.0,0.12759209,0,2243,114
0.30473372,0.9962191,0.0,0.99999994,0.99999994,0.99999994,0.0,0.0,0.92462605,0.8779931,1,1810,1932
0.28698224,0.9962191,0.0,0.99999994,0.99999994,0.99999994,0.0,0.0,0.55103016,0.90240717,1,1783,1609
0.23964497,0.9962191,0.0,0.99999994,0.99999994,0.99999994,0.0,0.0,0.55103016,0.63656807,0,1906,850
0.1923077,0.9962191,0.0,0.99999994,0.0,0.99999994,0.0,0.0,0.55103016,0.07335901,1,173,782
0.2366864,0.9962191,0.0,0.99999994,0.99999994,0.99999994,0.0,0.0,0.55103016,0.6304879,0,2117,823
0.22485207,0.9962191,0.0,0.99999994,0.0,0.99999994,0.0,0.0,0.0,0.01775074,1,804,707
0.23076923,0.9962191,0.0,0.99999994,0.0,0.99999994,0.0,0.0,0.55103016,0.2433176,1,1278,762
0.2662722,0.9962191,0.0,0.99999994,0.99999994,0.99999994,0.0,0.0,0.55103016,0.42619753,1,1280,1418
0.2662722,0.9962191,0.0,0.99999994,0.99999994,0.99999994,0.0,0.0,0.55103016,0.45458174,1,1329,1312
0.24260356,0.9962191,0.0,0.99999994,0.99999994,0.99999994,0.0,0.0,0.55103016,0.6833248,0,2261,884
0.22189349,0.9962191,0.0,0.99999994,0.0,0.99999994,0.0,0.0,0.0,0.4108348,0,1680,625
0.2810651,0.9962191,0.0,0.99999994,0.99999994,0.99999994,0.0,0.0,0.89326304,0.9627023,0,2239,1484
0.24852072,0.9962191,0.0,0.99999994,0.99999994,0.99999994,0.0,0.0,0.55103016,0.20494556,0,976,1606
0.24556214,0.9962191,0.0,0.99999994,0.99999994,0.99999994,0.0,0.0,0.55103016,0.22730827,1,1176,994
0.24260356,0.9962191,0.0,0.99999994,0.99999994,0.99999994,0.0,0.0,0.55103016,0.036126614,0,938,1067
0.21005918,0.9962191,0.0,0.99999994,0.0,0.99999994,0.0,0.0,0.0,0.1975236,0,1423,423
0.28698224,0.9962191,0.0,0.99999994,0.99999994,0.99999994,0.0,0.0,0.8757121,0.94641685,0,2194,1574
0.21597633,0.9962191,0.0,0.99999994,0.0,0.99999994,0.0,0.0,0.0,0.044029236,0,606,567
0.25443786,0.9962191,0.0,0.99999994,0.99999994,0.99999994,0.0,0.0,0.55103016,0.196105,0,1100,1203
0.24260356,0.9962191,0.0,0.99999994,0.99999994,0.99999994,0.0,0.0,0.55103016,0.59051275,0,1656,952
0.21005918,0.9962191,0.0,0.99999994,0.0,0.99999994,0.0,0.0,0.0,0.020635605,1,827,482
0.30473372,0.9967881,0.9657697,0.99999994,0.99999994,0.99999994,0.0,0.0,0.84362644,0.912858,0,2302,1841
0.23076923,0.9962191,0.0,0.99999994,0.99999994,0.99999994,0.0,0.0,0.55103016,0.21297646,1,703,1745
0.20414202,0.9962191,0.0,0.99999994,0.0,0.99999994,0.0,0.0,0.55103016,0.16612339,0,320,1614
0.2662722,0.9962191,0.0,0.99999994,0.99999994,0.99999994,0.0,0.0,0.55103016,0.4541788,0,1333,1297
0.27514794,0.9962191,0.0,0.99999994,0.99999994,0.99999994,0.0,0.0,0.55103016,0.8396001,1,1699,1431
0.2366864,0.9962191,0.0,0.99999994,0.0,0.99999994,0.0,0.0,0.55103016,0.62923145,0,2344,802
0.24260356,0.9962191,0.0,0.99999994,0.99999994,0.99999994,0.0,0.0,0.55103016,0.13032913,1,877,1586
0.18639053,0.9962191,0.0,0.99999994,0.0,0.99999994,0.0,0.0,0.0,0.12746954,1,220,129
0.22781065,0.9962191,0.0,0.99999994,0.0,0.99999994,0.0,0.0,0.0,0.53190136,0,2054,690
0.27218935,0.9962191,0.0,0.99999994,0.99999994,0.99999994,0.0,0.0,0.55103016,0.5268202,0,1364,1524
0.2071006,0.9962191,0.0,0.99999994,0.0,0.99999994,0.0,0.0,0.0,0.060186386,1,414,653
0.20414202,0.9962191,0.0,0.99999994,0.0,0.99999994,0.0,0.0,0.0,0.24158621,0,1876,292
0.26923078,0.9962191,0.0,0.99999994,0.99999994,0.99999994,0.0,0.0,0.55103016,0.49686337,1,1257,1813
0.25739646,0.9962191,0.0,0.99999994,0.99999994,0.99999994,0.0,0.0,0.55103016,0.83585453,1,1853,1138
0.27514794,0.9962191,0.0,0.99999994,0.99999994,0.99999994,0.0,0.0,0.9118466,0.9793272,0,2270,1388
0.24260356,0.9962191,0.0,0.99999994,0.99999994,0.99999994,0.0,0.0,0.55103016,0.0011539459,0,888,1213
0.25739646,0.9962191,0.0,0.99999994,0.99999994,0.99999994,0.0,0.0,0.55103016,0.21265364,0,1108,1261
0.2514793,0.9962191,0.0,0.99999994,0.99999994,0.99999994,0.0,0.0,0.55103016,0.14066029,1,1037,1266
0.28402367,0.9962191,0.0,0.99999994,0.99999994,0.99999994,0.0,0.0,0.9748689,0.6892338,0,1510,1928
0.19526628,0.9962191,0.0,0.99999994,0.0,0.99999994,0.0,0.0,0.0,0.08709812,0,1291,208
0.1923077,0.9962191,0.0,0.99999994,0.0,0.99999994,0.0,0.0,0.0,0.06518221,0,575,219
0.295858,0.9962191,0.0,0.99999994,0.99999994,0.99999994,0.0,0.0,0.8531633,0.9233546,1,2224,1744
0.295858,0.9962191,0.0,0.99999994,0.99999994,0.99999994,0.0,0.0,0.55103016,0.9199686,1,2096,1718
0.22485207,0.9962191,0.0,0.99999994,0.99999994,0.99999994,0.0,0.0,0.55103016,0.11585474,0,604,1533
0.26331362,0.9962191,0.0,0.99999994,0.99999994,0.99999994,0.0,0.0,0.55103016,0.3914485,0,1222,1505
0.24556214,0.9962191,0.0,0.99999994,0.99999994,0.99999994,0.0,0.0,0.55103016,0.15974712,1,953,1548
0.18934911,0.9962191,0.0,0.99999994,0.0,0.99999994,0.0,0.0,0.0,0.07310724,1,547,151
0.25443786,0.9962191,0.0,0.99999994,0.99999994,0.99999994,0.0,0.0,0.55103016,0.7965112,0,2030,1064
0.18639053,0.9962191,0.0,0.99999994,0.0,0.99999994,0.0,0.0,0.0,0.062026024,0,1879,37
0.28994083,0.9962191,0.0,0.99999994,0.99999994,0.99999994,0.0,0.0,0.8639479,0.93446255,1,2179,1650
0.19526628,0.9962191,0.0,0.99999994,0.0,0.99999994,0.0,0.0,0.0,0.11399555,0,236,253
0.22189349,0.9962191,0.0,0.99999994,0.0,0.99999994,0.0,0.0,0.0,0.044926167,0,970,606
0.28402367,0.9962191,0.0,0.99999994,0.99999994,0.99999994,0.0,0.0,0.55103016,0.9264045,1,1864,1561
0.1923077,0.9962191,0.0,0.99999994,0.0,0.99999994,0.0,0.0,0.55103016,0.07771492,0,163,746
0.24260356,0.9962191,0.0,0.99999994,0.99999994,0.99999994,0.0,0.0,0.55103016,0.012205124,1,894,1337
0.21301776,0.9962191,0.0,0.99999994,0.0,0.99999994,0.0,0.0,0.55103016,0.31487465,0,405,1929
0.24556214,0.9962191,0.0,0.99999994,0.99999994,0.99999994,0.0,0.0,0.55103016,0.1728301,0,952,1580
0.26035503,0.9962191,0.0,0.99999994,0.99999994,0.99999994,0.0,0.0,0.55103016,0.41236496,1,1144,1806
0.21597633,0.9962191,0.0,0.99999994,0.0,0.99999994,0.0,0.0,0.0,0.0413723,1,628,570
0.2514793,0.9962191,0.0,0.99999994,0.99999994,0.99999994,0.0,0.0,0.55103016,0.1601901,1,1055,1276
0.25443786,0.9962191,0.0,0.99999994,0.99999994,0.99999994,0.0,0.0,0.55103016,0.22121286,1,1066,1436
0.26923078,0.9962191,0.0,0.99999994,0.99999994,0.99999994,0.0,0.0,0.55103016,0.49321508,1,1248,1825
0.295858,0.9962191,0.0,0.99999994,0.99999994,0.99999994,0.0,0.0,0.55103016,0.9126291,1,2023,1742
0.30473372,0.9962191,0.0,0.99999994,0.99999994,0.99999994,0.0,0.0,0.90275234,0.89198875,1,1877,1843
0.21005918,0.9962191,0.0,0.99999994,0.0,0.99999994,0.0,0.0,0.0,0.06150055,1,440,591
0.23372781,0.9962191,0.0,0.99999994,0.0,0.99999994,0.0,0.0,0.55103016,0.4589653,1,1584,809
0.2781065,0.9962191,0.0,0.99999994,0.99999994,0.99999994,0.0,0.0,0.55103016,0.63167953,1,1462,1670
0.24260356,0.9962191,0.0,0.99999994,0.99999994,0.99999994,0.0,0.0,0.55103016,0.35687494,0,1364,931
0.23076923,0.9962191,0.0,0.99999994,0.0,0.99999994,0.0,0.0,0.55103016,0.35039854,1,1463,743
0.18343195,0.9962191,0.0,0.99999994,0.0,0.99999994,0.0,0.0,0.0,0.12751198,1,255,62
0.2662722,0.9962191,0.0,0.99999994,0.99999994,0.99999994,0.0,0.0,0.55103016,0.9297714,0,1945,1261
0.30769232,0.9962191,0.0,0.99999994,0.99999994,0.99999994,0.0,0.0,0.85665005,0.8941746,0,2079,1898
0.22189349,0.9962191,0.0,0.99999994,0.99999994,0.99999994,0.0,0.0,0.55103016,0.029968262,0,597,1353
0.21893491,0.9962191,0.0,0.99999994,0.0,0.99999994,0.0,0.0,0.0,0.043139458,1,583,638
0.21597633,0.9962191,0.0,0.99999994,0.0,0.99999994,0.0,0.0,0.0,0.015733719,1,857,542
0.23076923,0.9962191,0.0,0.99999994,0.99999994,0.99999994,0.0,0.0,0.55103016,0.22243595,1,672,1762
0.20118344,0.9962191,0.0,0.99999994,0.0,0.99999994,0.0,0.0,0.0,0.09668875,0,1218,304
0.2366864,0.9962191,0.0,0.99999994,0.99999994,0.99999994,0.0,0.0,0.55103016,0.39186,0,1451,858
0.29881656,0.9962191,0.0,0.99999994,0.99999994,0.99999994,0.0,0.0,0.8477616,0.9179497,1,2222,1780
0.25443786,0.9962191,0.0,0.99999994,0.99999994,0.99999994,0.0,0.0,0.55103016,0.24931812,1,1100,1421
0.18934911,0.9962191,0.0,0.99999994,0.0,0.99999994,0.0,0.0,0.0,0.07166481,1,556,151
0.21597633,0.9962191,0.0,0.99999994,0.0,0.99999994,0.0,0.0,0.0,0.19250298,0,1315,528
0.2810651,0.9962191,0.0,0.99999994,0.99999994,0.99999994,0.0,0.0,0.55103016,0.9348469,0,1907,1517
0.21301776,0.9962191,0.0,0.99999994,0.0,0.99999994,0.0,0.0,0.55103016,0.33116674,0,378,1960
0.21893491,0.9962191,0.0,0.99999994,0.0,0.99999994,0.0,0.0,0.0,0.027272224,0,935,592
0.26923078,0.9962191,0.0,0.99999994,0.99999994,0.99999994,0.0,0.0,0.55103016,0.65766144,1,1518,1360
0.28994083,0.9962191,0.0,0.99999994,0.99999994,0.99999994,0.0,0.0,0.55103016,0.74403477,0,1597,1772
0.2071006,0.9962191,0.0,0.99999994,0.0,0.99999994,0.0,0.0,0.0,0.25654173,0,1625,401
0.23076923,0.9962191,0.0,0.99999994,0.0,0.99999994,0.0,0.0,0.55103016,0.42251348,1,1573,753
0.26331362,0.9962191,0.0,0.99999994,0.99999994,0.99999994,0.0,0.0,0.55103016,0.5239482,1,1413,1261
0.18343195,0.9962191,0.0,0.99999994,0.0,0.99999994,0.0,0.0,0.0,0.1016736,1,6,666
0.26035503,0.9962191,0.0,0.99999994,0.99999994,0.99999994,0.0,0.0,0.55103016,0.90392447,0,2242,1192
0.20118344,0.9962191,0.0,0.99999994,0.0,0.99999994,0.0,0.0,0.0,0.037199497,0,730,347
0.2810651,0.9962191,0.0,0.99999994,0.99999994,0.99999994,0.0,0.0,0.55103016,0.9422736,0,1999,1509
0.24556214,0.9962191,0.0,0.99999994,0.99999994,0.99999994,0.0,0.0,0.55103016,0.21905851,1,1169,981
0.25739646,0.9962191,0.0,0.99999994,0.99999994,0.99999994,0.0,0.0,0.55103016,0.85340166,1,1834,1165
0.23372781,0.9962191,0.0,0.99999994,0.0,0.99999994,0.0,0.0,0.55103016,0.009901047,0,865,802
0.24852072,0.9962191,0.0,0.99999994,0.99999994,0.99999994,0.0,0.0,0.55103016,0.15909672,0,972,1506
0.18047337,0.9962191,0.0,0.99999994,0.0,0.99999994,0.0,0.0,0.0,0.14246082,0,183,33
0.21005918,0.9962191,0.0,0.99999994,0.0,0.99999994,0.0,0.0,0.0,0.06416941,1,435,559
0.18934911,0.9962191,0.0,0.99999994,0.0,0.99999994,0.0,0.0,0.0,0.10436964,1,147,488
0.26923078,0.9962191,0.0,0.99999994,0.99999994,0.99999994,0.0,0.0,0.55103016,0.8438873,0,1699,1352
0.26923078,0.9962191,0.0,0.99999994,0.99999994,0.99999994,0.0,0.0,0.55103016,0.47468567,0,1324,1444
0.24852072,0.9962191,0.0,0.99999994,0.99999994,0.99999994,0.0,0.0,0.55103016,0.07312727,0,975,1177
0.23964497,0.9962191,0.0,0.99999994,0.99999994,0.99999994,0.0,0.0,0.55103016,0.6620703,0,2187,861
0.24852072,0.9962191,0.0,0.99999994,0.99999994,0.99999994,0.0,0.0,0.55103016,0.4124055,0,1392,1022
0.22485207,0.9962191,0.0,0.99999994,0.0,0.99999994,0.0,0.0,0.0,0.022688866,1,925,649
0.20414202,0.9962191,0.0,0.99999994,0.0,0.99999994,0.0,0.0,0.55103016,0.25263882,0,273,1788
0.25739646,0.9962191,0.0,0.99999994,0.99999994,0.99999994,0.0,0.0,0.55103016,0.29942656,1,1128,1491
0.2366864,0.9962191,0.0,0.99999994,0.0,0.99999994,0.0,0.0,0.55103016,0.6112013,0,1953,810
0.22189349,0.9962191,0.0,0.99999994,0.0,0.99999994,0.0,0.0,0.0,0.111394405,1,1095,635
0.29881656,0.9962191,0.0,0.99999994,0.99999994,0.99999994,0.0,0.0,0.84921503,0.9190664,1,2188,1760
0.2810651,0.9962191,0.0,0.99999994,0.99999994,0.99999994,0.0,0.0,0.55103016,0.70824194,0,1560,1561
0.21893491,0.9962191,0.0,0.99999994,0.99999994,0.99999994,0.0,0.0,0.55103016,0.13687658,0,520,1570
0.26923078,0.9962191,0.0,0.99999994,0.99999994,0.99999994,0.0,0.0,0.55103016,0.4162593,1,1286,1345
0.20414202,0.9962191,0.0,0.99999994,0.0,0.99999994,0.0,0.0,0.0,0.2727089,0,2270,314
0.23076923,0.9962191,0.0,0.99999994,0.0,0.99999994,0.0,0.0,0.55103016,0.010726929,1,859,787
0.21893491,0.9962191,0.0,0.99999994,0.0,0.99999994,0.0,0.0,0.0,0.06911039,0,1026,562
0.18934911,0.9962191,0.0,0.99999994,0.0,0.99999994,0.0,0.0,0.0,0.07326698,1,546,151
0.1923077,0.9962191,0.0,0.99999994,0.0,0.99999994,0.0,0.0,0.0,0.11991835,1,222,210
0.2928994,0.9962191,0.0,0.99999994,0.99999994,0.99999994,0.0,0.0,0.55103016,0.9157524,0,1961,1692
0.25443786,0.9962191,0.0,0.99999994,0.99999994,0.99999994,0.0,0.0,0.55103016,0.21168852,1,1057,1434
0.26035503,0.9962191,0.0,0.99999994,0.99999994,0.99999994,0.0,0.0,0.55103016,0.3621421,1,1172,1564
0.23372781,0.9962191,0.0,0.99999994,0.0,0.99999994,0.0,0.0,0.55103016,0.45599985,0,1595,790
0.29881656,0.9962191,0.0,0.99999994,0.99999994,0.99999994,0.0,0.0,0.93928856,0.83973074,0,1733,1864
0.28698224,0.9962191,0.0,0.99999994,0.99999994,0.99999994,0.0,0.0,0.55103016,0.93146753,1,1954,1568
0.18639053,0.9962191,0.0,0.99999994,0.0,0.99999994,0.0,0.0,0.0,0.13484287,1,181,118
0.18047337,0.9962191,0.0,0.99999994,0.0,0.99999994,0.0,0.0,0.0,0.13756895,1,18,333
0.18343195,0.9962191,0.0,0.99999994,0.0,0.99999994,0.0,0.0,0.0,0.08946037,1,466,97
0.22485207,0.9962191,0.0,0.99999994,0.0,0.99999994,0.0,0.0,0.0,0.49364614,0,1965,643
0.21005918,0.9962191,0.0,0.99999994,0.0,0.99999994,0.0,0.0,0.0,0.33360052,0,2128,407
0.23076923,0.9962191,0.0,0.99999994,0.99999994,0.99999994,0.0,0.0,0.55103016,0.22078562,1,677,1759
0.30769232,0.9962191,0.0,0.99999994,0.99999994,0.99999994,0.0,0.0,0.8875029,0.8851824,1,1960,1926
0.19526628,0.9962191,0.0,0.99999994,0.0,0.99999994,0.0,0.0,0.0,0.07540655,0,500,240
0.1923077,0.9962191,0.0,0.99999994,0.0,0.99999994,0.0,0.0,0.0,0.13953495,0,1706,171
0.25739646,0.9962191,0.0,0.99999994,0.99999994,0.99999994,0.0,0.0,0.55103016,0.8497324,0,2143,1127
0.24852072,0.9962191,0.0,0.99999994,0.99999994,0.99999994,0.0,0.0,0.55103016,0.63466835,1,1643,1046
0.23964497,0.9962191,0.0,0.99999994,0.99999994,0.99999994,0.0,0.0,0.55103016,0.64297724,0,2031,848
0.18639053,0.9962191,0.0,0.99999994,0.0,0.99999994,0.0,0.0,0.0,0.12315416,0,246,130
0.2366864,0.9962191,0.0,0.99999994,0.99999994,0.99999994,0.0,0.0,0.55103016,0.21660233,1,783,1760
0.27218935,0.9962191,0.0,0.99999994,0.99999994,0.99999994,0.0,0.0,0.55103016,0.51526976,1,1357,1494
0.2810651,0.9962191,0.0,0.99999994,0.99999994,0.99999994,0.0,0.0,0.55103016,0.6607151,1,1500,1641
0.18343195,0.9962191,0.0,0.99999994,0.0,0.99999994,0.0,0.0,0.0,0.11158705,0,91,485
0.23372781,0.9962191,0.0,0.99999994,0.0,0.99999994,0.0,0.0,0.55103016,0.20988941,0,1212,795
0.21301776,0.9962191,0.0,0.99999994,0.0,0.99999994,0.0,0.0,0.55103016,0.063952446,0,423,1411
0.2781065,0.9962191,0.0,0.99999994,0.99999994,0.99999994,0.0,0.0,0.98663163,0.6194291,1,1405,1919
0.20118344,0.9962191,0.0,0.99999994,0.0,0.99999994,0.0,0.0,0.0,0.2481327,0,1777,314
0.295858,0.9962191,0.0,0.99999994,0.99999994,0.99999994,0.0,0.0,0.86433494,0.93499756,0,2371,1721
0.22781065,0.9962191,0.0,0.99999994,0.0,0.99999994,0.0,0.0,0.55103016,0.022611618,0,739,756
0.20118344,0.9962191,0.0,0.99999994,0.0,0.99999994,0.0,0.0,0.0,0.07888365,1,300,570
0.24556214,0.9962191,0.0,0.99999994,0.99999994,0.99999994,0.0,0.0,0.55103016,0.3707099,1,1364,970
0.18639053,0.9962191,0.0,0.99999994,0.0,0.99999994,0.0,0.0,0.0,0.12831783,1,223,114
0.28994083,0.9962191,0.0,0.99999994,0.99999994,0.99999994,0.0,0.0,0.55103016,0.7493644,1,1604,1777
0.26923078,0.9962191,0.0,0.99999994,0.99999994,0.99999994,0.0,0.0,0.55103016,0.9707284,0,2030,1309
0.25443786,0.9962191,0.0,0.99999994,0.99999994,0.99999994,0.0,0.0,0.55103016,0.20829725,0,1091,1328
0.21597633,0.9962191,0.0,0.99999994,0.0,0.99999994,0.0,0.0,0.0,0.032550335,1,696,598
0.23076923,0.9962191,0.0,0.99999994,0.0,0.99999994,0.0,0.0,0.55103016,0.390759,0,1510,768
0.18639053,0.9962191,0.0,0.99999994,0.0,0.99999994,0.0,0.0,0.0,0.119335175,1,123,368
0.24852072,0.9962191,0.0,0.99999994,0.99999994,0.99999994,0.0,0.0,0.55103016,0.2606783,0,952,1781
0.21893491,0.9962191,0.0,0.99999994,0.99999994,0.99999994,0.0,0.0,0.55103016,0.017147541,0,538,1202
0.21005918,0.9962191,0.0,0.99999994,0.0,0.99999994,0.0,0.0,0.0,0.32387304,0,2235,387
0.21893491,0.9962191,0.0,0.99999994,0.99999994,0.99999994,0.0,0.0,0.55103016,0.020283222,0,555,1128
0.25739646,0.9962191,0.0,0.99999994,0.99999994,0.99999994,0.0,0.0,0.55103016,0.4950018,0,1419,1173
0.28402367,0.9962191,0.0,0.99999994,0.99999994,0.99999994,0.0,0.0,0.55103016,0.9367976,0,1954,1527
0.2366864,0.9962191,0.0,0.99999994,0.99999994,0.99999994,0.0,0.0,0.55103016,0.5512681,1,1692,843
0.21005918,0.9962191,0.0,0.99999994,0.0,0.99999994,0.0,0.0,0.0,0.061309814,1,471,538
0.22781065,0.9962191,0.0,0.99999994,0.99999994,0.99999994,0.0,0.0,0.55103016,0.17867088,0,658,1669
0.24556214,0.9962191,0.0,0.99999994,0.99999994,0.99999994,0.0,0.0,0.55103016,0.70885086,1,1783,981
0.21597633,0.9962191,0.0,0.99999994,0.0,0.99999994,0.0,0.0,0.0,0.019528389,1,819,570
0.295858,0.9962191,0.0,0.99999994,0.99999994,0.99999994,0.0,0.0,0.9517516,0.78852606,0,1659,1856
0.23076923,0.9962191,0.0,0.99999994,0.99999994,0.99999994,0.0,0.0,0.55103016,0.25913715,0,662,1838
0.25739646,0.9962191,0.0,0.99999994,0.99999994,0.99999994,0.0,0.0,0.55103016,0.37572622,1,1070,1855
0.1923077,0.9962191,0.0,0.99999994,0.0,0.99999994,0.0,0.0,0.0,0.108793736,0,1957,100
0.30769232,0.9962191,0.0,0.99999994,0.99999994,0.99999994,0.0,0.0,0.87030876,0.8927798,1,2021,1889
0.18934911,0.9962191,0.0,0.99999994,0.0,0.99999994,0.0,0.0,0.0,0.07294655,1,548,151
0.24260356,0.9962191,0.0,0.99999994,0.99999994,0.99999994,0.0,0.0,0.55103016,0.21479845,1,867,1764
0.23372781,0.9962191,0.0,0.99999994,0.0,0.99999994,0.0,0.0,0.55103016,0.40966177,0,1521,793
0.2071006,0.9962191,0.0,0.99999994,0.0,0.99999994,0.0,0.0,0.0,0.059372425,0,408,674
0.21301776,0.9962191,0.0,0.99999994,0.0,0.99999994,0.0,0.0,0.0,0.056338787,1,470,620
0.19526628,0.9962191,0.0,0.99999994,0.0,0.99999994,0.0,0.0,0.0,0.02167368,0,859,225
0.18343195,0.9962191,0.0,0.99999994,0.0,0.99999994,0.0,0.0,0.0,0.15097809,0,63,148
0.22781065,0.9962191,0.0,0.99999994,0.0,0.99999994,0.0,0.0,0.0,0.008144379,0,899,718
0.20118344,0.9962191,0.0,0.99999994,0.0,0.99999994,0.0,0.0,0.0,0.07876921,1,301,570
0.1923077,0.9962191,0.0,0.99999994,0.0,0.99999994,0.0,0.0,0.55103016,0.07186079,1,176,795
0.20118344,0.9962191,0.0,0.99999994,0.0,0.99999994,0.0,0.0,0.55103016,0.029326439,0,274,1199
0.23964497,0.9962191,0.0,0.99999994,0.99999994,0.99999994,0.0,0.0,0.55103016,0.17568111,1,865,1681
0.26923078,0.9962191,0.0,0.99999994,0.99999994,0.99999994,0.0,0.0,0.55103016,0.5052886,1,1312,1655
0.2662722,0.9962191,0.0,0.99999994,0.99999994,0.99999994,0.0,0.0,0.55103016,0.5179224,0,1386,1332
0.18047337,0.9962191,0.0,0.99999994,0.0,0.99999994,0.0,0.0,0.0,0.13083029,1,15,397
0.30473372,0.9962191,0.0,0.99999994,0.99999994,0.99999994,0.0,0.0,0.84177095,0.902338,1,2165,1868
0.21005918,0.9962191,0.0,0.99999994,0.0,0.99999994,0.0,0.0,0.0,0.044228554,1,631,498
0.2071006,0.9962191,0.0,0.99999994,0.0,0.99999994,0.0,0.0,0.0,0.016893864,0,870,395
0.22781065,0.9962191,0.0,0.99999994,0.0,0.99999994,0.0,0.0,0.55103016,0.170187,1,1169,736
0.26035503,0.9962191,0.0,0.99999994,0.99999994,0.99999994,0.0,0.0,0.55103016,0.36902952,1,1187,1541
0.18343195,0.9962191,0.0,0.99999994,0.0,0.99999994,0.0,0.0,0.0,0.042441845,0,1336,49
0.25443786,0.9962191,0.0,0.99999994,0.99999994,0.99999994,0.0,0.0,0.55103016,0.2650504,0,1094,1484
0.1923077,0.9962191,0.0,0.99999994,0.0,0.99999994,0.0,0.0,0.55103016,0.058203697,0,140,967
0.22781065,0.9962191,0.0,0.99999994,0.0,0.99999994,0.0,0.0,0.55103016,0.38279676,0,1521,737
0.2071006,0.9962191,0.0,0.99999994,0.0,0.99999994,0.0,0.0,0.55103016,0.025129318,0,348,1210
0.21893491,0.9962191,0.0,0.99999994,0.99999994,0.99999994,0.0,0.0,0.55103016,0.14768553,0,550,1595
0.19822486,0.9962191,0.0,0.99999994,0.0,0.99999994,0.0,0.0,0.55103016,0.32526731,0,178,1928
0.0,0.0,0.0,0.0,0.0,0.0,0.0,0.0,0.0,0.024995804,0,865,0
0.2514793,0.9962191,0.0,0.99999994,0.99999994,0.99999994,0.0,0.0,0.55103016,0.76820993,0,1802,1047
0.18639053,0.9962191,0.0,0.99999994,0.0,0.99999994,0.0,0.0,0.0,0.135952,0,130,191
0.20118344,0.9962191,0.0,0.99999994,0.0,0.99999994,0.0,0.0,0.0,0.08487654,0,349,416
0.23372781,0.9962191,0.0,0.99999994,0.99999994,0.99999994,0.0,0.0,0.55103016,0.033083916,0,939,828
0.24260356,0.9962191,0.0,0.99999994,0.99999994,0.99999994,0.0,0.0,0.55103016,0.634233,1,1710,955
0.26331362,0.9962191,0.0,0.99999994,0.99999994,0.99999994,0.0,0.0,0.55103016,0.4139142,1,1214,1618
0.24260356,0.9962191,0.0,0.99999994,0.99999994,0.99999994,0.0,0.0,0.55103016,0.2623825,0,1235,944
0.18343195,0.9962191,0.0,0.99999994,0.0,0.99999994,0.0,0.0,0.0,0.11175966,0,82,494
0.23964497,0.9962191,0.0,0.99999994,0.99999994,0.99999994,0.0,0.0,0.55103016,0.11927223,0,846,1560
0.2071006,0.9962191,0.0,0.99999994,0.0,0.99999994,0.0,0.0,0.0,0.064424515,1,409,599
0.28402367,0.9962191,0.0,0.99999994,0.99999994,0.99999994,0.0,0.0,0.8803223,0.951046,0,2198,1544
0.23372781,0.9962191,0.0,0.99999994,0.0,0.99999994,0.0,0.0,0.55103016,0.47893906,1,1621,801
0.25739646,0.9962191,0.0,0.99999994,0.99999994,0.99999994,0.0,0.0,0.55103016,0.58481264,0,1518,1164
0.18047337,0.9962191,0.0,0.99999994,0.0,0.99999994,0.0,0.0,0.0,0.058070183,0,669,39
0.2514793,0.9962191,0.0,0.99999994,0.99999994,0.99999994,0.0,0.0,0.55103016,0.7758322,0,2100,1028
0.26035503,0.9962191,0.0,0.99999994,0.99999994,0.99999994,0.0,0.0,0.55103016,0.3439908,0,1152,1563
0.2514793,0.9962191,0.0,0.99999994,0.99999994,0.99999994,0.0,0.0,0.55103016,0.3530879,0,1298,1084
0.2366864,0.9962191,0.0,0.99999994,0.99999994,0.99999994,0.0,0.0,0.55103016,0.006579399,1,895,844
0.18343195,0.9962191,0.0,0.99999994,0.0,0.99999994,0.0,0.0,0.0,0.08954716,0,478,63
0.23372781,0.9962191,0.0,0.99999994,0.0,0.99999994,0.0,0.0,0.55103016,0.107779026,0,1053,806
0.22189349,0.9962191,0.0,0.99999994,0.99999994,0.99999994,0.0,0.0,0.55103016,0.11415577,0,586,1528
0.26331362,0.9962191,0.0,0.99999994,0.99999994,0.99999994,0.0,0.0,0.55103016,0.40771008,0,1295,1275
0.21301776,0.9962191,0.0,0.99999994,0.0,0.99999994,0.0,0.0,0.0,0.02848196,0,746,551
0.18639053,0.9962191,0.0,0.99999994,0.0,0.99999994,0.0,0.0,0.0,0.094302654,0,84,659
0.2810651,0.9962191,0.0,0.99999994,0.99999994,0.99999994,0.0,0.0,0.55103016,0.64267063,1,1458,1807
0.2366864,0.9962191,0.0,0.99999994,0.99999994,0.99999994,0.0,0.0,0.55103016,0.12044716,0,1062,865
0.23076923,0.9962191,0.0,0.99999994,0.0,0.99999994,0.0,0.0,0.0,0.5462465,0,2081,708
0.22781065,0.9962191,0.0,0.99999994,0.99999994,0.99999994,0.0,0.0,0.55103016,0.10395765,0,665,1513
0.28698224,0.9962191,0.0,0.99999994,0.99999994,0.99999994,0.0,0.0,0.55103016,0.73750687,0,1591,1653
0.2514793,0.9962191,0.0,0.99999994,0.99999994,0.99999994,0.0,0.0,0.55103016,0.39248085,1,1351,1063
0.22189349,0.9962191,0.0,0.99999994,0.99999994,0.99999994,0.0,0.0,0.55103016,0.014018059,0,576,1230
0.25739646,0.9962191,0.0,0.99999994,0.99999994,0.99999994,0.0,0.0,0.55103016,0.8296814,0,1874,1127
0.21597633,0.9962191,0.0,0.99999994,0.0,0.99999994,0.0,0.0,0.55103016,0.03774929,0,507,871
0.2366864,0.9962191,0.0,0.99999994,0.99999994,0.99999994,0.0,0.0,0.55103016,0.6049471,0,1778,835
0.30473372,0.9962191,0.0,0.99999994,0.99999994,0.99999994,0.0,0.0,0.9057553,0.88676834,1,1875,1884
0.24260356,0.9962191,0.0,0.99999994,0.99999994,0.99999994,0.0,0.0,0.55103016,0.21636057,0,853,1766
0.22485207,0.9962191,0.0,0.99999994,0.0,0.99999994,0.0,0.0,0.0,0.21379995,0,1279,657
0.0,0.0,0.0,0.0,0.0,0.0,0.0,0.0,0.0,0.043085575,0,1962,7
0.25739646,0.9962191,0.0,0.99999994,0.99999994,0.99999994,0.0,0.0,0.55103016,0.35807467,1,1117,1701
0.21597633,0.9962191,0.0,0.99999994,0.0,0.99999994,0.0,0.0,0.0,0.036833763,1,659,594
0.8994083,0.9965417,0.9961945,0.99999994,0.99999994,0.99999994,0.0,0.0,0.8423004,0.89968634,0,2358,1943
0.19822486,0.9962191,0.0,0.99999994,0.0,0.99999994,0.0,0.0,0.0,0.06157732,0,573,296
0.24260356,0.9962191,0.0,0.99999994,0.99999994,0.99999994,0.0,0.0,0.55103016,0.6744251,1,1774,941
0.26923078,0.9962191,0.0,0.99999994,0.99999994,0.99999994,0.0,0.0,0.55103016,0.52000713,0,1329,1658
0.25443786,0.9962191,0.0,0.99999994,0.99999994,0.99999994,0.0,0.0,0.55103016,0.3199978,1,1027,1789
0.21005918,0.9962191,0.0,0.99999994,0.0,0.99999994,0.0,0.0,0.0,0.16194868,0,1300,449
0.21597633,0.9962191,0.0,0.99999994,0.0,0.99999994,0.0,0.0,0.0,0.015616894,1,858,542
0.29881656,0.9962191,0.0,0.99999994,0.99999994,0.99999994,0.0,0.0,0.55103016,0.9038787,1,1898,1757
0.2662722,0.9962191,0.0,0.99999994,0.99999994,0.99999994,0.0,0.0,0.55103016,0.59170246,0,1462,1302
0.25443786,0.9962191,0.0,0.99999994,0.99999994,0.99999994,0.0,0.0,0.55103016,0.17730474,1,1068,1307
0.18934911,0.9962191,0.0,0.99999994,0.0,0.99999994,0.0,0.0,0.0,0.071985245,1,554,151
0.19526628,0.9962191,0.0,0.99999994,0.0,0.99999994,0.0,0.0,0.0,0.083770275,0,433,266
0.21005918,0.9962191,0.0,0.99999994,0.0,0.99999994,0.0,0.0,0.0,0.030743122,0,746,480
0.18343195,0.9962191,0.0,0.99999994,0.0,0.99999994,0.0,0.0,0.0,0.13408327,0,204,85
0.24556214,0.9962191,0.0,0.99999994,0.99999994,0.99999994,0.0,0.0,0.55103016,0.07233,1,927,1407
0.27218935,0.9962191,0.0,0.99999994,0.99999994,0.99999994,0.0,0.0,0.55103016,0.5363784,0,1368,1560
0.2781065,0.9962191,0.0,0.99999994,0.99999994,0.99999994,0.0,0.0,0.9062235,0.9725704,0,2311,1453
0.1923077,0.9962191,0.0,0.99999994,0.0,0.99999994,0.0,0.0,0.0,0.11876917,0,1891,117
0.22781065,0.9962191,0.0,0.99999994,0.99999994,0.99999994,0.0,0.0,0.55103016,0.010592461,0,666,1221
0.24556214,0.9962191,0.0,0.99999994,0.99999994,0.99999994,0.0,0.0,0.55103016,0.12927628,0,954,1476
0.2810651,0.9962191,0.0,0.99999994,0.99999994,0.99999994,0.0,0.0,0.9805206,0.6348586,1,1433,1894
0.26923078,0.9962191,0.0,0.99999994,0.99999994,0.99999994,0.0,0.0,0.55103016,0.94992447,0,1818,1342
0.21301776,0.9962191,0.0,0.99999994,0.0,0.99999994,0.0,0.0,0.0,0.3499093,0,2173,427
0.25739646,0.9962191,0.0,0.99999994,0.99999994,0.99999994,0.0,0.0,0.55103016,0.2728281,1,1144,1357
0.28698224,0.9962191,0.0,0.99999994,0.99999994,0.99999994,0.0,0.0,0.87360007,0.9446602,0,2176,1578
0.21005918,0.9962191,0.0,0.99999994,0.0,0.99999994,0.0,0.0,0.55103016,0.026941776,0,393,1156
0.2781065,0.9962191,0.0,0.99999994,0.99999994,0.99999994,0.0,0.0,0.89215,0.96320105,0,2197,1460
0.18934911,0.9962191,0.0,0.99999994,0.0,0.99999994,0.0,0.0,0.55103016,0.027101994,0,66,1309
0.23964497,0.9962191,0.0,0.99999994,0.99999994,0.99999994,0.0,0.0,0.55103016,0.36904764,0,1392,907
0.20118344,0.9962191,0.0,0.99999994,0.0,0.99999994,0.0,0.0,0.55103016,0.20265341,0,236,1682
0.25739646,0.9962191,0.0,0.99999994,0.99999994,0.99999994,0.0,0.0,0.55103016,0.85222054,1,1797,1170
0.21005918,0.9962191,0.0,0.99999994,0.0,0.99999994,0.0,0.0,0.0,0.032405376,0,731,486
0.19822486,0.9962191,0.0,0.99999994,0.0,0.99999994,0.0,0.0,0.0,0.1962657,0,1968,223
0.2928994,0.9962191,0.0,0.99999994,0.99999994,0.99999994,0.0,0.0,0.8631085,0.9334998,1,2187,1660
0.21005918,0.9962191,0.0,0.99999994,0.0,0.99999994,0.0,0.0,0.0,0.27562284,0,1584,463
0.1923077,0.9962191,0.0,0.99999994,0.0,0.99999994,0.0,0.0,0.0,0.11557484,1,248,214
0.23372781,0.9962191,0.0,0.99999994,0.99999994,0.99999994,0.0,0.0,0.55103016,0.1941328,1,765,1711
0.30473372,0.9962191,0.0,0.99999994,0.99999994,0.99999994,0.0,0.0,0.919839,0.88259506,0,1821,1898
0.2928994,0.9962191,0.0,0.99999994,0.99999994,0.99999994,0.0,0.0,0.55103016,0.9297128,1,2131,1663
0.28994083,0.9962191,0.0,0.99999994,0.99999994,0.99999994,0.0,0.0,0.87151855,0.9414973,1,2234,1625
0.21893491,0.9962191,0.0,0.99999994,0.0,0.99999994,0.0,0.0,0.0,0.4340601,0,2120,548
0.2071006,0.9962191,0.0,0.99999994,0.0,0.99999994,0.0,0.0,0.0,0.064845085,1,428,561
0.26331362,0.9962191,0.0,0.99999994,0.99999994,0.99999994,0.0,0.0,0.55103016,0.35046864,0,1220,1355
0.26035503,0.9962191,0.0,0.99999994,0.99999994,0.99999994,0.0,0.0,0.55103016,0.40759754,0,1183,1689
0.2662722,0.9962191,0.0,0.99999994,0.99999994,0.99999994,0.0,0.0,0.55103016,0.41095972,1,1289,1307
0.2662722,0.9962191,0.0,0.99999994,0.99999994,0.99999994,0.0,0.0,0.55103016,0.9383812,1,1787,1319
0.23372781,0.9962191,0.0,0.99999994,0.0,0.99999994,0.0,0.0,0.55103016,0.6039567,0,2370,765
0.20414202,0.9962191,0.0,0.99999994,0.0,0.99999994,0.0,0.0,0.0,0.075743675,0,358,523
0.19822486,0.9962191,0.0,0.99999994,0.0,0.99999994,0.0,0.0,0.0,0.08908081,0,283,470
0.18343195,0.9962191,0.0,0.99999994,0.0,0.99999994,0.0,0.0,0.0,0.10956001,0,350,86
0.2781065,0.9962191,0.0,0.99999994,0.99999994,0.99999994,0.0,0.0,0.9772464,0.6114197,1,1409,1841
0.18639053,0.9962191,0.0,0.99999994,0.0,0.99999994,0.0,0.0,0.0,0.024507046,0,856,105
0.2514793,0.9962191,0.0,0.99999994,0.99999994,0.99999994,0.0,0.0,0.55103016,0.52106714,1,1500,1063
0.2781065,0.9962191,0.0,0.99999994,0.99999994,0.99999994,0.0,0.0,0.55103016,0.7753277,1,1634,1482
0.24556214,0.9962191,0.0,0.99999994,0.99999994,0.99999994,0.0,0.0,0.55103016,0.37584114,1,1362,989
0.23964497,0.9962191,0.0,0.99999994,0.99999994,0.99999994,0.0,0.0,0.55103016,0.6296902,0,1763,887
0.1923077,0.9962191,0.0,0.99999994,0.0,0.99999994,0.0,0.0,0.0,0.14821815,0,1725,180
0.28994083,0.9962191,0.0,0.99999994,0.99999994,0.99999994,0.0,0.0,0.8721726,0.9418149,1,2268,1637
0.25443786,0.9962191,0.0,0.99999994,0.99999994,0.99999994,0.0,0.0,0.55103016,0.47718477,1,1420,1126
0.2366864,0.9962191,0.0,0.99999994,0.99999994,0.99999994,0.0,0.0,0.55103016,0.0620265,0,808,1436
0.23964497,0.9962191,0.0,0.99999994,0.99999994,0.99999994,0.0,0.0,0.55103016,0.6634016,1,1808,897
0.23372781,0.9962191,0.0,0.99999994,0.99999994,0.99999994,0.0,0.0,0.55103016,0.02808094,1,776,1362
0.19526628,0.9962191,0.0,0.99999994,0.0,0.99999994,0.0,0.0,0.55103016,0.12872076,0,157,1524
0.22781065,0.9962191,0.0,0.99999994,0.99999994,0.99999994,0.0,0.0,0.55103016,0.045331478,0,650,1389
0.28698224,0.9962191,0.0,0.99999994,0.99999994,0.99999994,0.0,0.0,0.8724841,0.9429221,0,2203,1602
0.21893491,0.9962191,0.0,0.99999994,0.0,0.99999994,0.0,0.0,0.0,0.02035284,1,800,622
0.21005918,0.9962191,0.0,0.99999994,0.0,0.99999994,0.0,0.0,0.0,0.33554697,0,2026,416
0.295858,0.9962191,0.0,0.99999994,0.99999994,0.99999994,0.0,0.0,0.55103016,0.9084215,1,1869,1708
0.24852072,0.9962191,0.0,0.99999994,0.99999994,0.99999994,0.0,0.0,0.55103016,0.10108328,1,999,1256
0.25443786,0.9962191,0.0,0.99999994,0.99999994,0.99999994,0.0,0.0,0.55103016,0.341084,1,1039,1821
0.2514793,0.9962191,0.0,0.99999994,0.99999994,0.99999994,0.0,0.0,0.55103016,0.12821817,0,1036,1144
0.20118344,0.9962191,0.0,0.99999994,0.0,0.99999994,0.0,0.0,0.0,0.072234154,0,1115,318
0.28698224,0.9962191,0.0,0.99999994,0.99999994,0.99999994,0.0,0.0,0.55103016,0.77958155,0,1641,1629
0.19822486,0.9962191,0.0,0.99999994,0.0,0.99999994,0.0,0.0,0.55103016,0.12680006,0,207,1524
0.2781065,0.9962191,0.0,0.99999994,0.99999994,0.99999994,0.0,0.0,0.55103016,0.61373854,1,1433,1719
0.30473372,0.9962191,0.0,0.99999994,0.99999994,0.99999994,0.0,0.0,0.8695172,0.8940344,0,2022,1880
0.21005918,0.9962191,0.0,0.99999994,0.0,0.99999994,0.0,0.0,0.0,0.06401634,1,430,570
0.18639053,0.9962191,0.0,0.99999994,0.0,0.99999994,0.0,0.0,0.0,0.13938046,0,108,191
0.30177516,0.9962191,0.0,0.99999994,0.99999994,0.99999994,0.0,0.0,0.9312846,0.86427784,1,1772,1889
0.21301776,0.9962191,0.0,0.99999994,0.0,0.99999994,0.0,0.0,0.0,0.3742056,0,2218,458
0.25739646,0.9962191,0.0,0.99999994,0.99999994,0.99999994,0.0,0.0,0.55103016,0.8132181,0,1740,1193
0.26923078,0.9962191,0.0,0.99999994,0.99999994,0.99999994,0.0,0.0,0.55103016,0.46018457,1,1294,1513
0.2810651,0.9962191,0.0,0.99999994,0.99999994,0.99999994,0.0,0.0,0.55103016,0.63256836,0,1476,1555
0.19526628,0.9962191,0.0,0.99999994,0.0,0.99999994,0.0,0.0,0.0,0.14857054,0,1961,156
0.28402367,0.9962191,0.0,0.99999994,0.99999994,0.99999994,0.0,0.0,0.55103016,0.94242334,1,2044,1531
0.2366864,0.9962191,0.0,0.99999994,0.99999994,0.99999994,0.0,0.0,0.55103016,0.0063271523,1,900,855
0.23076923,0.9962191,0.0,0.99999994,0.0,0.99999994,0.0,0.0,0.55103016,0.43141127,1,1584,757
0.18934911,0.9962191,0.0,0.99999994,0.0,0.99999994,0.0,0.0,0.0,0.1141572,0,2323,92
0.2662722,0.9962191,0.0,0.99999994,0.99999994,0.99999994,0.0,0.0,0.55103016,0.4055624,1,1244,1479
0.2514793,0.9962191,0.0,0.99999994,0.99999994,0.99999994,0.0,0.0,0.55103016,0.6813321,0,1678,1074
0.2781065,0.9962191,0.0,0.99999994,0.99999994,0.99999994,0.0,0.0,0.55103016,0.6263838,0,1449,1719
0.2366864,0.9962191,0.0,0.99999994,0.99999994,0.99999994,0.0,0.0,0.55103016,0.5551863,1,1695,846
0.24260356,0.9962191,0.0,0.99999994,0.99999994,0.99999994,0.0,0.0,0.55103016,0.34328508,1,1339,947
0.2366864,0.9962191,0.0,0.99999994,0.99999994,0.99999994,0.0,0.0,0.55103016,0.44324732,1,1530,850
0.22485207,0.9962191,0.0,0.99999994,0.0,0.99999994,0.0,0.0,0.0,0.27624893,0,1394,658
0.24556214,0.9962191,0.0,0.99999994,0.99999994,0.99999994,0.0,0.0,0.55103016,0.22387075,1,1173,989
0.2514793,0.9962191,0.0,0.99999994,0.99999994,0.99999994,0.0,0.0,0.55103016,0.28332376,1,1044,1658
0.18934911,0.9962191,0.0,0.99999994,0.0,0.99999994,0.0,0.0,0.0,0.10818148,1,175,411
0.28402367,0.9962191,0.0,0.99999994,0.99999994,0.99999994,0.0,0.0,0.55103016,0.94004107,1,2051,1552
0.18934911,0.9962191,0.0,0.99999994,0.0,0.99999994,0.0,0.0,0.0,0.099469185,0,2193,77
0.21005918,0.9962191,0.0,0.99999994,0.0,0.99999994,0.0,0.0,0.0,0.022962093,0,806,493
0.21301776,0.9962191,0.0,0.99999994,0.0,0.99999994,0.0,0.0,0.55103016,0.025836468,0,488,1095
0.25443786,0.9962191,0.0,0.99999994,0.99999994,0.99999994,0.0,0.0,0.55103016,0.28040123,0,1095,1526
0.27218935,0.9962191,0.0,0.99999994,0.99999994,0.99999994,0.0,0.0,0.55103016,0.9510226,1,1847,1352
0.25443786,0.9962191,0.0,0.99999994,0.99999994,0.99999994,0.0,0.0,0.55103016,0.3191061,1,1032,1777
0.22189349,0.9962191,0.0,0.99999994,0.0,0.99999994,0.0,0.0,0.0,0.46117353,0,2302,573
0.21893491,0.9962191,0.0,0.99999994,0.0,0.99999994,0.0,0.0,0.55103016,0.2753787,0,486,1855
0.20118344,0.9962191,0.0,0.99999994,0.0,0.99999994,0.0,0.0,0.0,0.07985449,0,319,530
0.23964497,0.9962191,0.0,0.99999994,0.99999994,0.99999994,0.0,0.0,0.55103016,0.3731866,0,1393,916
0.18934911,0.9962191,0.0,0.99999994,0.0,0.99999994,0.0,0.0,0.0,0.1208477,0,151,313
0.21893491,0.9962191,0.0,0.99999994,0.99999994,0.99999994,0.0,0.0,0.55103016,0.13639641,0,520,1569
0.18343195,0.9962191,0.0,0.99999994,0.0,0.99999994,0.0,0.0,0.0,0.028884888,0,1090,50
0.27514794,0.9962191,0.0,0.99999994,0.99999994,0.99999994,0.0,0.0,0.9937591,0.5970311,1,1366,1939
0.18047337,0.9962191,0.0,0.99999994,0.0,0.99999994,0.0,0.0,0.0,0.12945461,1,11,414
0.28402367,0.9962191,0.0,0.99999994,0.99999994,0.99999994,0.0,0.0,0.55103016,0.68592596,1,1520,1773
0.27514794,0.9962191,0.0,0.99999994,0.99999994,0.99999994,0.0,0.0,0.90787464,0.97557306,0,2270,1413
0.24260356,0.9962191,0.0,0.99999994,0.99999994,0.99999994,0.0,0.0,0.55103016,0.36964512,1,1364,967
0.23372781,0.9962191,0.0,0.99999994,0.99999994,0.99999994,0.0,0.0,0.55103016,0.0069565773,0,816,1104
0.19526628,0.9962191,0.0,0.99999994,0.0,0.99999994,0.0,0.0,0.0,0.12211466,0,1455,220
0.21893491,0.9962191,0.0,0.99999994,0.99999994,0.99999994,0.0,0.0,0.55103016,0.109381676,0,548,1515
0.22781065,0.9962191,0.0,0.99999994,0.0,0.99999994,0.0,0.0,0.55103016,0.040016174,0,953,736
0.1923077,0.9962191,0.0,0.99999994,0.0,0.99999994,0.0,0.0,0.55103016,0.06551266,0,166,871
0.21597633,0.9962191,0.0,0.99999994,0.0,0.99999994,0.0,0.0,0.0,0.29182577,0,1540,530
0.21005918,0.9962191,0.0,0.99999994,0.0,0.99999994,0.0,0.0,0.0,0.025801659,1,784,488
0.30473372,0.9962191,0.0,0.99999994,0.99999994,0.99999994,0.0,0.0,0.91481423,0.885519,1,1837,1880
0.2366864,0.9962191,0.0,0.99999994,0.99999994,0.99999994,0.0,0.0,0.55103016,0.034902096,1,941,854
0.21597633,0.9962191,0.0,0.99999994,0.0,0.99999994,0.0,0.0,0.0,0.025414944,1,762,591
0.21005918,0.9962191,0.0,0.99999994,0.0,0.99999994,0.0,0.0,0.0,0.040299892,1,671,474
0.23372781,0.9962191,0.0,0.99999994,0.0,0.99999994,0.0,0.0,0.55103016,0.01889801,1,918,806
0.22781065,0.9962191,0.0,0.99999994,0.0,0.99999994,0.0,0.0,0.55103016,0.014500141,0,827,749
0.21005918,0.9962191,0.0,0.99999994,0.0,0.99999994,0.0,0.0,0.0,0.022445202,1,813,479
0.2071006,0.9962191,0.0,0.99999994,0.0,0.99999994,0.0,0.0,0.55103016,0.04792404,0,389,863
0.23076923,0.9962191,0.0,0.99999994,0.0,0.99999994,0.0,0.0,0.55103016,0.33419085,1,1435,745
0.18639053,0.9962191,0.0,0.99999994,0.0,0.99999994,0.0,0.0,0.0,0.10099602,0,377,142
0.2662722,0.9962191,0.0,0.99999994,0.99999994,0.99999994,0.0,0.0,0.55103016,0.93311167,1,1925,1268
0.19526628,0.9962191,0.0,0.99999994,0.0,0.99999994,0.0,0.0,0.55103016,0.062367916,0,220,857
0.26923078,0.9962191,0.0,0.99999994,0.99999994,0.99999994,0.0,0.0,0.55103016,0.5041909,1,1308,1666
0.21301776,0.9962191,0.0,0.99999994,0.0,0.99999994,0.0,0.0,0.0,0.029317856,1,747,521
0.20414202,0.9962191,0.0,0.99999994,0.0,0.99999994,0.0,0.0,0.55103016,0.23434544,0,291,1752
0.24556214,0.9962191,0.0,0.99999994,0.99999994,0.99999994,0.0,0.0,0.55103016,0.093036175,1,950,1402
0.23964497,0.9962191,0.0,0.99999994,0.99999994,0.99999994,0.0,0.0,0.55103016,0.0005841255,0,860,1306
0.0,0.0,0.0,0.0,0.0,0.0,0.0,0.0,0.0,0.13405752,0,1,385
0.24556214,0.9962191,0.0,0.99999994,0.99999994,0.99999994,0.0,0.0,0.55103016,0.061027527,0,961,1214
0.1923077,0.9962191,0.0,0.99999994,0.0,0.99999994,0.0,0.0,0.0,0.11266327,0,2084,100
0.2514793,0.9962191,0.0,0.99999994,0.99999994,0.99999994,0.0,0.0,0.55103016,0.48784065,1,1462,1062
0.18343195,0.9962191,0.0,0.99999994,0.0,0.99999994,0.0,0.0,0.0,0.12861252,1,247,65
0.24556214,0.9962191,0.0,0.99999994,0.99999994,0.99999994,0.0,0.0,0.55103016,0.21985674,1,1170,981
0.26331362,0.9962191,0.0,0.99999994,0.99999994,0.99999994,0.0,0.0,0.55103016,0.93065023,0,2243,1229
0.28698224,0.9962191,0.0,0.99999994,0.99999994,0.99999994,0.0,0.0,0.55103016,0.7368121,1,1590,1661
0.2781065,0.9962191,0.0,0.99999994,0.99999994,0.99999994,0.0,0.0,0.99023503,0.6206207,1,1401,1946
0.24556214,0.9962191,0.0,0.99999994,0.99999994,0.99999994,0.0,0.0,0.55103016,0.7179184,1,1784,993
0.18934911,0.9962191,0.0,0.99999994,0.0,0.99999994,0.0,0.0,0.0,0.017428875,0,898,114
0.2366864,0.9962191,0.0,0.99999994,0.99999994,0.99999994,0.0,0.0,0.55103016,0.22509003,1,752,1775
0.23076923,0.9962191,0.0,0.99999994,0.0,0.99999994,0.0,0.0,0.55103016,0.5377674,0,1743,769
0.22189349,0.9962191,0.0,0.99999994,0.0,0.99999994,0.0,0.0,0.0,0.4690299,0,2272,586
0.20118344,0.9962191,0.0,0.99999994,0.0,0.99999994,0.0,0.0,0.55103016,0.14585781,0,268,1568
0.18639053,0.9962191,0.0,0.99999994,0.0,0.99999994,0.0,0.0,0.0,0.05982828,0,634,136
0.21597633,0.9962191,0.0,0.99999994,0.0,0.99999994,0.0,0.0,0.0,0.27943897,0,1494,547
0.21005918,0.9962191,0.0,0.99999994,0.0,0.99999994,0.0,0.0,0.0,0.06259775,1,459,540
0.26331362,0.9962191,0.0,0.99999994,0.99999994,0.99999994,0.0,0.0,0.55103016,0.34307146,1,1206,1381
0.21597633,0.9962191,0.0,0.99999994,0.0,0.99999994,0.0,0.0,0.0,0.15905714,0,1224,554
0.20118344,0.9962191,0.0,0.99999994,0.0,0.99999994,0.0,0.0,0.0,0.079461575,0,319,535
0.22781065,0.9962191,0.0,0.99999994,0.0,0.99999994,0.0,0.0,0.0,0.5195303,0,2352,650
0.26923078,0.9962191,0.0,0.99999994,0.99999994,0.99999994,0.0,0.0,0.55103016,0.6265292,0,1488,1356
0.22485207,0.9962191,0.0,0.99999994,0.0,0.99999994,0.0,0.0,0.0,0.026509285,1,713,715
0.23372781,0.9962191,0.0,0.99999994,0.99999994,0.99999994,0.0,0.0,0.55103016,0.49023628,1,1622,820
0.18934911,0.9962191,0.0,0.99999994,0.0,0.99999994,0.0,0.0,0.0,0.119801044,0,237,185
0.2366864,0.9962191,0.0,0.99999994,0.99999994,0.99999994,0.0,0.0,0.55103016,0.33266163,1,1370,851
0.29881656,0.9962191,0.0,0.99999994,0.99999994,0.99999994,0.0,0.0,0.84759307,0.91726923,1,2176,1768
0.18343195,0.9962191,0.0,0.99999994,0.0,0.99999994,0.0,0.0,0.0,0.10292959,0,8,653
0.2810651,0.9962191,0.0,0.99999994,0.99999994,0.99999994,0.0,0.0,0.55103016,0.82016087,1,1685,1558
0.21005918,0.9962191,0.0,0.99999994,0.0,0.99999994,0.0,0.0,0.0,0.035139084,1,708,489
0.27218935,0.9962191,0.0,0.99999994,0.99999994,0.99999994,0.0,0.0,0.55103016,0.957459,0,1944,1362
0.2366864,0.9962191,0.0,0.99999994,0.99999994,0.99999994,0.0,0.0,0.55103016,0.38799047,1,1459,836
0.26923078,0.9962191,0.0,0.99999994,0.99999994,0.99999994,0.0,0.0,0.55103016,0.4639306,0,1330,1356
0.20414202,0.9962191,0.0,0.99999994,0.0,0.99999994,0.0,0.0,0.0,0.11896467,0,1239,370
0.1923077,0.9962191,0.0,0.99999994,0.0,0.99999994,0.0,0.0,0.0,0.11596823,1,246,213
0.26331362,0.9962191,0.0,0.99999994,0.99999994,0.99999994,0.0,0.0,0.55103016,0.61807585,1,1494,1286
0.21005918,0.9962191,0.0,0.99999994,0.0,0.99999994,0.0,0.0,0.0,0.0544281,1,548,497
0.2781065,0.9962191,0.0,0.99999994,0.99999994,0.99999994,0.0,0.0,0.55103016,0.6057153,1,1438,1617
0.2810651,0.9962191,0.0,0.99999994,0.99999994,0.99999994,0.0,0.0,0.55103016,0.6483779,1,1467,1798
0.23076923,0.9962191,0.0,0.99999994,0.0,0.99999994,0.0,0.0,0.55103016,0.09529257,0,1041,759
0.2366864,0.9962191,0.0,0.99999994,0.99999994,0.99999994,0.0,0.0,0.55103016,0.22272348,1,784,1773
0.21005918,0.9962191,0.0,0.99999994,0.0,0.99999994,0.0,0.0,0.0,0.054677963,0,427,715
0.24852072,0.9962191,0.0,0.99999994,0.99999994,0.99999994,0.0,0.0,0.55103016,0.7341013,0,1908,988
0.20118344,0.9962191,0.0,0.99999994,0.0,0.99999994,0.0,0.0,0.0,0.24470711,0,2369,270
0.21301776,0.9962191,0.0,0.99999994,0.0,0.99999994,0.0,0.0,0.0,0.034383774,0,701,533
0.21301776,0.9962191,0.0,0.99999994,0.0,0.99999994,0.0,0.0,0.0,0.053045273,1,476,663
0.24260356,0.9962191,0.0,0.99999994,0.99999994,0.99999994,0.0,0.0,0.55103016,0.020384312,1,920,944
0.2366864,0.9962191,0.0,0.99999994,0.99999994,0.99999994,0.0,0.0,0.55103016,0.030853271,1,819,1371
0.1923077,0.9962191,0.0,0.99999994,0.0,0.99999994,0.0,0.0,0.0,0.12545729,1,189,205
0.2810651,0.9962191,0.0,0.99999994,0.99999994,0.99999994,0.0,0.0,0.8878915,0.9588356,0,2197,1490
0.18343195,0.9962191,0.0,0.99999994,0.0,0.99999994,0.0,0.0,0.0,0.1255393,0,69,379
0.23076923,0.9962191,0.0,0.99999994,0.0,0.99999994,0.0,0.0,0.55103016,0.3524027,1,1453,762
0.21301776,0.9962191,0.0,0.99999994,0.0,0.99999994,0.0,0.0,0.0,0.33547306,0,1944,421
0.21597633,0.9962191,0.0,0.99999994,0.0,0.99999994,0.0,0.0,0.0,0.011893749,1,892,525
0.19822486,0.9962191,0.0,0.99999994,0.0,0.99999994,0.0,0.0,0.0,0.02812481,0,807,283
0.21005918,0.9962191,0.0,0.99999994,0.0,0.99999994,0.0,0.0,0.0,0.083413124,0,1089,452
0.26035503,0.9962191,0.0,0.99999994,0.99999994,0.99999994,0.0,0.0,0.55103016,0.35622168,1,1161,1577
0.21005918,0.9962191,0.0,0.99999994,0.0,0.99999994,0.0,0.0,0.0,0.061622143,1,427,611
0.24260356,0.9962191,0.0,0.99999994,0.99999994,0.99999994,0.0,0.0,0.55103016,0.23596382,0,848,1807
0.19822486,0.9962191,0.0,0.99999994,0.0,0.99999994,0.0,0.0,0.0,0.071012974,0,248,730
0.23372781,0.9962191,0.0,0.99999994,0.0,0.99999994,0.0,0.0,0.55103016,0.31373549,1,1368,802
0.18047337,0.9962191,0.0,0.99999994,0.0,0.99999994,0.0,0.0,0.0,0.11601877,0,329,48
0.18639053,0.9962191,0.0,0.99999994,0.0,0.99999994,0.0,0.0,0.0,0.1229887,1,257,111
0.22485207,0.9962191,0.0,0.99999994,0.0,0.99999994,0.0,0.0,0.0,0.221807,0,1281,681
0.20414202,0.9962191,0.0,0.99999994,0.0,0.99999994,0.0,0.0,0.0,0.05409479,0,1043,331
0.24260356,0.9962191,0.0,0.99999994,0.99999994,0.99999994,0.0,0.0,0.55103016,0.69160557,0,2046,915
0.18639053,0.9962191,0.0,0.99999994,0.0,0.99999994,0.0,0.0,0.0,0.10628891,0,358,112
0.21597633,0.9962191,0.0,0.99999994,0.99999994,0.99999994,0.0,0.0,0.55103016,0.031936646,0,533,938
0.2071006,0.9962191,0.0,0.99999994,0.0,0.99999994,0.0,0.0,0.0,0.06656647,1,382,611
0.2071006,0.9962191,0.0,0.99999994,0.0,0.99999994,0.0,0.0,0.0,0.2907548,0,2288,338
0.18639053,0.9962191,0.0,0.99999994,0.0,0.99999994,0.0,0.0,0.0,0.08152437,0,1588,96
0.29881656,0.9962191,0.0,0.99999994,0.99999994,0.99999994,0.0,0.0,0.55103016,0.9038067,1,1918,1766
0.18343195,0.9962191,0.0,0.99999994,0.0,0.99999994,0.0,0.0,0.0,0.032607555,0,1415,13
0.25443786,0.9962191,0.0,0.99999994,0.99999994,0.99999994,0.0,0.0,0.55103016,0.28294706,1,1059,1623
0.21005918,0.9962191,0.0,0.99999994,0.0,0.99999994,0.0,0.0,0.0,0.040580273,1,671,467
0.24556214,0.9962191,0.0,0.99999994,0.99999994,0.99999994,0.0,0.0,0.55103016,0.05989313,0,951,1324
0.18343195,0.9962191,0.0,0.99999994,0.0,0.99999994,0.0,0.0,0.0,0.116733074,1,45,490
0.24260356,0.9962191,0.0,0.99999994,0.99999994,0.99999994,0.0,0.0,0.55103016,0.391819,1,1399,953
0.24556214,0.9962191,0.0,0.99999994,0.99999994,0.99999994,0.0,0.0,0.55103016,0.46619463,1,1470,997
0.28698224,0.9962191,0.0,0.99999994,0.99999994,0.99999994,0.0,0.0,0.87174016,0.94236565,1,2192,1601
0.20118344,0.9962191,0.0,0.99999994,0.0,0.99999994,0.0,0.0,0.0,0.21218538,0,1824,253
0.2366864,0.9962191,0.0,0.99999994,0.99999994,0.99999994,0.0,0.0,0.55103016,0.010076523,0,829,935
0.21301776,0.9962191,0.0,0.99999994,0.0,0.99999994,0.0,0.0,0.55103016,0.043096542,1,471,832
0.28698224,0.9962191,0.0,0.99999994,0.99999994,0.99999994,0.0,0.0,0.55103016,0.77893305,0,1640,1616
0.27514794,0.9962191,0.0,0.99999994,0.99999994,0.99999994,0.0,0.0,0.91823584,0.982584,0,2334,1399
0.25443786,0.9962191,0.0,0.99999994,0.99999994,0.99999994,0.0,0.0,0.55103016,0.365757,0,1296,1132
0.18934911,0.9962191,0.0,0.99999994,0.0,0.99999994,0.0,0.0,0.0,0.0724659,1,551,151
0.18047337,0.9962191,0.0,0.99999994,0.0,0.99999994,0.0,0.0,0.0,0.12663794,0,18,431
0.19822486,0.9962191,0.0,0.99999994,0.0,0.99999994,0.0,0.0,0.0,0.03126812,0,973,257
0.28698224,0.9962191,0.0,0.99999994,0.99999994,0.99999994,0.0,0.0,0.55103016,0.8202419,1,1690,1649
0.18934911,0.9962191,0.0,0.99999994,0.0,0.99999994,0.0,0.0,0.0,0.07385397,1,542,152
0.18934911,0.9962191,0.0,0.99999994,0.0,0.99999994,0.0,0.0,0.0,0.07054329,1,563,151
0.18343195,0.9962191,0.0,0.99999994,0.0,0.99999994,0.0,0.0,0.0,0.02657938,0,1097,31
0.1923077,0.9962191,0.0,0.99999994,0.0,0.99999994,0.0,0.0,0.0,0.08165455,0,468,217
0.24260356,0.9962191,0.0,0.99999994,0.99999994,0.99999994,0.0,0.0,0.55103016,0.17087078,1,1119,929
0.21005918,0.9962191,0.0,0.99999994,0.0,0.99999994,0.0,0.0,0.0,0.061351776,1,468,543
0.24556214,0.9962191,0.0,0.99999994,0.99999994,0.99999994,0.0,0.0,0.55103016,0.36753368,1,1347,1000
0.27514794,0.9962191,0.0,0.99999994,0.99999994,0.99999994,0.0,0.0,0.55103016,0.5585737,1,1403,1495
0.22189349,0.9962191,0.0,0.99999994,0.0,0.99999994,0.0,0.0,0.0,0.065368176,1,1007,634
0.2071006,0.9962191,0.0,0.99999994,0.0,0.99999994,0.0,0.0,0.55103016,0.18665314,0,328,1657
0.2366864,0.9962191,0.0,0.99999994,0.99999994,0.99999994,0.0,0.0,0.55103016,0.2323327,1,760,1791
0.20118344,0.9962191,0.0,0.99999994,0.0,0.99999994,0.0,0.0,0.0,0.05701542,0,580,367
0.23964497,0.9962191,0.0,0.99999994,0.99999994,0.99999994,0.0,0.0,0.55103016,0.28547478,1,1284,894
0.23372781,0.9962191,0.0,0.99999994,0.0,0.99999994,0.0,0.0,0.55103016,0.36668825,1,1458,788
0.26035503,0.9962191,0.0,0.99999994,0.99999994,0.99999994,0.0,0.0,0.55103016,0.38289356,1,1107,1799
0.26035503,0.9962191,0.0,0.99999994,0.99999994,0.99999994,0.0,0.0,0.55103016,0.8816347,0,2233,1162
0.21597633,0.9962191,0.0,0.99999994,0.0,0.99999994,0.0,0.0,0.0,0.021935463,1,802,552
0.26331362,0.9962191,0.0,0.99999994,0.99999994,0.99999994,0.0,0.0,0.55103016,0.88157845,1,1862,1202
0.28994083,0.9962191,0.0,0.99999994,0.99999994,0.99999994,0.0,0.0,0.55103016,0.76547956,1,1625,1720
0.18934911,0.9962191,0.0,0.99999994,0.0,0.99999994,0.0,0.0,0.0,0.10437298,0,1835,99
0.24852072,0.9962191,0.0,0.99999994,0.99999994,0.99999994,0.0,0.0,0.55103016,0.07476807,0,976,1192
0.23964497,0.9962191,0.0,0.99999994,0.99999994,0.99999994,0.0,0.0,0.55103016,0.46556568,0,1538,884
0.20414202,0.9962191,0.0,0.99999994,0.0,0.99999994,0.0,0.0,0.0,0.28317213,0,2333,325
0.28698224,0.9962191,0.0,0.99999994,0.99999994,0.99999994,0.0,0.0,0.55103016,0.9311881,0,1994,1590
0.18934911,0.9962191,0.0,0.99999994,0.0,0.99999994,0.0,0.0,0.0,0.10324335,0,2321,77
0.18934911,0.9962191,0.0,0.99999994,0.0,0.99999994,0.0,0.0,0.55103016,0.26460028,0,38,1791
0.2514793,0.9962191,0.0,0.99999994,0.99999994,0.99999994,0.0,0.0,0.55103016,0.8001313,0,2394,1033
0.78698224,0.9979559,0.99965596,0.99999994,0.99999994,0.99999994,0.0,0.0,0.84308326,0.9020953,1,2331,1920
0.18343195,0.9962191,0.0,0.99999994,0.0,0.99999994,0.0,0.0,0.0,0.13427877,0,93,263
0.24260356,0.9962191,0.0,0.99999994,0.99999994,0.99999994,0.0,0.0,0.55103016,0.011563778,1,911,1265
0.2366864,0.9962191,0.0,0.99999994,0.99999994,0.99999994,0.0,0.0,0.55103016,0.19716454,0,1179,837
0.23076923,0.9962191,0.0,0.99999994,0.99999994,0.99999994,0.0,0.0,0.55103016,0.15547037,0,712,1625
0.20414202,0.9962191,0.0,0.99999994,0.0,0.99999994,0.0,0.0,0.0,0.06785774,0,356,632
0.21893491,0.9962191,0.0,0.99999994,0.0,0.99999994,0.0,0.0,0.0,0.026695728,1,734,647
0.24556214,0.9962191,0.0,0.99999994,0.99999994,0.99999994,0.0,0.0,0.55103016,0.062077522,0,961,1245
0.18639053,0.9962191,0.0,0.99999994,0.0,0.99999994,0.0,0.0,0.0,0.1380415,0,114,195
0.19526628,0.9962191,0.0,0.99999994,0.0,0.99999994,0.0,0.0,0.55103016,0.082611084,0,161,1430
0.2810651,0.9962191,0.0,0.99999994,0.99999994,0.99999994,0.0,0.0,0.55103016,0.65442944,1,1495,1615
0.23964497,0.9962191,0.0,0.99999994,0.99999994,0.99999994,0.0,0.0,0.55103016,0.60554934,0,1735,881
0.23372781,0.9962191,0.0,0.99999994,0.0,0.99999994,0.0,0.0,0.55103016,0.010360718,1,905,804
0.23076923,0.9962191,0.0,0.99999994,0.0,0.99999994,0.0,0.0,0.55103016,0.45244408,1,1603,774
0.28698224,0.9962191,0.0,0.99999994,0.99999994,0.99999994,0.0,0.0,0.9657268,0.70121336,1,1534,1860
0.24852072,0.9962191,0.0,0.99999994,0.99999994,0.99999994,0.0,0.0,0.55103016,0.2571125,1,949,1778
0.23964497,0.9962191,0.0,0.99999994,0.99999994,0.99999994,0.0,0.0,0.55103016,0.05919075,0,973,900
0.2781065,0.9962191,0.0,0.99999994,0.99999994,0.99999994,0.0,0.0,0.55103016,0.9380145,0,1846,1457
0.25443786,0.9962191,0.0,0.99999994,0.99999994,0.99999994,0.0,0.0,0.55103016,0.6230383,0,1578,1129
0.28402367,0.9962191,0.0,0.99999994,0.99999994,0.99999994,0.0,0.0,0.97594154,0.6840863,0,1502,1929
0.18934911,0.9962191,0.0,0.99999994,0.0,0.99999994,0.0,0.0,0.0,0.09845209,0,1709,105
0.21005918,0.9962191,0.0,0.99999994,0.0,0.99999994,0.0,0.0,0.0,0.061769485,1,478,517
0.21893491,0.9962191,0.0,0.99999994,0.0,0.99999994,0.0,0.0,0.0,0.038883686,1,627,628
0.24556214,0.9962191,0.0,0.99999994,0.99999994,0.99999994,0.0,0.0,0.55103016,0.22145844,1,1170,989
0.19526628,0.9962191,0.0,0.99999994,0.0,0.99999994,0.0,0.0,0.55103016,0.32761526,0,129,1928
0.23372781,0.9962191,0.0,0.99999994,0.0,0.99999994,0.0,0.0,0.55103016,0.615654,0,2408,778
0.19526628,0.9962191,0.0,0.99999994,0.0,0.99999994,0.0,0.0,0.0,0.09468603,1,254,447
0.19526628,0.9962191,0.0,0.99999994,0.0,0.99999994,0.0,0.0,0.0,0.06389284,0,562,282
0.26331362,0.9962191,0.0,0.99999994,0.99999994,0.99999994,0.0,0.0,0.55103016,0.9169073,0,1811,1258
0.20414202,0.9962191,0.0,0.99999994,0.0,0.99999994,0.0,0.0,0.55103016,0.20306158,0,284,1687
0.18639053,0.9962191,0.0,0.99999994,0.0,0.99999994,0.0,0.0,0.0,0.11234093,0,325,104
0.22189349,0.9962191,0.0,0.99999994,0.0,0.99999994,0.0,0.0,0.0,0.034485817,1,627,726
0.1923077,0.9962191,0.0,0.99999994,0.0,0.99999994,0.0,0.0,0.55103016,0.05714941,0,180,948
0.19822486,0.9962191,0.0,0.99999994,0.0,0.99999994,0.0,0.0,0.55103016,0.061942577,0,246,837
0.23076923,0.9962191,0.0,0.99999994,0.99999994,0.99999994,0.0,0.0,0.55103016,0.21605253,1,698,1751
0.2366864,0.9962191,0.0,0.99999994,0.99999994,0.99999994,0.0,0.0,0.55103016,0.04455805,1,793,1398
0.22485207,0.9962191,0.0,0.99999994,0.99999994,0.99999994,0.0,0.0,0.55103016,0.026513577,0,614,1347
0.18639053,0.9962191,0.0,0.99999994,0.0,0.99999994,0.0,0.0,0.55103016,0.19242764,0,47,1645
0.21301776,0.9962191,0.0,0.99999994,0.0,0.99999994,0.0,0.0,0.55103016,0.01883936,0,457,1233
0.21005918,0.9962191,0.0,0.99999994,0.0,0.99999994,0.0,0.0,0.0,0.04539156,0,632,469
0.22781065,0.9962191,0.0,0.99999994,0.0,0.99999994,0.0,0.0,0.0,0.16665363,0,1175,701
0.24852072,0.9962191,0.0,0.99999994,0.99999994,0.99999994,0.0,0.0,0.55103016,0.32272768,1,1284,1022
0.27218935,0.9962191,0.0,0.99999994,0.99999994,0.99999994,0.0,0.0,0.55103016,0.53326416,1,1334,1707
0.21893491,0.9962191,0.0,0.99999994,0.0,0.99999994,0.0,0.0,0.0,0.018777847,0,812,633
0.22781065,0.9962191,0.0,0.99999994,0.0,0.99999994,0.0,0.0,0.0,0.1199007,1,1086,734
0.22189349,0.9962191,0.0,0.99999994,0.0,0.99999994,0.0,0.0,0.0,0.12145758,0,1123,607
0.18934911,0.9962191,0.0,0.99999994,0.0,0.99999994,0.0,0.0,0.55103016,0.07409954,1,139,806
0.2662722,0.9962191,0.0,0.99999994,0.99999994,0.99999994,0.0,0.0,0.55103016,0.96542645,0,2371,1263
0.25739646,0.9962191,0.0,0.99999994,0.99999994,0.99999994,0.0,0.0,0.55103016,0.6893077,1,1624,1172
0.2071006,0.9962191,0.0,0.99999994,0.0,0.99999994,0.0,0.0,0.0,0.18508053,0,1433,384
0.24852072,0.9962191,0.0,0.99999994,0.99999994,0.99999994,0.0,0.0,0.55103016,0.768929,0,2227,1006
0.19822486,0.9962191,0.0,0.99999994,0.0,0.99999994,0.0,0.0,0.55103016,0.26899958,0,180,1813
0.23964497,0.9962191,0.0,0.99999994,0.99999994,0.99999994,0.0,0.0,0.55103016,0.22522831,1,813,1781
0.18343195,0.9962191,0.0,0.99999994,0.0,0.99999994,0.0,0.0,0.0,0.08837795,1,474,93
0.28698224,0.9962191,0.0,0.99999994,0.99999994,0.99999994,0.0,0.0,0.55103016,0.91549015,1,1799,1615
0.2366864,0.9962191,0.0,0.99999994,0.0,0.99999994,0.0,0.0,0.55103016,0.618093,0,2113,806
0.2810651,0.9962191,0.0,0.99999994,0.99999994,0.99999994,0.0,0.0,0.55103016,0.92232084,1,1797,1543
0.25739646,0.9962191,0.0,0.99999994,0.99999994,0.99999994,0.0,0.0,0.55103016,0.37948418,1,1101,1802
0.92011833,0.9978367,0.99338824,0.99999994,0.99999994,0.99999994,0.0,0.0,0.8427961,0.8985796,0,2328,1942
0.22485207,0.9962191,0.0,0.99999994,0.0,0.99999994,0.0,0.0,0.0,0.5167675,0,2368,645
0.28994083,0.9962191,0.0,0.99999994,0.99999994,0.99999994,0.0,0.0,0.87361306,0.9432163,0,2264,1626
0.24556214,0.9962191,0.0,0.99999994,0.99999994,0.99999994,0.0,0.0,0.55103016,0.06826687,0,973,1109
0.28698224,0.9962191,0.0,0.99999994,0.99999994,0.99999994,0.0,0.0,0.55103016,0.9163637,1,1813,1616
0.18934911,0.9962191,0.0,0.99999994,0.0,0.99999994,0.0,0.0,0.0,0.043013573,0,1156,105
0.19822486,0.9962191,0.0,0.99999994,0.0,0.99999994,0.0,0.0,0.55103016,0.28049374,0,185,1837
0.23964497,0.9962191,0.0,0.99999994,0.99999994,0.99999994,0.0,0.0,0.55103016,0.0036816597,0,871,1115
0.18639053,0.9962191,0.0,0.99999994,0.0,0.99999994,0.0,0.0,0.0,0.12147808,1,127,341
0.2366864,0.9962191,0.0,0.99999994,0.99999994,0.99999994,0.0,0.0,0.55103016,0.38873672,1,1452,849
0.19822486,0.9962191,0.0,0.99999994,0.0,0.99999994,0.0,0.0,0.0,0.117563725,0,1363,257
0.30177516,0.9962191,0.0,0.99999994,0.99999994,0.99999994,0.0,0.0,0.916092,0.8882551,1,1825,1853
0.29881656,0.9962191,0.0,0.99999994,0.99999994,0.99999994,0.0,0.0,0.8468479,0.9162431,1,2146,1764
0.20414202,0.9962191,0.0,0.99999994,0.0,0.99999994,0.0,0.0,0.0,0.26439667,0,2242,304
0.18639053,0.9962191,0.0,0.99999994,0.0,0.99999994,0.0,0.0,0.55103016,0.057866573,0,52,1028
0.24556214,0.9962191,0.0,0.99999994,0.99999994,0.99999994,0.0,0.0,0.55103016,0.18074942,1,934,1633
0.26923078,0.9962191,0.0,0.99999994,0.99999994,0.99999994,0.0,0.0,0.55103016,0.9548049,0,1888,1303
0.19822486,0.9962191,0.0,0.99999994,0.0,0.99999994,0.0,0.0,0.0,0.09123945,0,312,397
0.24260356,0.9962191,0.0,0.99999994,0.99999994,0.99999994,0.0,0.0,0.55103016,0.6819005,0,2061,900
0.21893491,0.9962191,0.0,0.99999994,0.0,0.99999994,0.0,0.0,0.0,0.023605347,0,928,559
0.22485207,0.9962191,0.0,0.99999994,0.0,0.99999994,0.0,0.0,0.0,0.034968376,1,947,673
0.25443786,0.9962191,0.0,0.99999994,0.99999994,0.99999994,0.0,0.0,0.55103016,0.3234272,1,1096,1649
0.24852072,0.9962191,0.0,0.99999994,0.99999994,0.99999994,0.0,0.0,0.55103016,0.25968218,1,953,1777
0.2071006,0.9962191,0.0,0.99999994,0.0,0.99999994,0.0,0.0,0.0,0.30311632,0,2325,353
0.29881656,0.9962191,0.0,0.99999994,0.99999994,0.99999994,0.0,0.0,0.94151527,0.83697224,0,1733,1900
0.295858,0.9962191,0.0,0.99999994,0.99999994,0.99999994,0.0,0.0,0.55103016,0.9221449,1,2100,1704
0.27514794,0.9962191,0.0,0.99999994,0.99999994,0.99999994,0.0,0.0,0.9925677,0.5764251,1,1343,1907
0.24260356,0.9962191,0.0,0.99999994,0.99999994,0.99999994,0.0,0.0,0.55103016,0.12823343,1,914,1556
0.19822486,0.9962191,0.0,0.99999994,0.0,0.99999994,0.0,0.0,0.0,0.035953045,0,997,247
0.19822486,0.9962191,0.0,0.99999994,0.0,0.99999994,0.0,0.0,0.55103016,0.15900373,0,219,1591
0.22781065,0.9962191,0.0,0.99999994,0.0,0.99999994,0.0,0.0,0.0,0.11243582,0,1080,704
0.24852072,0.9962191,0.0,0.99999994,0.99999994,0.99999994,0.0,0.0,0.55103016,0.20652199,0,993,1574
0.1923077,0.9962191,0.0,0.99999994,0.0,0.99999994,0.0,0.0,0.55103016,0.03812599,0,141,1171
0.18639053,0.9962191,0.0,0.99999994,0.0,0.99999994,0.0,0.0,0.0,0.046878815,0,720,108
0.22189349,0.9962191,0.0,0.99999994,0.0,0.99999994,0.0,0.0,0.0,0.059272766,1,999,604
0.2071006,0.9962191,0.0,0.99999994,0.0,0.99999994,0.0,0.0,0.55103016,0.18161535,0,356,1649
0.22189349,0.9962191,0.0,0.99999994,0.0,0.99999994,0.0,0.0,0.0,0.30826283,0,1493,611
0.28994083,0.9962191,0.0,0.99999994,0.99999994,0.99999994,0.0,0.0,0.86640126,0.9367571,1,2200,1643
0.2071006,0.9962191,0.0,0.99999994,0.0,0.99999994,0.0,0.0,0.0,0.16267395,0,1357,390
0.18639053,0.9962191,0.0,0.99999994,0.0,0.99999994,0.0,0.0,0.0,0.08999872,1,462,99
0.2071006,0.9962191,0.0,0.99999994,0.0,0.99999994,0.0,0.0,0.0,0.06499863,1,422,569
0.2928994,0.9962191,0.0,0.99999994,0.99999994,0.99999994,0.0,0.0,0.8612252,0.9317002,0,2169,1665
0.1923077,0.9962191,0.0,0.99999994,0.0,0.99999994,0.0,0.0,0.0,0.08365822,1,161,686
0.28402367,0.9962191,0.0,0.99999994,0.99999994,0.99999994,0.0,0.0,0.55103016,0.9429016,1,2055,1533
0.18639053,0.9962191,0.0,0.99999994,0.0,0.99999994,0.0,0.0,0.0,0.03818655,0,1119,98
0.2781065,0.9962191,0.0,0.99999994,0.99999994,0.99999994,0.0,0.0,0.55103016,0.95340824,0,2031,1443
0.26035503,0.9962191,0.0,0.99999994,0.99999994,0.99999994,0.0,0.0,0.55103016,0.8556285,1,1854,1166
0.2928994,0.9962191,0.0,0.99999994,0.99999994,0.99999994,0.0,0.0,0.8598699,0.93016386,1,2182,1681
0.18047337,0.9962191,0.0,0.99999994,0.0,0.99999994,0.0,0.0,0.0,0.17049074,0,14,44
0.18934911,0.9962191,0.0,0.99999994,0.0,0.99999994,0.0,0.0,0.0,0.09592247,0,2343,66
0.22485207,0.9962191,0.0,0.99999994,0.0,0.99999994,0.0,0.0,0.0,0.14763021,1,1146,688
0.26331362,0.9962191,0.0,0.99999994,0.99999994,0.99999994,0.0,0.0,0.55103016,0.35593605,1,1230,1336
0.23076923,0.9962191,0.0,0.99999994,0.0,0.99999994,0.0,0.0,0.55103016,0.3602743,1,1454,779
0.18934911,0.9962191,0.0,0.99999994,0.0,0.99999994,0.0,0.0,0.55103016,0.03111124,0,64,1318
0.2662722,0.9962191,0.0,0.99999994,0.99999994,0.99999994,0.0,0.0,0.55103016,0.86791945,1,1731,1291
0.21301776,0.9962191,0.0,0.99999994,0.0,0.99999994,0.0,0.0,0.0,0.056694984,1,515,528
0.22189349,0.9962191,0.0,0.99999994,0.0,0.99999994,0.0,0.0,0.0,0.036151886,0,606,734
0.19526628,0.9962191,0.0,0.99999994,0.0,0.99999994,0.0,0.0,0.55103016,0.26236248,0,110,1793
0.23964497,0.9962191,0.0,0.99999994,0.99999994,0.99999994,0.0,0.0,0.55103016,0.14735079,1,1094,896
0.23372781,0.9962191,0.0,0.99999994,0.99999994,0.99999994,0.0,0.0,0.55103016,0.19430733,1,1180,820
0.2366864,0.9962191,0.0,0.99999994,0.99999994,0.99999994,0.0,0.0,0.55103016,0.013354778,1,910,847
0.2810651,0.9962191,0.0,0.99999994,0.99999994,0.99999994,0.0,0.0,0.55103016,0.65298223,1,1475,1784
0.22189349,0.9962191,0.0,0.99999994,0.0,0.99999994,0.0,0.0,0.0,0.39514923,0,1645,629
0.2662722,0.9962191,0.0,0.99999994,0.99999994,0.99999994,0.0,0.0,0.55103016,0.38199854,1,1265,1294
0.21005918,0.9962191,0.0,0.99999994,0.0,0.99999994,0.0,0.0,0.55103016,0.28983212,0,341,1871
0.295858,0.9962191,0.0,0.99999994,0.99999994,0.99999994,0.0,0.0,0.85370857,0.9237137,1,2165,1719
0.22485207,0.9962191,0.0,0.99999994,0.99999994,0.99999994,0.0,0.0,0.55103016,0.262187,0,564,1835
0.18639053,0.9962191,0.0,0.99999994,0.0,0.99999994,0.0,0.0,0.0,0.039045334,0,1212,64
0.22781065,0.9962191,0.0,0.99999994,0.99999994,0.99999994,0.0,0.0,0.55103016,0.018187046,0,691,992
0.25443786,0.9962191,0.0,0.99999994,0.99999994,0.99999994,0.0,0.0,0.55103016,0.21253872,1,1070,1401
0.22189349,0.9962191,0.0,0.99999994,0.0,0.99999994,0.0,0.0,0.0,0.4552946,0,1963,589
0.22485207,0.9962191,0.0,0.99999994,0.0,0.99999994,0.0,0.0,0.0,0.5079689,0,2178,647
0.18343195,0.9962191,0.0,0.99999994,0.0,0.99999994,0.0,0.0,0.0,0.04167986,0,1751,13
0.2781065,0.9962191,0.0,0.99999994,0.99999994,0.99999994,0.0,0.0,0.55103016,0.8477335,0,1710,1474
0.21597633,0.9962191,0.0,0.99999994,0.0,0.99999994,0.0,0.0,0.0,0.037629604,0,660,572
0.24556214,0.9962191,0.0,0.99999994,0.99999994,0.99999994,0.0,0.0,0.55103016,0.371603,1,1355,993
0.24260356,0.9962191,0.0,0.99999994,0.99999994,0.99999994,0.0,0.0,0.55103016,0.3914485,1,1401,948
0.20118344,0.9962191,0.0,0.99999994,0.0,0.99999994,0.0,0.0,0.55103016,0.103466034,0,244,1479
0.2514793,0.9962191,0.0,0.99999994,0.99999994,0.99999994,0.0,0.0,0.55103016,0.16016054,1,1053,1295
0.21893491,0.9962191,0.0,0.99999994,0.0,0.99999994,0.0,0.0,0.0,0.4134345,0,2005,527
0.20414202,0.9962191,0.0,0.99999994,0.0,0.99999994,0.0,0.0,0.0,0.22136736,0,1640,331
0.23964497,0.9962191,0.0,0.99999994,0.99999994,0.99999994,0.0,0.0,0.55103016,0.0038380623,0,860,1138
0.26923078,0.9962191,0.0,0.99999994,0.99999994,0.99999994,0.0,0.0,0.9967939,0.5232043,1,1273,1878
0.26923078,0.9962191,0.0,0.99999994,0.99999994,0.99999994,0.0,0.0,0.55103016,0.8047404,1,1661,1350
0.23076923,0.9962191,0.0,0.99999994,0.99999994,0.99999994,0.0,0.0,0.55103016,0.2213502,1,675,1760
0.27218935,0.9962191,0.0,0.99999994,0.99999994,0.99999994,0.0,0.0,0.55103016,0.9604707,0,2004,1375
0.2928994,0.9962191,0.0,0.99999994,0.99999994,0.99999994,0.0,0.0,0.55103016,0.8614254,0,1745,1706
0.22781065,0.9962191,0.0,0.99999994,0.0,0.99999994,0.0,0.0,0.0,0.22928333,0,1286,697
0.18934911,0.9962191,0.0,0.99999994,0.0,0.99999994,0.0,0.0,0.0,0.04000616,0,753,154
0.2366864,0.9962191,0.0,0.99999994,0.99999994,0.99999994,0.0,0.0,0.55103016,0.43241453,0,1501,870
0.2781065,0.9962191,0.0,0.99999994,0.99999994,0.99999994,0.0,0.0,0.55103016,0.64227295,1,1492,1498
0.2662722,0.9962191,0.0,0.99999994,0.99999994,0.99999994,0.0,0.0,0.55103016,0.6986828,1,1567,1295
0.25739646,0.9962191,0.0,0.99999994,0.99999994,0.99999994,0.0,0.0,0.55103016,0.3568201,1,1143,1630
0.2662722,0.9962191,0.0,0.99999994,0.99999994,0.99999994,0.0,0.0,0.55103016,0.47379923,1,1263,1695
0.2514793,0.9962191,0.0,0.99999994,0.99999994,0.99999994,0.0,0.0,0.55103016,0.2696681,1,1043,1624
0.27218935,0.9962191,0.0,0.99999994,0.99999994,0.99999994,0.0,0.0,0.55103016,0.5367875,0,1318,1790
0.24852072,0.9962191,0.0,0.99999994,0.99999994,0.99999994,0.0,0.0,0.55103016,0.088459015,0,979,1322
0.18934911,0.9962191,0.0,0.99999994,0.0,0.99999994,0.0,0.0,0.55103016,0.05667162,0,125,993
0.30473372,0.9962191,0.0,0.99999994,0.99999994,0.99999994,0.0,0.0,0.8417161,0.9011154,0,2148,1871
0.22189349,0.9962191,0.0,0.99999994,0.99999994,0.99999994,0.0,0.0,0.55103016,0.009898186,0,596,1311
0.2662722,0.9962191,0.0,0.99999994,0.99999994,0.99999994,0.0,0.0,0.55103016,0.4685893,1,1258,1690
0.295858,0.9962191,0.0,0.99999994,0.99999994,0.99999994,0.0,0.0,0.95298004,0.8078103,0,1692,1933
0.23372781,0.9962191,0.0,0.99999994,0.99999994,0.99999994,0.0,0.0,0.55103016,0.0049476624,1,780,1247
0.28402367,0.9962191,0.0,0.99999994,0.99999994,0.99999994,0.0,0.0,0.55103016,0.81735516,1,1684,1601
0.23076923,0.9962191,0.0,0.99999994,0.0,0.99999994,0.0,0.0,0.55103016,0.16652441,0,1161,742
0.22189349,0.9962191,0.0,0.99999994,0.0,0.99999994,0.0,0.0,0.0,0.45783186,0,1971,592
0.24852072,0.9962191,0.0,0.99999994,0.99999994,0.99999994,0.0,0.0,0.55103016,0.28986263,0,936,1873
0.28994083,0.9962191,0.0,0.99999994,0.99999994,0.99999994,0.0,0.0,0.8710871,0.9414029,1,2209,1615
0.26923078,0.9962191,0.0,0.99999994,0.99999994,0.99999994,0.0,0.0,0.55103016,0.9998889,0,2387,1315
0.26331362,0.9962191,0.0,0.99999994,0.99999994,0.99999994,0.0,0.0,0.55103016,0.47332287,0,1168,1953
0.18343195,0.9962191,0.0,0.99999994,0.0,0.99999994,0.0,0.0,0.0,0.12247944,1,60,419
0.24852072,0.9962191,0.0,0.99999994,0.99999994,0.99999994,0.0,0.0,0.55103016,0.1834979,1,983,1540
0.21597633,0.9962191,0.0,0.99999994,0.0,0.99999994,0.0,0.0,0.0,0.34166718,0,1670,518
0.22485207,0.9962191,0.0,0.99999994,0.0,0.99999994,0.0,0.0,0.0,0.03143835,1,941,661
0.2781065,0.9962998,0.9961945,0.99999994,0.99999994,0.99999994,0.0,0.0,0.55103016,0.7358923,0,1592,1501
0.24556214,0.9962191,0.0,0.99999994,0.99999994,0.99999994,0.0,0.0,0.55103016,0.47970438,1,1485,1000
0.2662722,0.9963996,0.9936287,0.99999994,0.99999994,0.99999994,0.0,0.0,0.55103016,0.4614644,0,1248,1694
0.24556214,0.9962191,0.0,0.99999994,0.99999994,0.99999994,0.0,0.0,0.55103016,0.22890282,1,1179,990
0.1923077,0.9962191,0.0,0.99999994,0.0,0.99999994,0.0,0.0,0.55103016,0.07417059,1,162,784
0.2662722,0.9962191,0.0,0.99999994,0.99999994,0.99999994,0.0,0.0,0.55103016,0.9357157,1,1931,1271
0.26035503,0.9962191,0.0,0.99999994,0.99999994,0.99999994,0.0,0.0,0.55103016,0.27501488,1,1159,1313
0.23076923,0.9962191,0.0,0.99999994,0.0,0.99999994,0.0,0.0,0.55103016,0.2579465,1,1291,784
0.26923078,0.9962191,0.0,0.99999994,0.99999994,0.99999994,0.0,0.0,0.55103016,0.4748354,1,1339,1365
0.24556214,0.9962191,0.0,0.99999994,0.99999994,0.99999994,0.0,0.0,0.55103016,0.05247593,0,954,1155
0.24260356,0.9962191,0.0,0.99999994,0.99999994,0.99999994,0.0,0.0,0.55103016,0.030629635,1,913,1347
0.20414202,0.9962191,0.0,0.99999994,0.0,0.99999994,0.0,0.0,0.0,0.060410976,1,359,728
0.22485207,0.9962191,0.0,0.99999994,0.0,0.99999994,0.0,0.0,0.0,0.117571354,0,1096,675
0.28994083,0.9962191,0.0,0.99999994,0.99999994,0.99999994,0.0,0.0,0.8833983,0.951375,0,2385,1622
0.1923077,0.9962191,0.0,0.99999994,0.0,0.99999994,0.0,0.0,0.55103016,0.06098938,0,150,931
0.23372781,0.9962191,0.0,0.99999994,0.99999994,0.99999994,0.0,0.0,0.55103016,0.03697014,1,945,820
0.2781065,0.9962191,0.0,0.99999994,0.99999994,0.99999994,0.0,0.0,0.55103016,0.65080166,1,1502,1487
0.20118344,0.9962191,0.0,0.99999994,0.0,0.99999994,0.0,0.0,0.0,0.05874729,0,574,349
0.23964497,0.9962191,0.0,0.99999994,0.99999994,0.99999994,0.0,0.0,0.55103016,0.23397112,1,787,1797
0.22781065,0.9962191,0.0,0.99999994,0.99999994,0.99999994,0.0,0.0,0.55103016,0.014418602,0,722,1040
0.18343195,0.9962191,0.0,0.99999994,0.0,0.99999994,0.0,0.0,0.0,0.03904152,0,1265,51
0.28994083,0.9962191,0.0,0.99999994,0.99999994,0.99999994,0.0,0.0,0.55103016,0.8645687,1,1744,1659
0.18639053,0.9962191,0.0,0.99999994,0.0,0.99999994,0.0,0.0,0.0,0.12929487,0,211,125
0.29881656,0.9962191,0.0,0.99999994,0.99999994,0.99999994,0.0,0.0,0.55103016,0.91187716,1,2085,1772
0.24852072,0.9962191,0.0,0.99999994,0.99999994,0.99999994,0.0,0.0,0.55103016,0.06759167,1,965,1285
0.24852072,0.9962191,0.0,0.99999994,0.99999994,0.99999994,0.0,0.0,0.55103016,0.72500324,0,1758,1035
0.21005918,0.9962191,0.0,0.99999994,0.0,0.99999994,0.0,0.0,0.55103016,0.03234434,0,435,1042
0.24556214,0.9962191,0.0,0.99999994,0.99999994,0.99999994,0.0,0.0,0.55103016,0.23535395,0,947,1732
0.30177516,0.9962191,0.0,0.99999994,0.99999994,0.99999994,0.0,0.0,0.8642801,0.90168476,0,2030,1826
0.1923077,0.9962191,0.0,0.99999994,0.0,0.99999994,0.0,0.0,0.0,0.11666918,1,242,212
0.0,0.0,0.0,0.0,0.0,0.0,0.0,0.0,0.0,0.03315544,0,1622,4
0.21301776,0.9962191,0.0,0.99999994,0.0,0.99999994,0.0,0.0,0.0,0.34354544,0,2030,427
0.24852072,0.9962191,0.0,0.99999994,0.99999994,0.99999994,0.0,0.0,0.55103016,0.2560501,1,947,1779
0.2781065,0.9962191,0.0,0.99999994,0.99999994,0.99999994,0.0,0.0,0.55103016,0.65261364,1,1504,1486
0.18639053,0.9962191,0.0,0.99999994,0.0,0.99999994,0.0,0.0,0.0,0.090037346,0,68,715
0.26331362,0.9962191,0.0,0.99999994,0.99999994,0.99999994,0.0,0.0,0.55103016,0.32301617,1,1208,1297
0.24556214,0.9962191,0.0,0.99999994,0.99999994,0.99999994,0.0,0.0,0.55103016,0.21826077,1,1169,977
0.2662722,0.9962191,0.0,0.99999994,0.99999994,0.99999994,0.0,0.0,0.55103016,0.37808943,1,1254,1324
0.27218935,0.9962191,0.0,0.99999994,0.99999994,0.99999994,0.0,0.0,0.55103016,0.9866128,0,2286,1348
0.26035503,0.9962191,0.0,0.99999994,0.99999994,0.99999994,0.0,0.0,0.55103016,0.37053204,0,1183,1559
0.21005918,0.9962191,0.0,0.99999994,0.0,0.99999994,0.0,0.0,0.0,0.31480932,0,1810,400
0.295858,0.9962191,0.0,0.99999994,0.99999994,0.99999994,0.0,0.0,0.8551846,0.92526627,1,2190,1718
0.24852072,0.9962191,0.0,0.99999994,0.99999994,0.99999994,0.0,0.0,0.55103016,0.76099586,0,2051,1012
0.22189349,0.9962191,0.0,0.99999994,0.0,0.99999994,0.0,0.0,0.0,0.087361336,1,1051,625
0.18343195,0.9962191,0.0,0.99999994,0.0,0.99999994,0.0,0.0,0.0,0.032613754,0,1178,44
0.23964497,0.9962191,0.0,0.99999994,0.99999994,0.99999994,0.0,0.0,0.55103016,0.53101444,1,1609,910
0.1923077,0.9962191,0.0,0.99999994,0.0,0.99999994,0.0,0.0,0.0,0.088525295,0,183,610
0.2781065,0.9962191,0.0,0.99999994,0.99999994,0.99999994,0.0,0.0,0.55103016,0.9361377,0,1812,1452
0.295858,0.9962191,0.0,0.99999994,0.99999994,0.99999994,0.0,0.0,0.55103016,0.9231491,1,2120,1705
0.22485207,0.9962191,0.0,0.99999994,0.0,0.99999994,0.0,0.0,0.0,0.26520777,0,1379,650
0.1923077,0.9962191,0.0,0.99999994,0.0,0.99999994,0.0,0.0,0.0,0.113444805,0,258,221
0.21893491,0.9962191,0.0,0.99999994,0.99999994,0.99999994,0.0,0.0,0.55103016,0.0258255,0,536,1340
0.27514794,0.9962191,0.0,0.99999994,0.99999994,0.99999994,0.0,0.0,0.55103016,0.5551686,0,1335,1821
0.21893491,0.9962191,0.0,0.99999994,0.99999994,0.99999994,0.0,0.0,0.55103016,0.030834675,0,579,892
0.2662722,0.9962191,0.0,0.99999994,0.99999994,0.99999994,0.0,0.0,0.55103016,0.93137646,1,1921,1266
0.2928994,0.9962191,0.0,0.99999994,0.99999994,0.99999994,0.0,0.0,0.86961585,0.9393225,1,2289,1662
0.20118344,0.9962191,0.0,0.99999994,0.0,0.99999994,0.0,0.0,0.0,0.21939087,0,2057,251
0.23076923,0.9962191,0.0,0.99999994,0.0,0.99999994,0.0,0.0,0.55103016,0.40337515,1,1527,772
0.2366864,0.9962191,0.0,0.99999994,0.99999994,0.99999994,0.0,0.0,0.55103016,0.28876066,0,1309,846
0.21893491,0.9962191,0.0,0.99999994,0.0,0.99999994,0.0,0.0,0.0,0.11010218,0,1112,569
0.23076923,0.9962191,0.0,0.99999994,0.0,0.99999994,0.0,0.0,0.55103016,0.32902956,1,1408,774
0.21005918,0.9962191,0.0,0.99999994,0.0,0.99999994,0.0,0.0,0.55103016,0.046123505,1,455,806
0.22485207,0.9962191,0.0,0.99999994,0.0,0.99999994,0.0,0.0,0.0,0.01798153,0,806,690
0.22485207,0.9962191,0.0,0.99999994,0.0,0.99999994,0.0,0.0,0.0,0.49185133,0,2226,621
0.25443786,0.9962191,0.0,0.99999994,0.99999994,0.99999994,0.0,0.0,0.55103016,0.7091427,1,1676,1123
0.21005918,0.9962191,0.0,0.99999994,0.0,0.99999994,0.0,0.0,0.55103016,0.051507473,0,442,741
0.28402367,0.9962191,0.0,0.99999994,0.99999994,0.99999994,0.0,0.0,0.55103016,0.6824627,1,1511,1821
0.2781065,0.9962191,0.0,0.99999994,0.99999994,0.99999994,0.0,0.0,0.55103016,0.825892,1,1689,1513
0.18639053,0.9962191,0.0,0.99999994,0.0,0.99999994,0.0,0.0,0.0,0.036584377,0,1137,79
0.23964497,0.9962191,0.0,0.99999994,0.99999994,0.99999994,0.0,0.0,0.55103016,0.66588354,1,1803,901
0.18934911,0.9962191,0.0,0.99999994,0.0,0.99999994,0.0,0.0,0.55103016,0.29612112,0,5,1852
0.2662722,0.9962191,0.0,0.99999994,0.99999994,0.99999994,0.0,0.0,0.55103016,0.8746977,1,1735,1295
0.23076923,0.9962191,0.0,0.99999994,0.0,0.99999994,0.0,0.0,0.55103016,0.29019642,1,1356,757
0.28402367,0.9962191,0.0,0.99999994,0.99999994,0.99999994,0.0,0.0,0.55103016,0.93601656,1,1983,1548
0.24260356,0.9962191,0.0,0.99999994,0.99999994,0.99999994,0.0,0.0,0.55103016,0.0013899803,0,893,1314
0.24556214,0.9962191,0.0,0.99999994,0.99999994,0.99999994,0.0,0.0,0.55103016,0.20747328,1,927,1705
0.25739646,0.9962191,0.0,0.99999994,0.99999994,0.99999994,0.0,0.0,0.55103016,0.35160112,0,1106,1708
0.2071006,0.9962191,0.0,0.99999994,0.0,0.99999994,0.0,0.0,0.0,0.30359507,0,2146,364
0.21005918,0.9962191,0.0,0.99999994,0.0,0.99999994,0.0,0.0,0.0,0.05850458,1,527,470
0.20118344,0.9962191,0.0,0.99999994,0.0,0.99999994,0.0,0.0,0.0,0.1431961,0,1413,294
0.2781065,0.9962191,0.0,0.99999994,0.99999994,0.99999994,0.0,0.0,0.9791569,0.6095462,0,1404,1853
0.25443786,0.9962191,0.0,0.99999994,0.99999994,0.99999994,0.0,0.0,0.55103016,0.816195,1,1806,1115
0.24260356,0.9962191,0.0,0.99999994,0.99999994,0.99999994,0.0,0.0,0.55103016,0.011567593,1,885,1335
0.20414202,0.9962191,0.0,0.99999994,0.0,0.99999994,0.0,0.0,0.55103016,0.03610468,0,356,1058
0.2514793,0.9962191,0.0,0.99999994,0.99999994,0.99999994,0.0,0.0,0.55103016,0.15481901,1,1048,1294
0.26923078,0.9962191,0.0,0.99999994,0.99999994,0.99999994,0.0,0.0,0.55103016,0.9882817,0,2287,1304
0.18639053,0.9962191,0.0,0.99999994,0.0,0.99999994,0.0,0.0,0.0,0.06773281,0,2372,26
0.2810651,0.9962191,0.0,0.99999994,0.99999994,0.99999994,0.0,0.0,0.90356874,0.96835613,0,2396,1519
0.19526628,0.9962191,0.0,0.99999994,0.0,0.99999994,0.0,0.0,0.55103016,0.18996906,0,154,1649
0.21893491,0.9962191,0.0,0.99999994,0.0,0.99999994,0.0,0.0,0.55103016,0.32216406,0,464,1950
0.21005918,0.9962191,0.0,0.99999994,0.0,0.99999994,0.0,0.0,0.0,0.023138523,1,806,486
0.21893491,0.9962191,0.0,0.99999994,0.0,0.99999994,0.0,0.0,0.0,0.04283619,1,594,620
0.24556214,0.9962191,0.0,0.99999994,0.99999994,0.99999994,0.0,0.0,0.55103016,0.04285288,1,941,1297
0.18343195,0.9962191,0.0,0.99999994,0.0,0.99999994,0.0,0.0,0.0,0.12819386,1,252,60
0.24556214,0.9962191,0.0,0.99999994,0.99999994,0.99999994,0.0,0.0,0.55103016,0.09176016,1,938,1426
0.23964497,0.9962191,0.0,0.99999994,0.99999994,0.99999994,0.0,0.0,0.55103016,0.02569294,0,845,1362
0.21597633,0.9962191,0.0,0.99999994,0.0,0.99999994,0.0,0.0,0.0,0.041760445,1,625,569
0.2366864,0.9962191,0.0,0.99999994,0.99999994,0.99999994,0.0,0.0,0.55103016,0.004170418,1,798,1249
0.26923078,0.9962191,0.0,0.99999994,0.99999994,0.99999994,0.0,0.0,0.55103016,0.81017447,0,1667,1373
0.2366864,0.9962191,0.0,0.99999994,0.99999994,0.99999994,0.0,0.0,0.55103016,0.5872021,0,1732,856
0.27514794,0.9962191,0.0,0.99999994,0.99999994,0.99999994,0.0,0.0,0.55103016,0.5780716,0,1380,1759
0.19526628,0.9962191,0.0,0.99999994,0.0,0.99999994,0.0,0.0,0.0,0.17581367,0,2242,181
0.23372781,0.9962191,0.0,0.99999994,0.0,0.99999994,0.0,0.0,0.55103016,0.1617651,0,1139,791
0.22189349,0.9962191,0.0,0.99999994,0.0,0.99999994,0.0,0.0,0.0,0.024814129,1,929,648
0.2928994,0.9962191,0.0,0.99999994,0.99999994,0.99999994,0.0,0.0,0.55103016,0.7663541,1,1627,1822
0.26923078,0.9962191,0.0,0.99999994,0.99999994,0.99999994,0.0,0.0,0.55103016,0.64380884,1,1504,1367
0.18343195,0.9962191,0.0,0.99999994,0.0,0.99999994,0.0,0.0,0.0,0.0343647,0,1464,14
0.21893491,0.9962191,0.0,0.99999994,0.0,0.99999994,0.0,0.0,0.0,0.42693663,0,1797,562
0.21005918,0.9962191,0.0,0.99999994,0.0,0.99999994,0.0,0.0,0.0,0.058354378,1,455,614
0.20414202,0.9962191,0.0,0.99999994,0.0,0.99999994,0.0,0.0,0.55103016,0.10163498,0,306,1480
0.24556214,0.9962191,0.0,0.99999994,0.99999994,0.99999994,0.0,0.0,0.55103016,0.20422363,1,954,1648
0.2071006,0.9962191,0.0,0.99999994,0.0,0.99999994,0.0,0.0,0.0,0.25575113,0,1626,399
0.28402367,0.9962191,0.0,0.99999994,0.99999994,0.99999994,0.0,0.0,0.55103016,0.7044811,0,1552,1641
0.28402367,0.9962191,0.0,0.99999994,0.99999994,0.99999994,0.0,0.0,0.8783371,0.9507413,0,2145,1521
0.18343195,0.9962191,0.0,0.99999994,0.0,0.99999994,0.0,0.0,0.0,0.036508083,0,788,77
0.26035503,0.9962191,0.0,0.99999994,0.99999994,0.99999994,0.0,0.0,0.55103016,0.44765234,0,1148,1911
0.21005918,0.9962191,0.0,0.99999994,0.0,0.99999994,0.0,0.0,0.55103016,0.039460182,0,435,934
0.30177516,0.9962191,0.0,0.99999994,0.99999994,0.99999994,0.0,0.0,0.8402112,0.9063983,0,2160,1838
0.2662722,0.9962191,0.0,0.99999994,0.99999994,0.99999994,0.0,0.0,0.55103016,0.84020853,1,1695,1307
0.26331362,0.9962191,0.0,0.99999994,0.99999994,0.99999994,0.0,0.0,0.55103016,0.4435525,0,1193,1789
0.19526628,0.9962191,0.0,0.99999994,0.0,0.99999994,0.0,0.0,0.0,0.089114666,0,270,489
0.18639053,0.9962191,0.0,0.99999994,0.0,0.99999994,0.0,0.0,0.0,0.13563728,1,175,120
0.23372781,0.9962191,0.0,0.99999994,0.0,0.99999994,0.0,0.0,0.55103016,0.4503684,1,1583,794
0.2810651,0.9962191,0.0,0.99999994,0.99999994,0.99999994,0.0,0.0,0.55103016,0.8900814,1,1761,1539
0.18934911,0.9962191,0.0,0.99999994,0.0,0.99999994,0.0,0.0,0.0,0.074120045,0,531,179
0.25739646,0.9962191,0.0,0.99999994,0.99999994,0.99999994,0.0,0.0,0.55103016,0.34037304,1,1137,1594
0.21005918,0.9962191,0.0,0.99999994,0.0,0.99999994,0.0,0.0,0.0,0.058609962,0,511,503
0.25739646,0.9962191,0.0,0.99999994,0.99999994,0.99999994,0.0,0.0,0.55103016,0.27784777,1,1122,1442
0.2366864,0.9962191,0.0,0.99999994,0.99999994,0.99999994,0.0,0.0,0.55103016,0.031237602,0,936,841
0.21893491,0.9962191,0.0,0.99999994,0.0,0.99999994,0.0,0.0,0.0,0.040251255,1,619,617
0.18343195,0.9962191,0.0,0.99999994,0.0,0.99999994,0.0,0.0,0.0,0.13284063,1,54,330
0.2071006,0.9962191,0.0,0.99999994,0.0,0.99999994,0.0,0.0,0.55103016,0.13175249,0,343,1545
0.88757396,0.9969592,0.98871183,0.99999994,0.99999994,0.99999994,0.0,0.0,0.8426306,0.9022379,1,2363,1928
0.2928994,0.9962191,0.0,0.99999994,0.99999994,0.99999994,0.0,0.0,0.9578188,0.75355387,0,1609,1864
0.30769232,0.9962191,0.0,0.99999994,0.99999994,0.99999994,0.0,0.0,0.85442424,0.8910003,0,2095,1926
0.21893491,0.9962191,0.0,0.99999994,0.0,0.99999994,0.0,0.0,0.0,0.040032387,1,621,617
0.2514793,0.9962191,0.0,0.99999994,0.99999994,0.99999994,0.0,0.0,0.55103016,0.7671194,0,1846,1041
0.18047337,0.9962191,0.0,0.99999994,0.0,0.99999994,0.0,0.0,0.0,0.13510466,1,34,335
0.21005918,0.9962191,0.0,0.99999994,0.0,0.99999994,0.0,0.0,0.0,0.020519257,0,922,447
0.21301776,0.9962191,0.0,0.99999994,0.0,0.99999994,0.0,0.0,0.55103016,0.04918146,0,445,1382
0.25739646,0.9962191,0.0,0.99999994,0.99999994,0.99999994,0.0,0.0,0.55103016,0.2452631,1,1121,1345
0.25739646,0.9962191,0.0,0.99999994,0.99999994,0.99999994,0.0,0.0,0.55103016,0.40097904,0,1083,1901
0.18343195,0.9962191,0.0,0.99999994,0.0,0.99999994,0.0,0.0,0.0,0.087166786,1,482,91
0.23372781,0.9962191,0.0,0.99999994,0.99999994,0.99999994,0.0,0.0,0.55103016,0.3001032,0,733,1931
0.18934911,0.9962191,0.0,0.99999994,0.0,0.99999994,0.0,0.0,0.0,0.11260843,1,166,377
0.19822486,0.9962191,0.0,0.99999994,0.0,0.99999994,0.0,0.0,0.0,0.18514061,0,1630,272
0.2366864,0.9962191,0.0,0.99999994,0.99999994,0.99999994,0.0,0.0,0.55103016,0.024363518,1,926,839
0.3106509,0.9962191,0.0,0.99999994,0.99999994,0.99999994,0.0,0.0,0.88798964,0.8836603,1,1961,1938
0.21597633,0.9962191,0.0,0.99999994,0.0,0.99999994,0.0,0.0,0.0,0.050527096,1,531,605
0.28994083,0.9962191,0.0,0.99999994,0.99999994,0.99999994,0.0,0.0,0.9679296,0.7278476,0,1569,1931
0.25443786,0.9962191,0.0,0.99999994,0.99999994,0.99999994,0.0,0.0,0.55103016,0.4803257,1,1423,1127
0.0,0.0,0.0,0.0,0.0,0.0,0.0,0.0,0.55103016,0.07055473,0,1,945
0.22781065,0.9962191,0.0,0.99999994,0.99999994,0.99999994,0.0,0.0,0.55103016,0.27045298,0,634,1859
0.25739646,0.9962191,0.0,0.99999994,0.99999994,0.99999994,0.0,0.0,0.55103016,0.38787222,0,1072,1885
0.18934911,0.9962191,0.0,0.99999994,0.0,0.99999994,0.0,0.0,0.0,0.08108568,0,1478,118
0.21597633,0.9962191,0.0,0.99999994,0.0,0.99999994,0.0,0.0,0.0,0.35408735,0,1667,541
0.18639053,0.9962191,0.0,0.99999994,0.0,0.99999994,0.0,0.0,0.0,0.13144922,1,210,103
0.18934911,0.9962191,0.0,0.99999994,0.0,0.99999994,0.0,0.0,0.55103016,0.06268501,0,122,935
0.22485207,0.9962191,0.0,0.99999994,0.0,0.99999994,0.0,0.0,0.0,0.10384083,0,1071,676
0.18343195,0.9962191,0.0,0.99999994,0.0,0.99999994,0.0,0.0,0.0,0.14052248,1,75,229
0.24260356,0.9962191,0.0,0.99999994,0.99999994,0.99999994,0.0,0.0,0.55103016,0.4159875,1,1426,961
0.22485207,0.9962191,0.0,0.99999994,0.0,0.99999994,0.0,0.0,0.0,0.023756027,1,927,649
0.19526628,0.9962191,0.0,0.99999994,0.0,0.99999994,0.0,0.0,0.0,0.15005541,0,2225,146
0.21005918,0.9962191,0.0,0.99999994,0.0,0.99999994,0.0,0.0,0.0,0.26595926,0,1578,449
0.2514793,0.9962191,0.0,0.99999994,0.99999994,0.99999994,0.0,0.0,0.55103016,0.25380278,1,1051,1563
0.2366864,0.9962191,0.0,0.99999994,0.99999994,0.99999994,0.0,0.0,0.55103016,0.17125654,1,1138,849
0.2662722,0.9962191,0.0,0.99999994,0.99999994,0.99999994,0.0,0.0,0.55103016,0.44797325,1,1272,1549
0.23076923,0.9962191,0.0,0.99999994,0.99999994,0.99999994,0.0,0.0,0.55103016,0.19120932,1,711,1700
0.21893491,0.9962191,0.0,0.99999994,0.0,0.99999994,0.0,0.0,0.0,0.08409023,0,1059,559
0.24556214,0.9962191,0.0,0.99999994,0.99999994,0.99999994,0.0,0.0,0.55103016,0.19939137,1,1143,987
0.2662722,0.9962191,0.0,0.99999994,0.99999994,0.99999994,0.0,0.0,0.55103016,0.5715661,1,1437,1335
0.29881656,0.9962191,0.0,0.99999994,0.99999994,0.99999994,0.0,0.0,0.55103016,0.90690947,0,2019,1783
0.28994083,0.9962191,0.0,0.99999994,0.99999994,0.99999994,0.0,0.0,0.55103016,0.921463,1,1980,1657
0.21301776,0.9962191,0.0,0.99999994,0.0,0.99999994,0.0,0.0,0.0,0.18397236,0,1309,509
0.30177516,0.9962191,0.0,0.99999994,0.99999994,0.99999994,0.0,0.0,0.84147567,0.91141796,1,2209,1820
0.26331362,0.9962191,0.0,0.99999994,0.99999994,0.99999994,0.0,0.0,0.55103016,0.4394474,1,1175,1821
0.22189349,0.9962191,0.0,0.99999994,0.0,0.99999994,0.0,0.0,0.0,0.4484768,0,1996,577
0.295858,0.9962191,0.0,0.99999994,0.99999994,0.99999994,0.0,0.0,0.85611075,0.92623043,1,2184,1709
0.26923078,0.9962191,0.0,0.99999994,0.99999994,0.99999994,0.0,0.0,0.55103016,0.4658575,0,1328,1377
0.19526628,0.9962191,0.0,0.99999994,0.0,0.99999994,0.0,0.0,0.0,0.09250593,0,384,245
0.18639053,0.9962191,0.0,0.99999994,0.0,0.99999994,0.0,0.0,0.0,0.08536959,1,487,107
0.26923078,0.9962191,0.0,0.99999994,0.99999994,0.99999994,0.0,0.0,0.55103016,0.47277927,0,1335,1376
0.24260356,0.9962191,0.0,0.99999994,0.99999994,0.99999994,0.0,0.0,0.55103016,0.6685076,1,1811,904
0.24556214,0.9962191,0.0,0.99999994,0.99999994,0.99999994,0.0,0.0,0.55103016,0.062458992,1,960,1287
0.24260356,0.9962191,0.0,0.99999994,0.99999994,0.99999994,0.0,0.0,0.55103016,0.21813154,0,845,1769
0.22781065,0.9962191,0.0,0.99999994,0.0,0.99999994,0.0,0.0,0.55103016,0.02295971,1,724,787
0.2781065,0.9962191,0.0,0.99999994,0.99999994,0.99999994,0.0,0.0,0.55103016,0.6265912,0,1452,1699
0.2071006,0.9962191,0.0,0.99999994,0.0,0.99999994,0.0,0.0,0.0,0.0647583,1,406,599
0.23372781,0.9962191,0.0,0.99999994,0.0,0.99999994,0.0,0.0,0.55103016,0.028190613,1,932,813
0.27218935,0.9962191,0.0,0.99999994,0.99999994,0.99999994,0.0,0.0,0.55103016,0.9813857,0,2228,1352
0.2514793,0.9962191,0.0,0.99999994,0.99999994,0.99999994,0.0,0.0,0.55103016,0.38851166,1,1336,1090
0.25443786,0.9962191,0.0,0.99999994,0.99999994,0.99999994,0.0,0.0,0.55103016,0.80234003,1,1934,1082
0.18934911,0.9962191,0.0,0.99999994,0.0,0.99999994,0.0,0.0,0.0,0.030880451,0,811,148
0.21893491,0.9962191,0.0,0.99999994,0.99999994,0.99999994,0.0,0.0,0.55103016,0.02395773,0,576,1033
0.1923077,0.9962191,0.0,0.99999994,0.0,0.99999994,0.0,0.0,0.0,0.04286003,0,726,197
0.21597633,0.9962191,0.0,0.99999994,0.0,0.99999994,0.0,0.0,0.55103016,0.01273489,0,497,1308
0.25443786,0.9962191,0.0,0.99999994,0.99999994,0.99999994,0.0,0.0,0.55103016,0.1783061,0,1085,1179
0.23372781,0.9962191,0.0,0.99999994,0.99999994,0.99999994,0.0,0.0,0.55103016,0.28144455,1,1306,829
0.21005918,0.9962191,0.0,0.99999994,0.0,0.99999994,0.0,0.0,0.55103016,0.024884224,0,430,1159
0.30769232,0.9962191,0.0,0.99999994,0.99999994,0.99999994,0.0,0.0,0.88953257,0.8894472,0,1942,1887
0.2781065,0.9962191,0.0,0.99999994,0.99999994,0.99999994,0.0,0.0,0.55103016,0.6009803,1,1403,1797
0.28402367,0.9962191,0.0,0.99999994,0.99999994,0.99999994,0.0,0.0,0.55103016,0.6742058,0,1519,1602
0.25443786,0.9962191,0.0,0.99999994,0.99999994,0.99999994,0.0,0.0,0.55103016,0.83167267,0,2388,1077
0.2366864,0.9962191,0.0,0.99999994,0.99999994,0.99999994,0.0,0.0,0.55103016,0.034525394,1,941,833
0.22781065,0.9962191,0.0,0.99999994,0.0,0.99999994,0.0,0.0,0.55103016,0.24973583,1,1301,736
0.24556214,0.9962191,0.0,0.99999994,0.99999994,0.99999994,0.0,0.0,0.55103016,0.70570755,0,1853,953
0.20414202,0.9962191,0.0,0.99999994,0.0,0.99999994,0.0,0.0,0.0,0.062145233,1,334,737
0.2781065,0.9962191,0.0,0.99999994,0.99999994,0.99999994,0.0,0.0,0.9797412,0.59937954,1,1391,1846
0.2071006,0.9962191,0.0,0.99999994,0.0,0.99999994,0.0,0.0,0.0,0.06461525,0,374,650
0.1923077,0.9962191,0.0,0.99999994,0.0,0.99999994,0.0,0.0,0.0,0.08456802,1,153,685
0.29881656,0.9962191,0.0,0.99999994,0.99999994,0.99999994,0.0,0.0,0.8488988,0.9189172,1,2207,1768
0.2781065,0.9962191,0.0,0.99999994,0.99999994,0.99999994,0.0,0.0,0.98981816,0.6153178,0,1395,1936
0.18343195,0.9962191,0.0,0.99999994,0.0,0.99999994,0.0,0.0,0.0,0.10756111,0,28,592
0.26923078,0.9962191,0.0,0.99999994,0.99999994,0.99999994,0.0,0.0,0.99745,0.5329137,1,1283,1891
0.22189349,0.9962191,0.0,0.99999994,0.0,0.99999994,0.0,0.0,0.0,0.040172577,0,605,651
0.21005918,0.9962191,0.0,0.99999994,0.0,0.99999994,0.0,0.0,0.0,0.05587864,0,423,703
0.23372781,0.9962191,0.0,0.99999994,0.0,0.99999994,0.0,0.0,0.55103016,0.31875467,1,1374,805
0.22189349,0.9962191,0.0,0.99999994,0.0,0.99999994,0.0,0.0,0.0,0.0684638,0,1017,607
0.23964497,0.9962191,0.0,0.99999994,0.99999994,0.99999994,0.0,0.0,0.55103016,0.44047403,0,1482,918
0.26035503,0.9962191,0.0,0.99999994,0.99999994,0.99999994,0.0,0.0,0.55103016,0.4249425,1,1142,1851
0.20118344,0.9962191,0.0,0.99999994,0.0,0.99999994,0.0,0.0,0.0,0.23706198,0,2091,274
0.26331362,0.9962191,0.0,0.99999994,0.99999994,0.99999994,0.0,0.0,0.55103016,0.36112309,1,1221,1392
0.27218935,0.9962191,0.0,0.99999994,0.99999994,0.99999994,0.0,0.0,0.55103016,0.52137184,1,1381,1388
0.25443786,0.9962191,0.0,0.99999994,0.99999994,0.99999994,0.0,0.0,0.55103016,0.8350134,0,2364,1084
0.24852072,0.9962191,0.0,0.99999994,0.99999994,0.99999994,0.0,0.0,0.55103016,0.2464652,0,1185,1050
0.78994083,0.99868023,0.9918481,0.99999994,0.99999994,0.99999994,0.0,0.0,0.8429407,0.9049392,1,2246,1876
0.25739646,0.9962191,0.0,0.99999994,0.99999994,0.99999994,0.0,0.0,0.55103016,0.70713234,1,1632,1190
0.2928994,0.9962191,0.0,0.99999994,0.99999994,0.99999994,0.0,0.0,0.8669347,0.9368963,1,2251,1663
0.23076923,0.9962191,0.0,0.99999994,0.0,0.99999994,0.0,0.0,0.55103016,0.23352098,0,1269,747
0.27218935,0.9962191,0.0,0.99999994,0.99999994,0.99999994,0.0,0.0,0.55103016,0.5404377,0,1395,1422
0.25739646,0.9962191,0.0,0.99999994,0.99999994,0.99999994,0.0,0.0,0.55103016,0.85634613,0,2368,1113
0.21893491,0.9962191,0.0,0.99999994,0.99999994,0.99999994,0.0,0.0,0.55103016,0.1250596,0,552,1548
0.295858,0.9962191,0.0,0.99999994,0.99999994,0.99999994,0.0,0.0,0.55103016,0.8173065,1,1697,1815
0.28402367,0.9962191,0.0,0.99999994,0.99999994,0.99999994,0.0,0.0,0.55103016,0.92565966,0,1838,1553
0.22781065,0.9962191,0.0,0.99999994,0.0,0.99999994,0.0,0.0,0.0,0.5337038,0,1822,711
0.24260356,0.9962191,0.0,0.99999994,0.99999994,0.99999994,0.0,0.0,0.55103016,0.67642546,0,1922,905
0.21301776,0.9962191,0.0,0.99999994,0.0,0.99999994,0.0,0.0,0.0,0.3486681,0,2113,429
0.28402367,0.9962191,0.0,0.99999994,0.99999994,0.99999994,0.0,0.0,0.55103016,0.6827316,1,1518,1747
0.18639053,0.9962191,0.0,0.99999994,0.0,0.99999994,0.0,0.0,0.0,0.14614773,1,112,118
0.25739646,0.9962191,0.0,0.99999994,0.99999994,0.99999994,0.0,0.0,0.55103016,0.8532815,0,2307,1115
0.22781065,0.9962191,0.0,0.99999994,0.0,0.99999994,0.0,0.0,0.0,0.3260975,0,1448,707
0.18934911,0.9962191,0.0,0.99999994,0.0,0.99999994,0.0,0.0,0.55103016,0.05296421,0,136,1023
0.28698224,0.9962191,0.0,0.99999994,0.99999994,0.99999994,0.0,0.0,0.9707818,0.6983113,1,1526,1905
0.2662722,0.9962191,0.0,0.99999994,0.99999994,0.99999994,0.0,0.0,0.55103016,0.45140314,1,1198,1804
0.24852072,0.9962191,0.0,0.99999994,0.99999994,0.99999994,0.0,0.0,0.55103016,0.50356245,1,1486,1051
0.2366864,0.9962191,0.0,0.99999994,0.99999994,0.99999994,0.0,0.0,0.55103016,0.0069770813,0,811,1320
0.295858,0.9962191,0.0,0.99999994,0.99999994,0.99999994,0.0,0.0,0.55103016,0.9098244,0,1916,1718
0.30177516,0.9962191,0.0,0.99999994,0.99999994,0.99999994,0.0,0.0,0.55103016,0.9025297,1,2004,1810
0.20414202,0.9962191,0.0,0.99999994,0.0,0.99999994,0.0,0.0,0.0,0.050960064,0,621,377
0.26035503,0.9962191,0.0,0.99999994,0.99999994,0.99999994,0.0,0.0,0.55103016,0.51671076,0,1416,1235
0.26923078,0.9962191,0.0,0.99999994,0.99999994,0.99999994,0.0,0.0,0.55103016,0.8294234,1,1686,1375
0.2928994,0.9962191,0.0,0.99999994,0.99999994,0.99999994,0.0,0.0,0.55103016,0.9246526,1,2100,1686
0.22189349,0.9962191,0.0,0.99999994,0.0,0.99999994,0.0,0.0,0.55103016,0.29273462,0,516,1894
0.22781065,0.9962191,0.0,0.99999994,0.99999994,0.99999994,0.0,0.0,0.55103016,0.0122618675,0,695,1143
0.21005918,0.9962191,0.0,0.99999994,0.0,0.99999994,0.0,0.0,0.0,0.027490139,1,765,510
0.28994083,0.9962191,0.0,0.99999994,0.99999994,0.99999994,0.0,0.0,0.55103016,0.9143634,0,1856,1654
0.26035503,0.9962191,0.0,0.99999994,0.99999994,0.99999994,0.0,0.0,0.55103016,0.8678384,0,1977,1170
0.21893491,0.9962191,0.0,0.99999994,0.0,0.99999994,0.0,0.0,0.0,0.03775978,1,637,629
0.2662722,0.9962191,0.0,0.99999994,0.99999994,0.99999994,0.0,0.0,0.55103016,0.369977,0,1243,1338
0.1923077,0.9962191,0.0,0.99999994,0.0,0.99999994,0.0,0.0,0.0,0.09584761,1,229,470
0.2366864,0.9962191,0.0,0.99999994,0.99999994,0.99999994,0.0,0.0,0.55103016,0.61244726,1,1752,873
0.23964497,0.9962191,0.0,0.99999994,0.99999994,0.99999994,0.0,0.0,0.55103016,0.63097906,1,1779,872
0.24852072,0.9962191,0.0,0.99999994,0.99999994,0.99999994,0.0,0.0,0.55103016,0.7368684,1,1856,997
0.1923077,0.9962191,0.0,0.99999994,0.0,0.99999994,0.0,0.0,0.0,0.016857624,0,897,162
0.26331362,0.9962191,0.0,0.99999994,0.99999994,0.99999994,0.0,0.0,0.55103016,0.9065733,0,2028,1219
0.21005918,0.9962191,0.0,0.99999994,0.0,0.99999994,0.0,0.0,0.0,0.31934023,0,1882,402
0.2366864,0.9962191,0.0,0.99999994,0.99999994,0.99999994,0.0,0.0,0.55103016,0.4423914,1,1533,844
0.22781065,0.9962191,0.0,0.99999994,0.0,0.99999994,0.0,0.0,0.0,0.20086432,1,1226,721
0.25739646,0.9962191,0.0,0.99999994,0.99999994,0.99999994,0.0,0.0,0.55103016,0.23320818,0,1127,1268
0.24556214,0.9962191,0.0,0.99999994,0.99999994,0.99999994,0.0,0.0,0.55103016,0.4559021,0,1467,979
0.18639053,0.9962191,0.0,0.99999994,0.0,0.99999994,0.0,0.0,0.55103016,0.042503357,0,14,1187
0.2662722,0.9962191,0.0,0.99999994,0.99999994,0.99999994,0.0,0.0,0.55103016,0.5880375,1,1453,1333
0.2366864,0.9962191,0.0,0.99999994,0.99999994,0.99999994,0.0,0.0,0.55103016,0.014654636,0,912,863
0.22189349,0.9962191,0.0,0.99999994,0.0,0.99999994,0.0,0.0,0.0,0.035141468,0,616,735
0.22485207,0.9962191,0.0,0.99999994,0.0,0.99999994,0.0,0.0,0.0,0.45055056,0,1720,655
0.18343195,0.9962191,0.0,0.99999994,0.0,0.99999994,0.0,0.0,0.0,0.13333416,1,73,300
0.26035503,0.9962191,0.0,0.99999994,0.99999994,0.99999994,0.0,0.0,0.55103016,0.39984846,1,1133,1792
0.23964497,0.9962191,0.0,0.99999994,0.99999994,0.99999994,0.0,0.0,0.55103016,0.6591921,1,1798,893
0.20414202,0.9962191,0.0,0.99999994,0.0,0.99999994,0.0,0.0,0.0,0.07321119,1,453,385
0.28994083,0.9962191,0.0,0.99999994,0.99999994,0.99999994,0.0,0.0,0.9659384,0.72210884,1,1562,1898
0.18934911,0.9962191,0.0,0.99999994,0.0,0.99999994,0.0,0.0,0.0,0.07782221,0,514,161
0.30473372,0.9967283,0.97189665,0.99999994,0.99999994,0.99999994,0.0,0.0,0.84528255,0.91629124,0,2376,1842
0.2662722,0.9962191,0.0,0.99999994,0.99999994,0.99999994,0.0,0.0,0.55103016,0.93319225,1,1926,1268
0.2781065,0.9962191,0.0,0.99999994,0.99999994,0.99999994,0.0,0.0,0.55103016,0.93679,1,1841,1464
0.2781065,0.9962191,0.0,0.99999994,0.99999994,0.99999994,0.0,0.0,0.55103016,0.6076379,1,1424,1727
0.2366864,0.9962191,0.0,0.99999994,0.99999994,0.99999994,0.0,0.0,0.55103016,0.35201216,0,1404,840
0.18343195,0.9962191,0.0,0.99999994,0.0,0.99999994,0.0,0.0,0.0,0.14551544,0,86,165
0.27514794,0.9962191,0.0,0.99999994,0.99999994,0.99999994,0.0,0.0,0.55103016,0.5719862,1,1418,1490
0.1923077,0.9962191,0.0,0.99999994,0.0,0.99999994,0.0,0.0,0.0,0.12829065,0,2014,125
0.27218935,0.9962191,0.0,0.99999994,0.99999994,0.99999994,0.0,0.0,0.55103016,0.54324865,1,1322,1808
0.26923078,0.9962191,0.0,0.99999994,0.99999994,0.99999994,0.0,0.0,0.55103016,0.8183212,1,1674,1346
0.18343195,0.9962191,0.0,0.99999994,0.0,0.99999994,0.0,0.0,0.0,0.048730373,0,1508,42
0.26331362,0.9962191,0.0,0.99999994,0.99999994,0.99999994,0.0,0.0,0.55103016,0.36235332,0,1249,1283
0.28402367,0.9962191,0.0,0.99999994,0.99999994,0.99999994,0.0,0.0,0.55103016,0.6886821,1,1523,1781
0.23076923,0.9962191,0.0,0.99999994,0.99999994,0.99999994,0.0,0.0,0.55103016,0.006542206,1,715,1276
0.1923077,0.9962191,0.0,0.99999994,0.0,0.99999994,0.0,0.0,0.55103016,0.07177067,1,177,795
0.18639053,0.9962191,0.0,0.99999994,0.0,0.99999994,0.0,0.0,0.55103016,0.051306248,0,61,1084
0.18934911,0.9962191,0.0,0.99999994,0.0,0.99999994,0.0,0.0,0.0,0.09218502,0,1970,76
0.1923077,0.9962191,0.0,0.99999994,0.0,0.99999994,0.0,0.0,0.0,0.11039591,0,1528,167
0.24556214,0.9962191,0.0,0.99999994,0.99999994,0.99999994,0.0,0.0,0.55103016,0.37939787,1,1370,981
0.25739646,0.9962191,0.0,0.99999994,0.99999994,0.99999994,0.0,0.0,0.55103016,0.29692078,0,1140,1447
0.295858,0.9962191,0.0,0.99999994,0.99999994,0.99999994,0.0,0.0,0.85238415,0.9223027,0,2168,1730
0.20118344,0.9962191,0.0,0.99999994,0.0,0.99999994,0.0,0.0,0.0,0.14492035,0,1400,307
0.2781065,0.9962191,0.0,0.99999994,0.99999994,0.99999994,0.0,0.0,0.55103016,0.9383006,0,1855,1460
0.21597633,0.9962191,0.0,0.99999994,0.0,0.99999994,0.0,0.0,0.0,0.014915466,1,863,548
0.18047337,0.9962191,0.0,0.99999994,0.0,0.99999994,0.0,0.0,0.0,0.11939001,0,35,477
0.23372781,0.9962191,0.0,0.99999994,0.99999994,0.99999994,0.0,0.0,0.55103016,0.004397869,1,758,1294
0.18343195,0.9962191,0.0,0.99999994,0.0,0.99999994,0.0,0.0,0.0,0.14079905,1,169,76
0.26923078,0.9962191,0.0,0.99999994,0.99999994,0.99999994,0.0,0.0,0.55103016,0.69706535,1,1556,1370
0.21005918,0.9962191,0.0,0.99999994,0.0,0.99999994,0.0,0.0,0.0,0.22603798,0,1505,422
0.21301776,0.9962191,0.0,0.99999994,0.0,0.99999994,0.0,0.0,0.55103016,0.049249172,0,461,748
0.22781065,0.9962191,0.0,0.99999994,0.0,0.99999994,0.0,0.0,0.55103016,0.16152239,1,1154,738
0.2662722,0.9962191,0.0,0.99999994,0.99999994,0.99999994,0.0,0.0,0.55103016,0.6373372,0,1508,1296
0.25739646,0.9962191,0.0,0.99999994,0.99999994,0.99999994,0.0,0.0,0.55103016,0.8570123,0,2231,1128
0.1923077,0.9962191,0.0,0.99999994,0.0,0.99999994,0.0,0.0,0.0,0.088979244,0,1395,163
0.21893491,0.9962191,0.0,0.99999994,0.0,0.99999994,0.0,0.0,0.0,0.4361515,0,2076,554
0.18343195,0.9962191,0.0,0.99999994,0.0,0.99999994,0.0,0.0,0.0,0.0887537,1,471,95
0.2514793,0.9962191,0.0,0.99999994,0.99999994,0.99999994,0.0,0.0,0.55103016,0.21978426,0,1016,1556
0.18639053,0.9962191,0.0,0.99999994,0.0,0.99999994,0.0,0.0,0.55103016,0.06218815,0,55,986
0.23372781,0.9962191,0.0,0.99999994,0.99999994,0.99999994,0.0,0.0,0.55103016,0.007871628,0,744,1201
0.29881656,0.9962191,0.0,0.99999994,0.99999994,0.99999994,0.0,0.0,0.55103016,0.9024544,1,1919,1777
0.24260356,0.9962191,0.0,0.99999994,0.99999994,0.99999994,0.0,0.0,0.55103016,0.6966543,0,2311,898
0.20414202,0.9962191,0.0,0.99999994,0.0,0.99999994,0.0,0.0,0.0,0.19389534,0,1496,359
0.18343195,0.9962191,0.0,0.99999994,0.0,0.99999994,0.0,0.0,0.0,0.09722853,0,34,680
0.26035503,0.9962191,0.0,0.99999994,0.99999994,0.99999994,0.0,0.0,0.55103016,0.88833046,0,2105,1185
0.21597633,0.9962191,0.0,0.99999994,0.0,0.99999994,0.0,0.0,0.0,0.374218,0,1820,484
0.2781065,0.9962191,0.0,0.99999994,0.99999994,0.99999994,0.0,0.0,0.97575665,0.620523,1,1422,1840
0.2366864,0.9962191,0.0,0.99999994,0.99999994,0.99999994,0.0,0.0,0.55103016,0.120287895,0,796,1558
0.18639053,0.9962191,0.0,0.99999994,0.0,0.99999994,0.0,0.0,0.0,0.106852055,0,122,494
0.24852072,0.9962191,0.0,0.99999994,0.99999994,0.99999994,0.0,0.0,0.55103016,0.7723384,0,2297,1004
0.23372781,0.9962191,0.0,0.99999994,0.0,0.99999994,0.0,0.0,0.55103016,0.5463276,0,1723,802
0.19526628,0.9962191,0.0,0.99999994,0.0,0.99999994,0.0,0.0,0.55103016,0.17692757,0,162,1623
0.2366864,0.9962191,0.0,0.99999994,0.99999994,0.99999994,0.0,0.0,0.55103016,0.055308342,1,970,859
0.2514793,0.9962191,0.0,0.99999994,0.99999994,0.99999994,0.0,0.0,0.55103016,0.24274302,0,1042,1555
0.9289941,0.99703676,0.9690237,0.99999994,0.99999994,0.99999994,0.0,0.0,0.84205174,0.8996372,1,2368,1946
0.18343195,0.9962191,0.0,0.99999994,0.0,0.99999994,0.0,0.0,0.0,0.1587224,0,72,61
0.30177516,0.9962191,0.0,0.99999994,0.99999994,0.99999994,0.0,0.0,0.55103016,0.8921833,1,1833,1824
0.19822486,0.9962191,0.0,0.99999994,0.0,0.99999994,0.0,0.0,0.55103016,0.031423092,0,208,1209
0.2366864,0.9962191,0.0,0.99999994,0.99999994,0.99999994,0.0,0.0,0.55103016,0.50533915,1,1631,836
0.24260356,0.9962191,0.0,0.99999994,0.99999994,0.99999994,0.0,0.0,0.55103016,0.0023889542,1,902,1262
0.19526628,0.9962191,0.0,0.99999994,0.0,0.99999994,0.0,0.0,0.55103016,0.078792095,0,172,1423
0.2662722,0.9962191,0.0,0.99999994,0.99999994,0.99999994,0.0,0.0,0.55103016,0.92728233,1,1914,1261
0.24556214,0.9962191,0.0,0.99999994,0.99999994,0.99999994,0.0,0.0,0.55103016,0.073325634,1,928,1407
0.18343195,0.9962191,0.0,0.99999994,0.0,0.99999994,0.0,0.0,0.0,0.021986008,0,1000,22
0.18934911,0.9962191,0.0,0.99999994,0.0,0.99999994,0.0,0.0,0.0,0.100188255,0,1977,87
0.21597633,0.9962191,0.0,0.99999994,0.0,0.99999994,0.0,0.0,0.0,0.3797078,0,1952,483
0.21597633,0.9962191,0.0,0.99999994,0.0,0.99999994,0.0,0.0,0.0,0.38582373,0,2345,466
0.30177516,0.9962191,0.0,0.99999994,0.99999994,0.99999994,0.0,0.0,0.55103016,0.8935852,1,1839,1815
0.23076923,0.9962191,0.0,0.99999994,0.0,0.99999994,0.0,0.0,0.55103016,0.22307873,0,1241,773
0.23372781,0.9962191,0.0,0.99999994,0.99999994,0.99999994,0.0,0.0,0.55103016,0.26624632,0,694,1856
0.2366864,0.9962191,0.0,0.99999994,0.99999994,0.99999994,0.0,0.0,0.55103016,0.29177666,0,778,1918
0.19822486,0.9962191,0.0,0.99999994,0.0,0.99999994,0.0,0.0,0.55103016,0.028237343,0,206,1245
0.24556214,0.9962191,0.0,0.99999994,0.99999994,0.99999994,0.0,0.0,0.55103016,0.23025656,0,945,1724
0.23076923,0.9962191,0.0,0.99999994,0.0,0.99999994,0.0,0.0,0.55103016,0.34785318,1,1456,747
0.30473372,0.9962191,0.0,0.99999994,0.99999994,0.99999994,0.0,0.0,0.87937915,0.8949394,0,1976,1857
0.2662722,0.9962191,0.0,0.99999994,0.99999994,0.99999994,0.0,0.0,0.55103016,0.74026537,0,1599,1313
0.23964497,0.9962191,0.0,0.99999994,0.99999994,0.99999994,0.0,0.0,0.55103016,0.0023531914,1,846,1244
0.25739646,0.9962191,0.0,0.99999994,0.99999994,0.99999994,0.0,0.0,0.55103016,0.3262887,0,1109,1625
0.21005918,0.9962191,0.0,0.99999994,0.0,0.99999994,0.0,0.0,0.0,0.1388464,0,1229,463
0.23372781,0.9962191,0.0,0.99999994,0.0,0.99999994,0.0,0.0,0.55103016,0.48224068,0,1633,793
0.19526628,0.9962191,0.0,0.99999994,0.0,0.99999994,0.0,0.0,0.0,0.10429239,0,294,266
0.26331362,0.9962191,0.0,0.99999994,0.99999994,0.99999994,0.0,0.0,0.55103016,0.7907753,0,1668,1272
0.26923078,0.9962191,0.0,0.99999994,0.99999994,0.99999994,0.0,0.0,0.55103016,0.883914,1,1740,1380
0.24260356,0.9962191,0.0,0.99999994,0.99999994,0.99999994,0.0,0.0,0.55103016,0.06428909,1,918,1409
0.2928994,0.9962191,0.0,0.99999994,0.99999994,0.99999994,0.0,0.0,0.855526,0.92579556,0,2139,1694
0.2514793,0.9962191,0.0,0.99999994,0.99999994,0.99999994,0.0,0.0,0.55103016,0.5180745,1,1496,1064
0.18047337,0.9962191,0.0,0.99999994,0.0,0.99999994,0.0,0.0,0.0,0.13183784,0,33,366
0.24556214,0.9962191,0.0,0.99999994,0.99999994,0.99999994,0.0,0.0,0.55103016,0.20711517,1,941,1679
0.26331362,0.9962191,0.0,0.99999994,0.99999994,0.99999994,0.0,0.0,0.55103016,0.4148326,0,1307,1258
0.18343195,0.9962191,0.0,0.99999994,0.0,0.99999994,0.0,0.0,0.0,0.043398857,0,1394,43
0.21005918,0.9962191,0.0,0.99999994,0.0,0.99999994,0.0,0.0,0.0,0.31375837,0,1949,390
0.18047337,0.9962191,0.0,0.99999994,0.0,0.99999994,0.0,0.0,0.0,0.13793278,1,206,39
0.20118344,0.9962191,0.0,0.99999994,0.0,0.99999994,0.0,0.0,0.0,0.021138668,0,926,302
0.30769232,0.9962191,0.0,0.99999994,0.99999994,0.99999994,0.0,0.0,0.8920355,0.8841486,1,1942,1928
0.23076923,0.9962191,0.0,0.99999994,0.0,0.99999994,0.0,0.0,0.0,0.54747057,0,1805,732
0.2071006,0.9962191,0.0,0.99999994,0.0,0.99999994,0.0,0.0,0.0,0.30447578,0,1799,386
0.30177516,0.99646115,0.9875017,0.99999994,0.99999994,0.99999994,0.0,0.0,0.8508016,0.92350674,0,2379,1797
0.1923077,0.9962191,0.0,0.99999994,0.0,0.99999994,0.0,0.0,0.0,0.115335464,1,249,215
0.20414202,0.9962191,0.0,0.99999994,0.0,0.99999994,0.0,0.0,0.0,0.12801838,0,1293,344
0.24852072,0.9962191,0.0,0.99999994,0.99999994,0.99999994,0.0,0.0,0.55103016,0.13670015,1,999,1389
0.20118344,0.9962191,0.0,0.99999994,0.0,0.99999994,0.0,0.0,0.55103016,0.056839466,0,305,838
0.23964497,0.9962191,0.0,0.99999994,0.99999994,0.99999994,0.0,0.0,0.55103016,0.1717062,1,1124,911
0.20414202,0.9962191,0.0,0.99999994,0.0,0.99999994,0.0,0.0,0.0,0.26209307,0,2165,305
0.21893491,0.9962191,0.0,0.99999994,0.0,0.99999994,0.0,0.0,0.0,0.010213375,1,899,581
0.28402367,0.9962191,0.0,0.99999994,0.99999994,0.99999994,0.0,0.0,0.55103016,0.7714391,0,1631,1592
0.22189349,0.9962191,0.0,0.99999994,0.0,0.99999994,0.0,0.0,0.0,0.386158,0,1619,637
0.22781065,0.9962191,0.0,0.99999994,0.0,0.99999994,0.0,0.0,0.0,0.39209414,1,1543,729
0.21005918,0.9962191,0.0,0.99999994,0.0,0.99999994,0.0,0.0,0.0,0.3069291,0,1839,387
0.18639053,0.9962191,0.0,0.99999994,0.0,0.99999994,0.0,0.0,0.0,0.0493145,0,1983,15
0.24260356,0.9962191,0.0,0.99999994,0.99999994,0.99999994,0.0,0.0,0.55103016,0.14484072,0,1082,944
0.1923077,0.9962191,0.0,0.99999994,0.0,0.99999994,0.0,0.0,0.0,0.13835382,0,2356,124
0.19822486,0.9962191,0.0,0.99999994,0.0,0.99999994,0.0,0.0,0.0,0.18115091,0,2084,196
0.21597633,0.9962191,0.0,0.99999994,0.0,0.99999994,0.0,0.0,0.55103016,0.13582182,0,498,1566
0.23076923,0.9962191,0.0,0.99999994,0.99999994,0.99999994,0.0,0.0,0.55103016,0.23790455,1,678,1795
0.20118344,0.9962191,0.0,0.99999994,0.0,0.99999994,0.0,0.0,0.55103016,0.05982542,0,311,794
0.21301776,0.9962191,0.0,0.99999994,0.0,0.99999994,0.0,0.0,0.0,0.05765581,1,502,538
0.23964497,0.9962191,0.0,0.99999994,0.99999994,0.99999994,0.0,0.0,0.55103016,0.64438105,0,2122,842
0.23076923,0.9962191,0.0,0.99999994,0.0,0.99999994,0.0,0.0,0.0,0.557672,0,2283,708
0.19526628,0.9962191,0.0,0.99999994,0.0,0.99999994,0.0,0.0,0.0,0.023284435,0,942,197
0.18343195,0.9962191,0.0,0.99999994,0.0,0.99999994,0.0,0.0,0.0,0.14987278,0,88,120
0.27218935,0.9962191,0.0,0.99999994,0.99999994,0.99999994,0.0,0.0,0.55103016,0.6540723,1,1510,1426
0.2662722,0.9962191,0.0,0.99999994,0.99999994,0.99999994,0.0,0.0,0.55103016,0.9235916,1,1912,1256
0.2514793,0.9962191,0.0,0.99999994,0.99999994,0.99999994,0.0,0.0,0.55103016,0.30639935,0,995,1814
0.26923078,0.9962191,0.0,0.99999994,0.99999994,0.99999994,0.0,0.0,0.55103016,0.99436903,0,2316,1313
0.24852072,0.9962191,0.0,0.99999994,0.99999994,0.99999994,0.0,0.0,0.55103016,0.7741995,0,2303,1006
0.24556214,0.9962191,0.0,0.99999994,0.99999994,0.99999994,0.0,0.0,0.55103016,0.07406521,1,920,1426
0.18639053,0.9962191,0.0,0.99999994,0.0,0.99999994,0.0,0.0,0.0,0.1421237,1,97,181
0.20414202,0.9962191,0.0,0.99999994,0.0,0.99999994,0.0,0.0,0.0,0.06087351,1,355,727
0.18343195,0.9962191,0.0,0.99999994,0.0,0.99999994,0.0,0.0,0.0,0.062298775,0,634,80
0.1923077,0.9962191,0.0,0.99999994,0.0,0.99999994,0.0,0.0,0.0,0.09742355,0,1391,187
0.22781065,0.9962191,0.0,0.99999994,0.99999994,0.99999994,0.0,0.0,0.55103016,0.23770952,0,629,1790
0.28402367,0.9962191,0.0,0.99999994,0.99999994,0.99999994,0.0,0.0,0.55103016,0.67401457,1,1501,1805
0.18343195,0.9962191,0.0,0.99999994,0.0,0.99999994,0.0,0.0,0.0,0.12252903,0,273,85
0.2514793,0.9962191,0.0,0.99999994,0.99999994,0.99999994,0.0,0.0,0.55103016,0.43435764,1,1396,1071
0.0,0.0,0.0,0.0,0.0,0.0,0.0,0.0,0.0,0.07869816,0,560,4
0.23076923,0.9962191,0.0,0.99999994,0.0,0.99999994,0.0,0.0,0.55103016,0.008387089,1,887,775
0.2514793,0.9962191,0.0,0.99999994,0.99999994,0.99999994,0.0,0.0,0.55103016,0.25469542,1,1052,1563
0.1923077,0.9962191,0.0,0.99999994,0.0,0.99999994,0.0,0.0,0.0,0.103850365,1,191,435
0.23372781,0.9962191,0.0,0.99999994,0.99999994,0.99999994,0.0,0.0,0.55103016,0.15157127,1,1115,825
0.28994083,0.9962191,0.0,0.99999994,0.99999994,0.99999994,0.0,0.0,0.55103016,0.7550893,1,1612,1678
0.28698224,0.9962191,0.0,0.99999994,0.99999994,0.99999994,0.0,0.0,0.55103016,0.71589375,0,1559,1787
0.26331362,0.9962191,0.0,0.99999994,0.99999994,0.99999994,0.0,0.0,0.55103016,0.5106101,1,1390,1288
0.23372781,0.9962191,0.0,0.99999994,0.0,0.99999994,0.0,0.0,0.55103016,0.038967133,1,949,792
0.18639053,0.9962191,0.0,0.99999994,0.0,0.99999994,0.0,0.0,0.0,0.1241622,0,253,105
0.24556214,0.9962191,0.0,0.99999994,0.99999994,0.99999994,0.0,0.0,0.55103016,0.72330236,1,1957,968
0.23076923,0.9962191,0.0,0.99999994,0.99999994,0.99999994,0.0,0.0,0.55103016,0.21666002,1,695,1752
0.24260356,0.9962191,0.0,0.99999994,0.99999994,0.99999994,0.0,0.0,0.55103016,0.70107937,0,2279,907
0.2662722,0.9962191,0.0,0.99999994,0.99999994,0.99999994,0.0,0.0,0.55103016,0.9493408,0,1830,1302
0.26331362,0.9962191,0.0,0.99999994,0.99999994,0.99999994,0.0,0.0,0.55103016,0.3469038,1,1215,1361
0.20118344,0.9962191,0.0,0.99999994,0.0,0.99999994,0.0,0.0,0.0,0.21438122,0,1692,296
0.20414202,0.9962191,0.0,0.99999994,0.0,0.99999994,0.0,0.0,0.0,0.038096905,0,712,392
0.28402367,0.9962191,0.0,0.99999994,0.99999994,0.99999994,0.0,0.0,0.55103016,0.8647709,1,1739,1605
0.24260356,0.9962191,0.0,0.99999994,0.99999994,0.99999994,0.0,0.0,0.55103016,0.40533447,1,1419,948
0.2662722,0.9962191,0.0,0.99999994,0.99999994,0.99999994,0.0,0.0,0.55103016,0.44843388,0,1275,1539
0.30177516,0.9962191,0.0,0.99999994,0.99999994,0.99999994,0.0,0.0,0.9173101,0.8897648,1,1816,1837
0.295858,0.9962191,0.0,0.99999994,0.99999994,0.99999994,0.0,0.0,0.55103016,0.8086133,1,1683,1781
0.21301776,0.9962191,0.0,0.99999994,0.0,0.99999994,0.0,0.0,0.0,0.027068138,0,768,512
0.2662722,0.9962191,0.0,0.99999994,0.99999994,0.99999994,0.0,0.0,0.55103016,0.45839834,0,1231,1736
0.2810651,0.9962191,0.0,0.99999994,0.99999994,0.99999994,0.0,0.0,0.9047964,0.96937466,0,2397,1513
0.26923078,0.9962191,0.0,0.99999994,0.99999994,0.99999994,0.0,0.0,0.55103016,0.89547443,1,1749,1352
0.18934911,0.9962191,0.0,0.99999994,0.0,0.99999994,0.0,0.0,0.0,0.039292812,0,752,182
0.24260356,0.9962191,0.0,0.99999994,0.99999994,0.99999994,0.0,0.0,0.55103016,0.12913084,1,915,1556
0.27218935,0.9962191,0.0,0.99999994,0.99999994,0.99999994,0.0,0.0,0.55103016,0.492486,0,1352,1390
0.21005918,0.9962191,0.0,0.99999994,0.0,0.99999994,0.0,0.0,0.55103016,0.11148453,0,379,1506
0.2781065,0.9962191,0.0,0.99999994,0.99999994,0.99999994,0.0,0.0,0.55103016,0.59007406,1,1428,1560
0.18047337,0.9962191,0.0,0.99999994,0.0,0.99999994,0.0,0.0,0.0,0.052360535,0,704,30
0.24556214,0.9962191,0.0,0.99999994,0.99999994,0.99999994,0.0,0.0,0.55103016,0.376235,1,1359,997
0.28698224,0.9962191,0.0,0.99999994,0.99999994,0.99999994,0.0,0.0,0.96995926,0.71958494,0,1556,1936
0.24260356,0.9962191,0.0,0.99999994,0.99999994,0.99999994,0.0,0.0,0.55103016,0.01153326,1,886,1335
0.26923078,0.9962191,0.0,0.99999994,0.99999994,0.99999994,0.0,0.0,0.55103016,0.5510864,1,1413,1369
0.2071006,0.9962191,0.0,0.99999994,0.0,0.99999994,0.0,0.0,0.0,0.069206715,0,404,538
0.28402367,0.9962191,0.0,0.99999994,0.99999994,0.99999994,0.0,0.0,0.55103016,0.6745262,0,1519,1607
0.26035503,0.9962191,0.0,0.99999994,0.99999994,0.99999994,0.0,0.0,0.55103016,0.8669729,0,1846,1183
0.24556214,0.9962191,0.0,0.99999994,0.99999994,0.99999994,0.0,0.0,0.55103016,0.38299322,1,1370,991
0.28994083,0.9962191,0.0,0.99999994,0.99999994,0.99999994,0.0,0.0,0.55103016,0.9146857,0,1833,1640
0.23076923,0.9962191,0.0,0.99999994,0.0,0.99999994,0.0,0.0,0.55103016,0.32748318,1,1424,745
0.25443786,0.9962191,0.0,0.99999994,0.99999994,0.99999994,0.0,0.0,0.55103016,0.45895243,0,1393,1143
0.23076923,0.9962191,0.0,0.99999994,0.0,0.99999994,0.0,0.0,0.55103016,0.27999115,1,1330,775
0.1923077,0.9962191,0.0,0.99999994,0.0,0.99999994,0.0,0.0,0.55103016,0.21233559,0,134,1693
0.2514793,0.9962191,0.0,0.99999994,0.99999994,0.99999994,0.0,0.0,0.55103016,0.6744051,1,1668,1077
0.23076923,0.9962191,0.0,0.99999994,0.0,0.99999994,0.0,0.0,0.55103016,0.3550954,1,1470,744
0.24852072,0.9962191,0.0,0.99999994,0.99999994,0.99999994,0.0,0.0,0.55103016,0.27032375,1,975,1763
0.23372781,0.9962191,0.0,0.99999994,0.0,0.99999994,0.0,0.0,0.55103016,0.008921146,1,877,797
0.2928994,0.9962191,0.0,0.99999994,0.99999994,0.99999994,0.0,0.0,0.55103016,0.92810726,1,2123,1671
0.22189349,0.9962191,0.0,0.99999994,0.0,0.99999994,0.0,0.0,0.0,0.035205364,1,646,666
0.28402367,0.9962191,0.0,0.99999994,0.99999994,0.99999994,0.0,0.0,0.55103016,0.9295902,1,1912,1561
0.18639053,0.9962191,0.0,0.99999994,0.0,0.99999994,0.0,0.0,0.0,0.058431625,0,2377,13
0.22189349,0.9962191,0.0,0.99999994,0.0,0.99999994,0.0,0.0,0.0,0.01205349,1,905,646
0.21597633,0.9962191,0.0,0.99999994,0.0,0.99999994,0.0,0.0,0.0,0.058986187,0,1009,531
0.26331362,0.9962191,0.0,0.99999994,0.99999994,0.99999994,0.0,0.0,0.55103016,0.63289976,0,1524,1252
0.27218935,0.9962191,0.0,0.99999994,0.99999994,0.99999994,0.0,0.0,0.55103016,0.5284338,0,1361,1550
0.27218935,0.9962191,0.0,0.99999994,0.99999994,0.99999994,0.0,0.0,0.9885747,0.53104734,0,1297,1837
0.18343195,0.9962191,0.0,0.99999994,0.0,0.99999994,0.0,0.0,0.0,0.11022568,1,73,519
0.2662722,0.9962191,0.0,0.99999994,0.99999994,0.99999994,0.0,0.0,0.55103016,0.47417355,1,1254,1727
0.295858,0.9962191,0.0,0.99999994,0.99999994,0.99999994,0.0,0.0,0.8547829,0.92486143,1,2165,1711
0.21005918,0.9962191,0.0,0.99999994,0.0,0.99999994,0.0,0.0,0.0,0.32963085,0,2302,391
0.2810651,0.9962191,0.0,0.99999994,0.99999994,0.99999994,0.0,0.0,0.55103016,0.7691355,1,1628,1550
0.23076923,0.9962191,0.0,0.99999994,0.0,0.99999994,0.0,0.0,0.55103016,0.46487713,0,1628,768
0.18934911,0.9962191,0.0,0.99999994,0.0,0.99999994,0.0,0.0,0.55103016,0.07428646,1,138,805
0.22781065,0.9962191,0.0,0.99999994,0.0,0.99999994,0.0,0.0,0.0,0.25628662,1,1322,717
0.21005918,0.9962191,0.0,0.99999994,0.0,0.99999994,0.0,0.0,0.0,0.025100231,1,794,468
0.2662722,0.9962191,0.0,0.99999994,0.99999994,0.99999994,0.0,0.0,0.55103016,0.85459614,1,1714,1298
0.2928994,0.9962191,0.0,0.99999994,0.99999994,0.99999994,0.0,0.0,0.55103016,0.87830544,1,1768,1721
0.20414202,0.9962191,0.0,0.99999994,0.0,0.99999994,0.0,0.0,0.55103016,0.1565404,0,317,1594
0.22781065,0.9962191,0.0,0.99999994,0.99999994,0.99999994,0.0,0.0,0.55103016,0.1252222,0,658,1557
0.19822486,0.9962191,0.0,0.99999994,0.0,0.99999994,0.0,0.0,0.0,0.083734035,0,426,282
0.22189349,0.9962191,0.0,0.99999994,0.0,0.99999994,0.0,0.0,0.0,0.44500685,0,1724,643
0.24260356,0.9962191,0.0,0.99999994,0.99999994,0.99999994,0.0,0.0,0.55103016,0.139637,1,892,1607
0.25739646,0.9962191,0.0,0.99999994,0.99999994,0.99999994,0.0,0.0,0.55103016,0.25646162,1,1147,1283
0.24556214,0.9962191,0.0,0.99999994,0.99999994,0.99999994,0.0,0.0,0.55103016,0.19405413,1,1137,984
0.18343195,0.9962191,0.0,0.99999994,0.0,0.99999994,0.0,0.0,0.0,0.031002522,0,1140,46
0.25443786,0.9962191,0.0,0.99999994,0.99999994,0.99999994,0.0,0.0,0.55103016,0.36392117,0,1294,1132
0.24260356,0.9962191,0.0,0.99999994,0.99999994,0.99999994,0.0,0.0,0.55103016,0.5321307,1,1591,937
0.18343195,0.9962191,0.0,0.99999994,0.0,0.99999994,0.0,0.0,0.0,0.1403451,1,52,263
0.21597633,0.9962191,0.0,0.99999994,0.0,0.99999994,0.0,0.0,0.0,0.025903225,1,759,586
0.22485207,0.9962191,0.0,0.99999994,0.99999994,0.99999994,0.0,0.0,0.55103016,0.04876232,0,634,1395
0.20118344,0.9962191,0.0,0.99999994,0.0,0.99999994,0.0,0.0,0.0,0.15153217,0,1438,299
0.27514794,0.9962191,0.0,0.99999994,0.99999994,0.99999994,0.0,0.0,0.55103016,0.58937645,0,1420,1610
0.22189349,0.9962191,0.0,0.99999994,0.0,0.99999994,0.0,0.0,0.0,0.022170544,0,774,657
0.28698224,0.9962191,0.0,0.99999994,0.99999994,0.99999994,0.0,0.0,0.55103016,0.7218499,1,1569,1739
0.295858,0.9962191,0.0,0.99999994,0.99999994,0.99999994,0.0,0.0,0.55103016,0.9076505,1,1944,1747
0.2662722,0.9962191,0.0,0.99999994,0.99999994,0.99999994,0.0,0.0,0.55103016,0.50112057,1,1376,1302
0.29881656,0.9962191,0.0,0.99999994,0.99999994,0.99999994,0.0,0.0,0.84507114,0.9144006,1,2157,1781
0.21893491,0.9962191,0.0,0.99999994,0.0,0.99999994,0.0,0.0,0.0,0.011967659,1,882,591
0.19822486,0.9962191,0.0,0.99999994,0.0,0.99999994,0.0,0.0,0.0,0.069420815,0,1143,260
0.21005918,0.9962191,0.0,0.99999994,0.0,0.99999994,0.0,0.0,0.0,0.23124027,0,1484,450
0.22189349,0.9962191,0.0,0.99999994,0.99999994,0.99999994,0.0,0.0,0.55103016,0.030049324,0,619,840
0.24260356,0.9962191,0.0,0.99999994,0.99999994,0.99999994,0.0,0.0,0.55103016,0.29816866,1,1285,935
0.22781065,0.9962191,0.0,0.99999994,0.0,0.99999994,0.0,0.0,0.0,0.3927498,0,1556,715
0.25443786,0.9962191,0.0,0.99999994,0.99999994,0.99999994,0.0,0.0,0.55103016,0.7999711,0,1824,1090
0.21301776,0.9962191,0.0,0.99999994,0.0,0.99999994,0.0,0.0,0.0,0.04202366,0,635,537
0.26331362,0.9962191,0.0,0.99999994,0.99999994,0.99999994,0.0,0.0,0.55103016,0.44745064,1,1230,1696
0.21597633,0.9962191,0.0,0.99999994,0.0,0.99999994,0.0,0.0,0.0,0.37627888,0,1909,481
0.22189349,0.9962191,0.0,0.99999994,0.0,0.99999994,0.0,0.0,0.0,0.014225483,1,849,661
0.2071006,0.9962191,0.0,0.99999994,0.0,0.99999994,0.0,0.0,0.0,0.09024954,0,1127,407
0.23076923,0.9962191,0.0,0.99999994,0.0,0.99999994,0.0,0.0,0.55103016,0.13998604,1,1111,767
0.2781065,0.9962191,0.0,0.99999994,0.99999994,0.99999994,0.0,0.0,0.55103016,0.5953007,1,1426,1616
0.28402367,0.9962191,0.0,0.99999994,0.99999994,0.99999994,0.0,0.0,0.97010845,0.6733093,0,1494,1860
0.21301776,0.9962191,0.0,0.99999994,0.0,0.99999994,0.0,0.0,0.55103016,0.032402992,0,486,988
0.21893491,0.9962191,0.0,0.99999994,0.0,0.99999994,0.0,0.0,0.0,0.24119139,0,1384,578
0.19526628,0.9962191,0.0,0.99999994,0.0,0.99999994,0.0,0.0,0.0,0.16184235,0,1708,206
0.28698224,0.9962191,0.0,0.99999994,0.99999994,0.99999994,0.0,0.0,0.55103016,0.75319433,0,1610,1617
0.21893491,0.9962191,0.0,0.99999994,0.0,0.99999994,0.0,0.0,0.0,0.38746214,0,1667,597
0.21893491,0.9962191,0.0,0.99999994,0.99999994,0.99999994,0.0,0.0,0.55103016,0.027584553,0,566,975
0.2366864,0.9962191,0.0,0.99999994,0.99999994,0.99999994,0.0,0.0,0.55103016,0.01752472,1,916,835
0.18639053,0.9962191,0.0,0.99999994,0.0,0.99999994,0.0,0.0,0.0,0.142025,1,95,185
0.2514793,0.9962191,0.0,0.99999994,0.99999994,0.99999994,0.0,0.0,0.55103016,0.24589348,1,1022,1609
0.26923078,0.9962191,0.0,0.99999994,0.99999994,0.99999994,0.0,0.0,0.55103016,0.96118164,0,2035,1295
0.22189349,0.9962191,0.0,0.99999994,0.0,0.99999994,0.0,0.0,0.0,0.012420177,1,872,628
0.25739646,0.9962191,0.0,0.99999994,0.99999994,0.99999994,0.0,0.0,0.55103016,0.3075714,0,1139,1484
0.26923078,0.9962191,0.0,0.99999994,0.99999994,0.99999994,0.0,0.0,0.55103016,0.8893671,1,1743,1351
0.22189349,0.9962191,0.0,0.99999994,0.0,0.99999994,0.0,0.0,0.0,0.091691494,0,1063,609
0.24556214,0.9962191,0.0,0.99999994,0.99999994,0.99999994,0.0,0.0,0.55103016,0.07424879,0,984,1034
0.24556214,0.9962191,0.0,0.99999994,0.99999994,0.99999994,0.0,0.0,0.55103016,0.68058634,1,1741,989
0.18639053,0.9962191,0.0,0.99999994,0.0,0.99999994,0.0,0.0,0.0,0.07580805,0,1692,71
0.21301776,0.9962191,0.0,0.99999994,0.0,0.99999994,0.0,0.0,0.0,0.05687523,0,513,529
0.22485207,0.9962191,0.0,0.99999994,0.0,0.99999994,0.0,0.0,0.0,0.39973545,0,1587,694
0.295858,0.9962191,0.0,0.99999994,0.99999994,0.99999994,0.0,0.0,0.85038537,0.92011595,0,2144,1736
0.24556214,0.9962191,0.0,0.99999994,0.99999994,0.99999994,0.0,0.0,0.55103016,0.685843,0,1766,967
0.28994083,0.9962191,0.0,0.99999994,0.99999994,0.99999994,0.0,0.0,0.9612785,0.72017336,0,1562,1844
0.2810651,0.9962191,0.0,0.99999994,0.99999994,0.99999994,0.0,0.0,0.55103016,0.78540134,1,1646,1548
0.27514794,0.9962191,0.0,0.99999994,0.99999994,0.99999994,0.0,0.0,0.55103016,0.94453144,0,1877,1423
0.26923078,0.9962191,0.0,0.99999994,0.99999994,0.99999994,0.0,0.0,0.55103016,0.509676,1,1307,1697
0.21893491,0.9962191,0.0,0.99999994,0.0,0.99999994,0.0,0.0,0.55103016,0.18874836,0,509,1677
0.2662722,0.9962191,0.0,0.99999994,0.99999994,0.99999994,0.0,0.0,0.55103016,0.57376814,1,1439,1336
0.1923077,0.9962191,0.0,0.99999994,0.0,0.99999994,0.0,0.0,0.0,0.12841845,0,1884,131
0.21005918,0.9962191,0.0,0.99999994,0.0,0.99999994,0.0,0.0,0.0,0.04191971,1,654,486
0.26331362,0.9962191,0.0,0.99999994,0.99999994,0.99999994,0.0,0.0,0.55103016,0.9327917,0,2261,1230
0.23372781,0.9962191,0.0,0.99999994,0.99999994,0.99999994,0.0,0.0,0.55103016,0.32171583,0,1373,815
0.18343195,0.9962191,0.0,0.99999994,0.0,0.99999994,0.0,0.0,0.55103016,0.07056284,0,28,927
0.27514794,0.9962191,0.0,0.99999994,0.99999994,0.99999994,0.0,0.0,0.55103016,0.5695567,0,1368,1763
0.23076923,0.9962191,0.0,0.99999994,0.0,0.99999994,0.0,0.0,0.55103016,0.35387754,1,1468,744
0.2366864,0.9962191,0.0,0.99999994,0.99999994,0.99999994,0.0,0.0,0.55103016,0.63010216,0,2134,821
0.24556214,0.9962191,0.0,0.99999994,0.99999994,0.99999994,0.0,0.0,0.55103016,0.317883,0,1287,997
0.24852072,0.9962191,0.0,0.99999994,0.99999994,0.99999994,0.0,0.0,0.55103016,0.28051758,0,929,1863
0.25739646,0.9962191,0.0,0.99999994,0.99999994,0.99999994,0.0,0.0,0.55103016,0.3809557,1,1103,1802
0.26035503,0.9962191,0.0,0.99999994,0.99999994,0.99999994,0.0,0.0,0.55103016,0.3989849,0,1186,1650
0.22189349,0.9962191,0.0,0.99999994,0.0,0.99999994,0.0,0.0,0.0,0.44374514,0,1718,646
0.21597633,0.9962191,0.0,0.99999994,0.0,0.99999994,0.0,0.0,0.55103016,0.1345172,0,470,1561
0.18934911,0.9962191,0.0,0.99999994,0.0,0.99999994,0.0,0.0,0.0,0.08353758,0,480,156
0.2781065,0.9962191,0.0,0.99999994,0.99999994,0.99999994,0.0,0.0,0.55103016,0.7383542,0,1595,1477
0.24556214,0.9962191,0.0,0.99999994,0.99999994,0.99999994,0.0,0.0,0.55103016,0.56090164,1,1581,1006
0.2662722,0.9962191,0.0,0.99999994,0.99999994,0.99999994,0.0,0.0,0.55103016,0.9208832,0,1940,1249
0.23964497,0.9962191,0.0,0.99999994,0.99999994,0.99999994,0.0,0.0,0.55103016,0.6563935,0,1907,878
0.2662722,0.9962191,0.0,0.99999994,0.99999994,0.99999994,0.0,0.0,0.55103016,0.38541794,1,1268,1295
0.24556214,0.9962191,0.0,0.99999994,0.99999994,0.99999994,0.0,0.0,0.55103016,0.22729301,1,1177,990
0.2071006,0.9962191,0.0,0.99999994,0.0,0.99999994,0.0,0.0,0.55103016,0.31205273,0,312,1914
0.2928994,0.9962191,0.0,0.99999994,0.99999994,0.99999994,0.0,0.0,0.86097956,0.9311447,1,2252,1702
0.2366864,0.9962191,0.0,0.99999994,0.99999994,0.99999994,0.0,0.0,0.55103016,0.55311584,0,1692,846
0.27218935,0.9962191,0.0,0.99999994,0.99999994,0.99999994,0.0,0.0,0.55103016,0.94662476,0,1827,1375
0.28698224,0.9962191,0.0,0.99999994,0.99999994,0.99999994,0.0,0.0,0.55103016,0.7154131,1,1560,1754
0.22485207,0.9962191,0.0,0.99999994,0.0,0.99999994,0.0,0.0,0.0,0.17575788,1,1199,680
0.18934911,0.9962191,0.0,0.99999994,0.0,0.99999994,0.0,0.0,0.0,0.055289745,0,1195,143
0.28698224,0.9962191,0.0,0.99999994,0.99999994,0.99999994,0.0,0.0,0.55103016,0.7050786,1,1548,1729
0.2662722,0.9962191,0.0,0.99999994,0.99999994,0.99999994,0.0,0.0,0.55103016,0.4786415,0,1247,1768
0.20118344,0.9962191,0.0,0.99999994,0.0,0.99999994,0.0,0.0,0.0,0.023479939,0,934,325
0.22485207,0.9962191,0.0,0.99999994,0.0,0.99999994,0.0,0.0,0.0,0.028301716,1,689,730
0.22189349,0.9962191,0.0,0.99999994,0.99999994,0.99999994,0.0,0.0,0.55103016,0.01964283,0,610,1079
0.295858,0.9962191,0.0,0.99999994,0.99999994,0.99999994,0.0,0.0,0.55103016,0.894495,1,1796,1771
0.21893491,0.9962191,0.0,0.99999994,0.0,0.99999994,0.0,0.0,0.0,0.15624142,0,1203,584
0.28698224,0.9962191,0.0,0.99999994,0.99999994,0.99999994,0.0,0.0,0.55103016,0.7448802,1,1600,1641
0.2662722,0.9962191,0.0,0.99999994,0.99999994,0.99999994,0.0,0.0,0.55103016,0.46041727,1,1211,1802
0.18934911,0.9962191,0.0,0.99999994,0.0,0.99999994,0.0,0.0,0.0,0.12872982,1,201,149
0.24852072,0.9962191,0.0,0.99999994,0.99999994,0.99999994,0.0,0.0,0.55103016,0.6755805,0,1697,1038
0.2662722,0.9962191,0.0,0.99999994,0.99999994,0.99999994,0.0,0.0,0.55103016,0.67385864,0,1540,1302
0.20414202,0.9962191,0.0,0.99999994,0.0,0.99999994,0.0,0.0,0.55103016,0.054080486,0,332,844
0.24852072,0.9962191,0.0,0.99999994,0.99999994,0.99999994,0.0,0.0,0.55103016,0.2663808,0,1217,1019
0.30177516,0.9962191,0.0,0.99999994,0.99999994,0.99999994,0.0,0.0,0.90764564,0.89146805,1,1856,1839
0.1923077,0.9962191,0.0,0.99999994,0.0,0.99999994,0.0,0.0,0.55103016,0.07381487,1,168,782
0.24852072,0.9962191,0.0,0.99999994,0.99999994,0.99999994,0.0,0.0,0.55103016,0.30169773,0,1259,1021
0.22189349,0.9962191,0.0,0.99999994,0.0,0.99999994,0.0,0.0,0.0,0.13735533,1,1143,640
0.23964497,0.9962191,0.0,0.99999994,0.99999994,0.99999994,0.0,0.0,0.55103016,0.30461788,1,1312,890
0.30473372,0.9962191,0.0,0.99999994,0.99999994,0.99999994,0.0,0.0,0.8476931,0.9028759,1,2102,1843
0.22189349,0.9962191,0.0,0.99999994,0.0,0.99999994,0.0,0.0,0.0,0.033802032,0,665,652
0.22189349,0.9962191,0.0,0.99999994,0.0,0.99999994,0.0,0.0,0.0,0.018642426,1,801,684
0.2366864,0.9962191,0.0,0.99999994,0.99999994,0.99999994,0.0,0.0,0.55103016,0.15617657,1,1116,850
0.19822486,0.9962191,0.0,0.99999994,0.0,0.99999994,0.0,0.0,0.0,0.18227768,0,2158,194
0.26035503,0.9962191,0.0,0.99999994,0.99999994,0.99999994,0.0,0.0,0.55103016,0.30178738,1,1189,1291
0.24556214,0.9962191,0.0,0.99999994,0.99999994,0.99999994,0.0,0.0,0.55103016,0.29160452,0,1262,975
0.21597633,0.9962191,0.0,0.99999994,0.0,0.99999994,0.0,0.0,0.0,0.04003048,1,642,564
0.18047337,0.9962191,0.0,0.99999994,0.0,0.99999994,0.0,0.0,0.0,0.13374853,1,46,332
0.26923078,0.9962191,0.0,0.99999994,0.99999994,0.99999994,0.0,0.0,0.55103016,0.88833475,1,1742,1351
0.21893491,0.9962191,0.0,0.99999994,0.0,0.99999994,0.0,0.0,0.0,0.03852272,0,585,727
0.2514793,0.9962191,0.0,0.99999994,0.99999994,0.99999994,0.0,0.0,0.55103016,0.17446661,1,1038,1385
0.1923077,0.9962191,0.0,0.99999994,0.0,0.99999994,0.0,0.0,0.0,0.14067936,0,2315,129
0.26035503,0.9962191,0.0,0.99999994,0.99999994,0.99999994,0.0,0.0,0.55103016,0.42066288,0,1143,1835
0.25739646,0.9962191,0.0,0.99999994,0.99999994,0.99999994,0.0,0.0,0.55103016,0.6266093,0,1549,1189
0.26035503,0.9962191,0.0,0.99999994,0.99999994,0.99999994,0.0,0.0,0.55103016,0.5275183,1,1426,1237
0.19526628,0.9962191,0.0,0.99999994,0.0,0.99999994,0.0,0.0,0.0,0.024424553,0,947,209
0.18934911,0.9962191,0.0,0.99999994,0.0,0.99999994,0.0,0.0,0.0,0.07070351,1,562,151
0.1923077,0.9962191,0.0,0.99999994,0.0,0.99999994,0.0,0.0,0.0,0.10052776,0,352,202
0.21893491,0.9962191,0.0,0.99999994,0.99999994,0.99999994,0.0,0.0,0.55103016,0.06305647,0,542,1418
0.21005918,0.9962191,0.0,0.99999994,0.0,0.99999994,0.0,0.0,0.0,0.31328535,0,2155,377
0.23964497,0.9962191,0.0,0.99999994,0.99999994,0.99999994,0.0,0.0,0.55103016,0.0051517487,0,890,959
0.24556214,0.9962191,0.0,0.99999994,0.99999994,0.99999994,0.0,0.0,0.55103016,0.035223484,0,934,1274
0.24260356,0.9962191,0.0,0.99999994,0.99999994,0.99999994,0.0,0.0,0.55103016,0.2623973,0,1237,938
0.23964497,0.9962191,0.0,0.99999994,0.99999994,0.99999994,0.0,0.0,0.55103016,0.0097846985,1,854,1329
0.25739646,0.9962191,0.0,0.99999994,0.99999994,0.99999994,0.0,0.0,0.55103016,0.83651066,1,1843,1140
0.24260356,0.9962191,0.0,0.99999994,0.99999994,0.99999994,0.0,0.0,0.55103016,0.16759157,0,913,1643
0.2366864,0.9962191,0.0,0.99999994,0.99999994,0.99999994,0.0,0.0,0.55103016,0.17171383,1,1142,836
0.19822486,0.9962191,0.0,0.99999994,0.0,0.99999994,0.0,0.0,0.0,0.047121048,0,1035,280
0.21597633,0.9962191,0.0,0.99999994,0.0,0.99999994,0.0,0.0,0.0,0.14942837,0,1208,544
0.19526628,0.9962191,0.0,0.99999994,0.0,0.99999994,0.0,0.0,0.0,0.039083004,0,1029,205
0.23372781,0.9962191,0.0,0.99999994,0.0,0.99999994,0.0,0.0,0.55103016,0.039714813,1,950,796
0.22781065,0.9962191,0.0,0.99999994,0.0,0.99999994,0.0,0.0,0.0,0.21097851,1,1244,719
0.21301776,0.9962191,0.0,0.99999994,0.0,0.99999994,0.0,0.0,0.55103016,0.014595985,0,453,1302
0.18047337,0.9962191,0.0,0.99999994,0.0,0.99999994,0.0,0.0,0.0,0.10705376,1,396,12
0.20118344,0.9962191,0.0,0.99999994,0.0,0.99999994,0.0,0.0,0.55103016,0.057831287,0,312,818
0.2662722,0.9962191,0.0,0.99999994,0.99999994,0.99999994,0.0,0.0,0.55103016,0.9297223,1,1918,1264
0.7189349,0.99907076,0.9844864,0.99999994,0.99999994,0.99999994,0.0,0.0,0.8431173,0.90715504,0,2400,1907
0.23076923,0.9962191,0.0,0.99999994,0.0,0.99999994,0.0,0.0,0.55103016,0.32626343,1,1422,745
0.23964497,0.9962191,0.0,0.99999994,0.99999994,0.99999994,0.0,0.0,0.55103016,0.6123414,1,1739,887
0.24852072,0.9962191,0.0,0.99999994,0.99999994,0.99999994,0.0,0.0,0.55103016,0.26584673,1,968,1765
0.2366864,0.9962191,0.0,0.99999994,0.99999994,0.99999994,0.0,0.0,0.55103016,0.5678029,1,1691,871
0.25443786,0.9962191,0.0,0.99999994,0.99999994,0.99999994,0.0,0.0,0.55103016,0.21427917,1,1063,1425
0.25443786,0.9962191,0.0,0.99999994,0.99999994,0.99999994,0.0,0.0,0.55103016,0.2942567,1,1076,1614
0.23964497,0.9962191,0.0,0.99999994,0.99999994,0.99999994,0.0,0.0,0.55103016,0.16153097,1,1113,898
0.18639053,0.9962191,0.0,0.99999994,0.0,0.99999994,0.0,0.0,0.55103016,0.14207983,0,27,1541
0.21597633,0.9962191,0.0,0.99999994,0.0,0.99999994,0.0,0.0,0.0,0.35968828,0,1712,518
0.25443786,0.9962191,0.0,0.99999994,0.99999994,0.99999994,0.0,0.0,0.55103016,0.65661716,0,1627,1109
0.18047337,0.9962191,0.0,0.99999994,0.0,0.99999994,0.0,0.0,0.0,0.06363249,0,643,14
0.18934911,0.9962191,0.0,0.99999994,0.0,0.99999994,0.0,0.0,0.0,0.11054134,0,160,407
0.28402367,0.9962191,0.0,0.99999994,0.99999994,0.99999994,0.0,0.0,0.55103016,0.8570123,1,1728,1581
0.22781065,0.9962191,0.0,0.99999994,0.0,0.99999994,0.0,0.0,0.0,0.5304885,0,2067,687
0.29881656,0.9962191,0.0,0.99999994,0.99999994,0.99999994,0.0,0.0,0.55103016,0.9076915,1,2047,1788
0.30473372,0.9962191,0.0,0.99999994,0.99999994,0.99999994,0.0,0.0,0.89828706,0.8902378,0,1901,1866
0.2514793,0.9962191,0.0,0.99999994,0.99999994,0.99999994,0.0,0.0,0.55103016,0.13539219,0,1041,1170
0.23964497,0.9962191,0.0,0.99999994,0.99999994,0.99999994,0.0,0.0,0.55103016,0.4030099,0,1450,886
0.21893491,0.9962191,0.0,0.99999994,0.0,0.99999994,0.0,0.0,0.0,0.04173851,1,585,662
0.22781065,0.9962191,0.0,0.99999994,0.0,0.99999994,0.0,0.0,0.0,0.20406675,0,1231,722
0.26923078,0.9962191,0.0,0.99999994,0.99999994,0.99999994,0.0,0.0,0.55103016,0.4491949,0,1310,1385
0.2071006,0.9962191,0.0,0.99999994,0.0,0.99999994,0.0,0.0,0.0,0.20507908,0,1488,389
0.20118344,0.9962191,0.0,0.99999994,0.0,0.99999994,0.0,0.0,0.55103016,0.07216215,0,275,1417
0.22781065,0.9962191,0.0,0.99999994,0.0,0.99999994,0.0,0.0,0.0,0.5052748,0,1867,667
0.20414202,0.9962191,0.0,0.99999994,0.0,0.99999994,0.0,0.0,0.0,0.2672367,0,2132,314
0.26923078,0.9962191,0.0,0.99999994,0.99999994,0.99999994,0.0,0.0,0.55103016,0.4975071,1,1284,1726
0.2810651,0.9962191,0.0,0.99999994,0.99999994,0.99999994,0.0,0.0,0.55103016,0.8785043,1,1750,1557
0.24260356,0.9962191,0.0,0.99999994,0.99999994,0.99999994,0.0,0.0,0.55103016,0.6814451,1,1805,923
0.20118344,0.9962191,0.0,0.99999994,0.0,0.99999994,0.0,0.0,0.0,0.23156404,0,2021,270
0.18343195,0.9962191,0.0,0.99999994,0.0,0.99999994,0.0,0.0,0.0,0.12390995,1,54,413
0.29881656,0.9962191,0.0,0.99999994,0.99999994,0.99999994,0.0,0.0,0.8439161,0.9129138,1,2134,1783
0.1923077,0.9962191,0.0,0.99999994,0.0,0.99999994,0.0,0.0,0.0,0.08333349,1,167,683
0.25443786,0.9962191,0.0,0.99999994,0.99999994,0.99999994,0.0,0.0,0.55103016,0.19491291,0,1064,1369
0.2662722,0.9962191,0.0,0.99999994,0.99999994,0.99999994,0.0,0.0,0.55103016,0.48818922,1,1275,1716
0.21301776,0.9962191,0.0,0.99999994,0.0,0.99999994,0.0,0.0,0.0,0.055636883,0,522,532
0.2662722,0.9962191,0.0,0.99999994,0.99999994,0.99999994,0.0,0.0,0.55103016,0.45067406,1,1265,1588
0.21893491,0.9962191,0.0,0.99999994,0.99999994,0.99999994,0.0,0.0,0.55103016,0.026184082,0,586,975
0.2071006,0.9962191,0.0,0.99999994,0.0,0.99999994,0.0,0.0,0.0,0.031241417,0,753,436
0.2781065,0.9962191,0.0,0.99999994,0.99999994,0.99999994,0.0,0.0,0.55103016,0.6090636,1,1418,1774
0.20414202,0.9962191,0.0,0.99999994,0.0,0.99999994,0.0,0.0,0.55103016,0.024960041,0,291,1243
0.26923078,0.9962191,0.0,0.99999994,0.99999994,0.99999994,0.0,0.0,0.55103016,0.9483185,1,1804,1346
0.2662722,0.9962191,0.0,0.99999994,0.99999994,0.99999994,0.0,0.0,0.55103016,0.9305897,1,1920,1265
0.30177516,0.9962191,0.0,0.99999994,0.99999994,0.99999994,0.0,0.0,0.9213465,0.8890805,1,1799,1835
0.28994083,0.9962191,0.0,0.99999994,0.99999994,0.99999994,0.0,0.0,0.55103016,0.9307823,0,2130,1655
0.19822486,0.9962191,0.0,0.99999994,0.0,0.99999994,0.0,0.0,0.0,0.08066225,0,272,587
0.22485207,0.9962191,0.0,0.99999994,0.0,0.99999994,0.0,0.0,0.0,0.04198551,1,960,668
0.18639053,0.9962191,0.0,0.99999994,0.0,0.99999994,0.0,0.0,0.55103016,0.040553093,0,20,1202
0.18343195,0.9962191,0.0,0.99999994,0.0,0.99999994,0.0,0.0,0.0,0.034876347,0,1321,28
0.20414202,0.9962191,0.0,0.99999994,0.0,0.99999994,0.0,0.0,0.55103016,0.0579381,0,343,781
0.27218935,0.9962191,0.0,0.99999994,0.99999994,0.99999994,0.0,0.0,0.55103016,0.76222086,0,1620,1421
0.27514794,0.9962191,0.0,0.99999994,0.99999994,0.99999994,0.0,0.0,0.55103016,0.61632395,1,1467,1472
0.24852072,0.9962191,0.0,0.99999994,0.99999994,0.99999994,0.0,0.0,0.55103016,0.38886595,1,1348,1060
0.21005918,0.9962191,0.0,0.99999994,0.0,0.99999994,0.0,0.0,0.55103016,0.037055492,0,405,1354
0.22485207,0.9962191,0.0,0.99999994,0.0,0.99999994,0.0,0.0,0.0,0.1067915,1,1077,673
0.28402367,0.9962191,0.0,0.99999994,0.99999994,0.99999994,0.0,0.0,0.55103016,0.9271884,1,1859,1552
0.28698224,0.9962191,0.0,0.99999994,0.99999994,0.99999994,0.0,0.0,0.8920289,0.9586415,0,2395,1580
0.22485207,0.9962191,0.0,0.99999994,0.0,0.99999994,0.0,0.0,0.0,0.1875825,1,1225,669
0.23964497,0.9962191,0.0,0.99999994,0.99999994,0.99999994,0.0,0.0,0.55103016,0.21110058,0,822,1752
0.2810651,0.9962191,0.0,0.99999994,0.99999994,0.99999994,0.0,0.0,0.9752275,0.62407684,0,1427,1840
0.18343195,0.9962191,0.0,0.99999994,0.0,0.99999994,0.0,0.0,0.0,0.132442,0,90,285
0.27514794,0.9962191,0.0,0.99999994,0.99999994,0.99999994,0.0,0.0,0.55103016,0.5686383,0,1389,1650
0.24260356,0.9962191,0.0,0.99999994,0.99999994,0.99999994,0.0,0.0,0.55103016,0.13537931,0,909,1581
0.24852072,0.9962191,0.0,0.99999994,0.99999994,0.99999994,0.0,0.0,0.55103016,0.6735163,1,1683,1054
0.25739646,0.9962191,0.0,0.99999994,0.99999994,0.99999994,0.0,0.0,0.55103016,0.72195053,0,1651,1184
0.28994083,0.9962191,0.0,0.99999994,0.99999994,0.99999994,0.0,0.0,0.55103016,0.9109092,1,1823,1666
0.23964497,0.9962191,0.0,0.99999994,0.99999994,0.99999994,0.0,0.0,0.55103016,0.015797615,1,844,1341
0.26923078,0.9962191,0.0,0.99999994,0.99999994,0.99999994,0.0,0.0,0.55103016,0.76446915,0,1622,1345
0.18934911,0.9962191,0.0,0.99999994,0.0,0.99999994,0.0,0.0,0.55103016,0.03390646,0,58,1248
0.24556214,0.9962191,0.0,0.99999994,0.99999994,0.99999994,0.0,0.0,0.55103016,0.13162422,0,1058,991
0.19526628,0.9962191,0.0,0.99999994,0.0,0.99999994,0.0,0.0,0.0,0.14930773,0,1855,162
0.1923077,0.9962191,0.0,0.99999994,0.0,0.99999994,0.0,0.0,0.0,0.10414505,1,188,436
0.2366864,0.9962191,0.0,0.99999994,0.99999994,0.99999994,0.0,0.0,0.55103016,0.432209,1,1521,840
0.2514793,0.9962191,0.0,0.99999994,0.99999994,0.99999994,0.0,0.0,0.55103016,0.8036103,0,2229,1054
0.1923077,0.9962191,0.0,0.99999994,0.0,0.99999994,0.0,0.0,0.55103016,0.067798615,1,175,839
0.24852072,0.9962191,0.0,0.99999994,0.99999994,0.99999994,0.0,0.0,0.55103016,0.257864,1,950,1778
0.18047337,0.9962191,0.0,0.99999994,0.0,0.99999994,0.0,0.0,0.0,0.12435722,1,14,456
0.26923078,0.9962191,0.0,0.99999994,0.99999994,0.99999994,0.0,0.0,0.98991865,0.5137949,0,1275,1830
0.18639053,0.9962191,0.0,0.99999994,0.0,0.99999994,0.0,0.0,0.0,0.13035345,0,112,274
0.30177516,0.9962191,0.0,0.99999994,0.99999994,0.99999994,0.0,0.0,0.55103016,0.9079814,1,2090,1802
0.1923077,0.9962191,0.0,0.99999994,0.0,0.99999994,0.0,0.0,0.55103016,0.026097775,0,140,1294
0.21005918,0.9962191,0.0,0.99999994,0.0,0.99999994,0.0,0.0,0.0,0.0604949,1,496,502
0.25739646,0.9962191,0.0,0.99999994,0.99999994,0.99999994,0.0,0.0,0.55103016,0.69384956,1,1627,1175
0.26923078,0.9962191,0.0,0.99999994,0.99999994,0.99999994,0.0,0.0,0.55103016,0.5155554,1,1383,1337
0.8165681,0.99690086,0.9657697,0.99999994,0.99999994,0.99999994,0.0,0.0,0.84283143,0.9050727,0,2385,1916
0.23964497,0.9962191,0.0,0.99999994,0.99999994,0.99999994,0.0,0.0,0.55103016,0.06865072,0,834,1452
0.28402367,0.9962191,0.0,0.99999994,0.99999994,0.99999994,0.0,0.0,0.55103016,0.9044881,1,1783,1590
0.18639053,0.9962191,0.0,0.99999994,0.0,0.99999994,0.0,0.0,0.0,0.1392765,1,148,128
0.28698224,0.9962191,0.0,0.99999994,0.99999994,0.99999994,0.0,0.0,0.96210337,0.7029686,1,1539,1826
0.26923078,0.9962191,0.0,0.99999994,0.99999994,0.99999994,0.0,0.0,0.55103016,0.4663663,1,1314,1451
0.28402367,0.9962191,0.0,0.99999994,0.99999994,0.99999994,0.0,0.0,0.55103016,0.9296713,1,1919,1564
0.28994083,0.9962191,0.0,0.99999994,0.99999994,0.99999994,0.0,0.0,0.55103016,0.9192567,0,1885,1629
0.2662722,0.9962191,0.0,0.99999994,0.99999994,0.99999994,0.0,0.0,0.55103016,0.9745512,0,2278,1286
0.27514794,0.9962191,0.0,0.99999994,0.99999994,0.99999994,0.0,0.0,0.55103016,0.5429144,0,1395,1439
0.21005918,0.9962191,0.0,0.99999994,0.0,0.99999994,0.0,0.0,0.0,0.0635705,1,431,575
0.295858,0.9962191,0.0,0.99999994,0.99999994,0.99999994,0.0,0.0,0.95051765,0.7936559,1,1666,1849
0.24260356,0.9962191,0.0,0.99999994,0.99999994,0.99999994,0.0,0.0,0.55103016,0.010018349,0,875,1331
0.2514793,0.9962191,0.0,0.99999994,0.99999994,0.99999994,0.0,0.0,0.55103016,0.55780697,1,1538,1071
0.26035503,0.9962191,0.0,0.99999994,0.99999994,0.99999994,0.0,0.0,0.55103016,0.31289005,0,1215,1223
0.26035503,0.9962191,0.0,0.99999994,0.99999994,0.99999994,0.0,0.0,0.55103016,0.39463425,0,1129,1785
0.27514794,0.9962191,0.0,0.99999994,0.99999994,0.99999994,0.0,0.0,0.55103016,0.6041002,0,1458,1437
0.22781065,0.9962191,0.0,0.99999994,0.99999994,0.99999994,0.0,0.0,0.55103016,0.097225666,0,679,1500
0.2514793,0.9962191,0.0,0.99999994,0.99999994,0.99999994,0.0,0.0,0.55103016,0.31465387,1,987,1848
0.2366864,0.9962191,0.0,0.99999994,0.0,0.99999994,0.0,0.0,0.55103016,0.6305084,0,2258,811
0.21597633,0.9962191,0.0,0.99999994,0.0,0.99999994,0.0,0.0,0.0,0.39939213,0,2188,495
0.18934911,0.9962191,0.0,0.99999994,0.0,0.99999994,0.0,0.0,0.0,0.073533535,1,544,152
0.2514793,0.9962191,0.0,0.99999994,0.99999994,0.99999994,0.0,0.0,0.55103016,0.7104726,1,1718,1065
0.30177516,0.9962191,0.0,0.99999994,0.99999994,0.99999994,0.0,0.0,0.9307457,0.8674631,0,1781,1916
0.2366864,0.9962191,0.0,0.99999994,0.99999994,0.99999994,0.0,0.0,0.55103016,0.042876244,0,953,840
0.2810651,0.9962191,0.0,0.99999994,0.99999994,0.99999994,0.0,0.0,0.55103016,0.9459524,0,1991,1477
0.21893491,0.9962191,0.0,0.99999994,0.0,0.99999994,0.0,0.0,0.0,0.017923355,1,823,619
0.2781065,0.9962191,0.0,0.99999994,0.99999994,0.99999994,0.0,0.0,0.55103016,0.58529663,1,1429,1514
0.26923078,0.9962191,0.0,0.99999994,0.99999994,0.99999994,0.0,0.0,0.55103016,0.5019822,1,1309,1651
0.20118344,0.9962191,0.0,0.99999994,0.0,0.99999994,0.0,0.0,0.0,0.096384525,0,1215,306
0.18934911,0.9962191,0.0,0.99999994,0.0,0.99999994,0.0,0.0,0.0,0.13672113,0,153,146
0.2928994,0.9962191,0.0,0.99999994,0.99999994,0.99999994,0.0,0.0,0.55103016,0.91356564,1,1878,1671
0.20118344,0.9962191,0.0,0.99999994,0.0,0.99999994,0.0,0.0,0.0,0.16003466,0,1453,310
0.21005918,0.9962191,0.0,0.99999994,0.0,0.99999994,0.0,0.0,0.0,0.25055218,0,1576,421
0.26923078,0.9962191,0.0,0.99999994,0.99999994,0.99999994,0.0,0.0,0.55103016,0.4811082,0,1346,1360
0.26331362,0.9962191,0.0,0.99999994,0.99999994,0.99999994,0.0,0.0,0.55103016,0.88118935,1,1857,1202
0.24260356,0.9962191,0.0,0.99999994,0.99999994,0.99999994,0.0,0.0,0.55103016,0.67835,1,1822,917
0.2071006,0.9962191,0.0,0.99999994,0.0,0.99999994,0.0,0.0,0.0,0.06506586,0,422,568
0.24852072,0.9962191,0.0,0.99999994,0.99999994,0.99999994,0.0,0.0,0.55103016,0.22184706,1,984,1630
0.2662722,0.9962191,0.0,0.99999994,0.99999994,0.99999994,0.0,0.0,0.55103016,0.6976352,1,1566,1295
0.21005918,0.9962191,0.0,0.99999994,0.0,0.99999994,0.0,0.0,0.0,0.063504696,1,454,535
0.26331362,0.9962191,0.0,0.99999994,0.99999994,0.99999994,0.0,0.0,0.55103016,0.6531849,1,1545,1250
0.1923077,0.9962191,0.0,0.99999994,0.0,0.99999994,0.0,0.0,0.0,0.08323145,1,168,683
0.2514793,0.9962191,0.0,0.99999994,0.99999994,0.99999994,0.0,0.0,0.55103016,0.3002243,0,1025,1742
0.2662722,0.9962191,0.0,0.99999994,0.99999994,0.99999994,0.0,0.0,0.55103016,0.89870024,1,1756,1298
0.27218935,0.9962191,0.0,0.99999994,0.99999994,0.99999994,0.0,0.0,0.55103016,0.547173,0,1349,1718
0.2071006,0.9962191,0.0,0.99999994,0.0,0.99999994,0.0,0.0,0.0,0.2911086,0,1881,362
0.21005918,0.9962191,0.0,0.99999994,0.0,0.99999994,0.0,0.0,0.0,0.051435947,0,1003,458
0.21893491,0.9962191,0.0,0.99999994,0.0,0.99999994,0.0,0.0,0.0,0.015676022,1,850,585
0.18343195,0.9962191,0.0,0.99999994,0.0,0.99999994,0.0,0.0,0.0,0.1257391,0,62,386
0.25443786,0.9962191,0.0,0.99999994,0.99999994,0.99999994,0.0,0.0,0.55103016,0.8076415,1,1852,1098
0.18639053,0.9962191,0.0,0.99999994,0.0,0.99999994,0.0,0.0,0.0,0.12084103,1,268,115
0.20118344,0.9962191,0.0,0.99999994,0.0,0.99999994,0.0,0.0,0.0,0.0723176,0,298,654
0.23372781,0.9962191,0.0,0.99999994,0.0,0.99999994,0.0,0.0,0.55103016,0.5933604,0,2154,768
0.2366864,0.9962191,0.0,0.99999994,0.99999994,0.99999994,0.0,0.0,0.55103016,0.00995779,0,833,927
0.21893491,0.9962191,0.0,0.99999994,0.0,0.99999994,0.0,0.0,0.0,0.414999,0,2199,516
0.21893491,0.9962191,0.0,0.99999994,0.0,0.99999994,0.0,0.0,0.0,0.043877125,0,564,663
0.21005918,0.9962191,0.0,0.99999994,0.0,0.99999994,0.0,0.0,0.0,0.06008625,0,473,554
0.21597633,0.9962191,0.0,0.99999994,0.0,0.99999994,0.0,0.0,0.0,0.066114426,0,1028,517
0.22189349,0.9964473,0.9918481,0.99999994,0.0,0.99999994,0.0,0.0,0.0,0.016102314,1,834,647
0.22485207,0.9962191,0.0,0.99999994,0.99999994,0.99999994,0.0,0.0,0.55103016,0.13695288,0,639,1580
0.20414202,0.9962191,0.0,0.99999994,0.0,0.99999994,0.0,0.0,0.55103016,0.09763765,0,296,1471
0.23964497,0.9962191,0.0,0.99999994,0.99999994,0.99999994,0.0,0.0,0.55103016,0.44662046,1,1497,907
0.27514794,0.9962191,0.0,0.99999994,0.99999994,0.99999994,0.0,0.0,0.55103016,0.5773802,1,1415,1552
0.18343195,0.9962191,0.0,0.99999994,0.0,0.99999994,0.0,0.0,0.0,0.12981224,1,243,59
0.28402367,0.9962191,0.0,0.99999994,0.99999994,0.99999994,0.0,0.0,0.55103016,0.9386287,1,2006,1540
0.2928994,0.9962191,0.0,0.99999994,0.99999994,0.99999994,0.0,0.0,0.55103016,0.83020973,1,1706,1707
0.28698224,0.9962191,0.0,0.99999994,0.99999994,0.99999994,0.0,0.0,0.55103016,0.91850424,1,1820,1602
0.2781065,0.9962191,0.0,0.99999994,0.99999994,0.99999994,0.0,0.0,0.55103016,0.71692467,0,1572,1491
0.24260356,0.9962191,0.0,0.99999994,0.99999994,0.99999994,0.0,0.0,0.55103016,0.61065197,1,1675,961
0.23372781,0.9962191,0.0,0.99999994,0.99999994,0.99999994,0.0,0.0,0.55103016,0.21219873,0,1203,831
0.18639053,0.9962191,0.0,0.99999994,0.0,0.99999994,0.0,0.0,0.55103016,0.122321606,0,42,1502
0.26923078,0.9962191,0.0,0.99999994,0.99999994,0.99999994,0.0,0.0,0.55103016,0.80653095,1,1663,1359
0.18639053,0.9962191,0.0,0.99999994,0.0,0.99999994,0.0,0.0,0.55103016,0.1605792,0,32,1579
0.24260356,0.9962191,0.0,0.99999994,0.99999994,0.99999994,0.0,0.0,0.55103016,0.0,0,887,1286
0.23076923,0.9962191,0.0,0.99999994,0.99999994,0.99999994,0.0,0.0,0.55103016,0.009335041,0,775,1101
0.18343195,0.9962191,0.0,0.99999994,0.0,0.99999994,0.0,0.0,0.0,0.14348507,1,87,183
0.30473372,0.9962191,0.0,0.99999994,0.99999994,0.99999994,0.0,0.0,0.92069566,0.882658,1,1817,1896
0.30473372,0.9962191,0.0,0.99999994,0.99999994,0.99999994,0.0,0.0,0.92167264,0.88335514,1,1811,1888
0.22189349,0.9962191,0.0,0.99999994,0.0,0.99999994,0.0,0.0,0.0,0.44735146,0,2171,563
0.2810651,0.9962191,0.0,0.99999994,0.99999994,0.99999994,0.0,0.0,0.55103016,0.9514704,0,2099,1493
0.30769232,0.9962191,0.0,0.99999994,0.99999994,0.99999994,0.0,0.0,0.86092967,0.89213085,1,2064,1908
0.21893491,0.9962191,0.0,0.99999994,0.99999994,0.99999994,0.0,0.0,0.55103016,0.019151688,0,527,1175
0.19526628,0.9962191,0.0,0.99999994,0.0,0.99999994,0.0,0.0,0.0,0.09996796,0,236,413
0.26923078,0.9962191,0.0,0.99999994,0.99999994,0.99999994,0.0,0.0,0.55103016,0.8120394,1,1668,1348
0.2514793,0.9962191,0.0,0.99999994,0.99999994,0.99999994,0.0,0.0,0.55103016,0.78323555,0,1855,1063
0.21005918,0.9962191,0.0,0.99999994,0.0,0.99999994,0.0,0.0,0.0,0.0599761,1,416,653
0.24260356,0.9962191,0.0,0.99999994,0.99999994,0.99999994,0.0,0.0,0.55103016,0.4241352,1,1455,927
0.2781065,0.9962191,0.0,0.99999994,0.99999994,0.99999994,0.0,0.0,0.55103016,0.6112642,1,1453,1549
0.29881656,0.9962191,0.0,0.99999994,0.99999994,0.99999994,0.0,0.0,0.55103016,0.9058151,1,2016,1790
0.26331362,0.9962191,0.0,0.99999994,0.99999994,0.99999994,0.0,0.0,0.55103016,0.5538006,0,1439,1269
0.28698224,0.9962191,0.0,0.99999994,0.99999994,0.99999994,0.0,0.0,0.87161565,0.943069,1,2156,1580
0.19822486,0.9962191,0.0,0.99999994,0.0,0.99999994,0.0,0.0,0.0,0.19401264,0,2227,207
0.2662722,0.9962191,0.0,0.99999994,0.99999994,0.99999994,0.0,0.0,0.55103016,0.92806864,1,1915,1262
0.3106509,0.9962191,0.0,0.99999994,0.99999994,0.99999994,0.0,0.0,0.84481686,0.8932953,0,2175,1934
0.24260356,0.9962191,0.0,0.99999994,0.99999994,0.99999994,0.0,0.0,0.55103016,0.2847948,0,865,1912
0.21005918,0.9962191,0.0,0.99999994,0.0,0.99999994,0.0,0.0,0.55103016,0.25042534,0,366,1792
0.2366864,0.9962191,0.0,0.99999994,0.99999994,0.99999994,0.0,0.0,0.55103016,0.009889126,1,905,848
0.25443786,0.9962191,0.0,0.99999994,0.99999994,0.99999994,0.0,0.0,0.55103016,0.21038198,1,1070,1395
0.21893491,0.9962191,0.0,0.99999994,0.0,0.99999994,0.0,0.0,0.55103016,0.28612375,0,462,1875
0.25443786,0.9962191,0.0,0.99999994,0.99999994,0.99999994,0.0,0.0,0.55103016,0.7548318,1,1729,1119
0.28402367,0.9962191,0.0,0.99999994,0.99999994,0.99999994,0.0,0.0,0.55103016,0.83489037,0,1702,1567
0.21005918,0.9962191,0.0,0.99999994,0.0,0.99999994,0.0,0.0,0.0,0.30943727,0,2081,376
0.2662722,0.9962191,0.0,0.99999994,0.99999994,0.99999994,0.0,0.0,0.55103016,0.47556305,0,1209,1864
0.24556214,0.9962191,0.0,0.99999994,0.99999994,0.99999994,0.0,0.0,0.55103016,0.71435213,0,1856,965
0.21301776,0.9962191,0.0,0.99999994,0.0,0.99999994,0.0,0.0,0.0,0.05325365,1,474,663
0.24556214,0.9962191,0.0,0.99999994,0.99999994,0.99999994,0.0,0.0,0.55103016,0.14887476,1,935,1560
0.2514793,0.9962191,0.0,0.99999994,0.99999994,0.99999994,0.0,0.0,0.55103016,0.5350456,1,1514,1067
0.2071006,0.9962191,0.0,0.99999994,0.0,0.99999994,0.0,0.0,0.55103016,0.034516335,0,397,1045
0.18343195,0.9962191,0.0,0.99999994,0.0,0.99999994,0.0,0.0,0.0,0.12066555,1,85,405
0.24556214,0.9962191,0.0,0.99999994,0.99999994,0.99999994,0.0,0.0,0.55103016,0.24275923,0,922,1791
0.18639053,0.9962191,0.0,0.99999994,0.0,0.99999994,0.0,0.0,0.0,0.106151104,0,122,501
0.18639053,0.9962191,0.0,0.99999994,0.0,0.99999994,0.0,0.0,0.0,0.12912416,1,217,116
0.26331362,0.9962191,0.0,0.99999994,0.99999994,0.99999994,0.0,0.0,0.55103016,0.4927702,0,1385,1254
0.23076923,0.9962191,0.0,0.99999994,0.0,0.99999994,0.0,0.0,0.0,0.5465336,0,2124,705
0.21005918,0.9962191,0.0,0.99999994,0.0,0.99999994,0.0,0.0,0.55103016,0.025662899,0,399,1170
0.28698224,0.9962191,0.0,0.99999994,0.99999994,0.99999994,0.0,0.0,0.87212884,0.94346,1,2162,1580
0.2071006,0.9962191,0.0,0.99999994,0.0,0.99999994,0.0,0.0,0.55103016,0.32767534,0,290,1944
0.20414202,0.9962191,0.0,0.99999994,0.0,0.99999994,0.0,0.0,0.55103016,0.265584,0,234,1811
0.2662722,0.9962191,0.0,0.99999994,0.99999994,0.99999994,0.0,0.0,0.55103016,0.525249,1,1400,1299
0.2366864,0.9962191,0.0,0.99999994,0.99999994,0.99999994,0.0,0.0,0.55103016,0.21786213,0,1203,856
0.23372781,0.9962191,0.0,0.99999994,0.99999994,0.99999994,0.0,0.0,0.55103016,0.010318756,0,820,953
0.22781065,0.9962191,0.0,0.99999994,0.0,0.99999994,0.0,0.0,0.0,0.13781118,1,1122,711
0.24260356,0.9962191,0.0,0.99999994,0.99999994,0.99999994,0.0,0.0,0.55103016,0.23462677,0,1203,930
0.23076923,0.9962191,0.0,0.99999994,0.99999994,0.99999994,0.0,0.0,0.55103016,0.23842573,1,677,1796
0.28402367,0.9962191,0.0,0.99999994,0.99999994,0.99999994,0.0,0.0,0.55103016,0.68403006,1,1516,1790
0.21005918,0.9962191,0.0,0.99999994,0.0,0.99999994,0.0,0.0,0.0,0.045490265,0,628,478
0.26035503,0.9962191,0.0,0.99999994,0.99999994,0.99999994,0.0,0.0,0.55103016,0.39635134,1,1149,1742
0.2514793,0.9962191,0.0,0.99999994,0.99999994,0.99999994,0.0,0.0,0.55103016,0.6018367,1,1576,1092
0.21597633,0.9962191,0.0,0.99999994,0.0,0.99999994,0.0,0.0,0.0,0.043480873,1,612,564
0.22781065,0.9962191,0.0,0.99999994,0.0,0.99999994,0.0,0.0,0.0,0.042566776,0,959,703
0.21005918,0.9962191,0.0,0.99999994,0.0,0.99999994,0.0,0.0,0.0,0.051469326,1,457,719
0.21005918,0.9962191,0.0,0.99999994,0.0,0.99999994,0.0,0.0,0.0,0.12023544,0,1192,443
0.26923078,0.9962191,0.0,0.99999994,0.99999994,0.99999994,0.0,0.0,0.55103016,0.5494509,1,1411,1372
0.18047337,0.9962191,0.0,0.99999994,0.0,0.99999994,0.0,0.0,0.0,0.16810608,0,24,50
0.2781065,0.9962191,0.0,0.99999994,0.99999994,0.99999994,0.0,0.0,0.9041942,0.9709978,0,2302,1459
0.22485207,0.9962191,0.0,0.99999994,0.0,0.99999994,0.0,0.0,0.0,0.14681196,0,1157,651
0.30769232,0.9962191,0.0,0.99999994,0.99999994,0.99999994,0.0,0.0,0.8895251,0.8851838,1,1951,1923
0.28402367,0.9962191,0.0,0.99999994,0.99999994,0.99999994,0.0,0.0,0.55103016,0.7090025,1,1557,1649
0.28402367,0.9962191,0.0,0.99999994,0.99999994,0.99999994,0.0,0.0,0.55103016,0.9370856,1,1993,1545
0.21005918,0.9962191,0.0,0.99999994,0.0,0.99999994,0.0,0.0,0.0,0.3456459,0,2239,417
0.24556214,0.9962191,0.0,0.99999994,0.99999994,0.99999994,0.0,0.0,0.55103016,0.15837908,1,951,1549
0.21893491,0.9962191,0.0,0.99999994,0.0,0.99999994,0.0,0.0,0.0,0.041451454,1,611,610
0.21301776,0.9962191,0.0,0.99999994,0.0,0.99999994,0.0,0.0,0.0,0.36576796,0,1743,507
0.21893491,0.9962191,0.0,0.99999994,0.0,0.99999994,0.0,0.0,0.0,0.3830676,0,1669,588
0.21597633,0.9962191,0.0,0.99999994,0.0,0.99999994,0.0,0.0,0.0,0.043441296,0,546,706
0.2781065,0.9962191,0.0,0.99999994,0.99999994,0.99999994,0.0,0.0,0.55103016,0.7740879,1,1633,1509
0.18639053,0.9962191,0.0,0.99999994,0.0,0.99999994,0.0,0.0,0.0,0.02462387,0,991,73
0.2781065,0.9962191,0.0,0.99999994,0.99999994,0.99999994,0.0,0.0,0.9923737,0.60813236,1,1382,1944
0.23076923,0.9962191,0.0,0.99999994,0.0,0.99999994,0.0,0.0,0.55103016,0.46249485,1,1618,775
0.24260356,0.9962191,0.0,0.99999994,0.99999994,0.99999994,0.0,0.0,0.55103016,0.0015363693,0,900,1181
0.22189349,0.9962191,0.0,0.99999994,0.0,0.99999994,0.0,0.0,0.0,0.14476395,1,1156,643
0.28698224,0.9962191,0.0,0.99999994,0.99999994,0.99999994,0.0,0.0,0.55103016,0.6856165,1,1516,1814
0.21005918,0.9962191,0.0,0.99999994,0.0,0.99999994,0.0,0.0,0.0,0.3339324,0,1814,427
0.29881656,0.9962191,0.0,0.99999994,0.99999994,0.99999994,0.0,0.0,0.55103016,0.9068341,1,2015,1782
0.25739646,0.9962191,0.0,0.99999994,0.99999994,0.99999994,0.0,0.0,0.55103016,0.23268604,0,1123,1290
0.24556214,0.9962191,0.0,0.99999994,0.99999994,0.99999994,0.0,0.0,0.55103016,0.09191799,1,948,1404
0.22189349,0.9962191,0.0,0.99999994,0.0,0.99999994,0.0,0.0,0.0,0.035984516,1,641,660
0.2662722,0.9962191,0.0,0.99999994,0.99999994,0.99999994,0.0,0.0,0.55103016,0.46383286,1,1336,1322
0.24852072,0.9962191,0.0,0.99999994,0.99999994,0.99999994,0.0,0.0,0.55103016,0.21590519,1,977,1630
0.21893491,0.9962191,0.0,0.99999994,0.99999994,0.99999994,0.0,0.0,0.55103016,0.18859863,0,524,1678
0.2366864,0.9962191,0.0,0.99999994,0.99999994,0.99999994,0.0,0.0,0.55103016,0.39930773,1,1473,840
0.18934911,0.9962191,0.0,0.99999994,0.0,0.99999994,0.0,0.0,0.55103016,0.07611036,0,114,808
0.29881656,0.9962191,0.0,0.99999994,0.99999994,0.99999994,0.0,0.0,0.85199624,0.9225898,0,2262,1763
0.28698224,0.9962191,0.0,0.99999994,0.99999994,0.99999994,0.0,0.0,0.55103016,0.9187894,1,1836,1608
0.22485207,0.9962191,0.0,0.99999994,0.0,0.99999994,0.0,0.0,0.0,0.1988573,1,1246,668
0.25443786,0.9962191,0.0,0.99999994,0.99999994,0.99999994,0.0,0.0,0.55103016,0.20219612,1,1095,1281
0.23076923,0.9962191,0.0,0.99999994,0.99999994,0.99999994,0.0,0.0,0.55103016,0.21453619,1,700,1748
0.29881656,0.9962191,0.0,0.99999994,0.99999994,0.99999994,0.0,0.0,0.9336987,0.85246515,0,1747,1829
0.18934911,0.9964473,0.9918481,0.99999994,0.0,0.99999994,0.0,0.0,0.0,0.107926846,0,169,422
0.26035503,0.9962191,0.0,0.99999994,0.99999994,0.99999994,0.0,0.0,0.55103016,0.41783142,1,1125,1866
0.1923077,0.9962191,0.0,0.99999994,0.0,0.99999994,0.0,0.0,0.55103016,0.19154072,0,116,1649
0.23076923,0.9962191,0.0,0.99999994,0.99999994,0.99999994,0.0,0.0,0.55103016,0.21896029,1,686,1756
0.27218935,0.9962191,0.0,0.99999994,0.99999994,0.99999994,0.0,0.0,0.55103016,0.52277756,0,1340,1623
0.2662722,0.9962191,0.0,0.99999994,0.99999994,0.99999994,0.0,0.0,0.55103016,0.57893324,1,1446,1317
0.23076923,0.9962191,0.0,0.99999994,0.0,0.99999994,0.0,0.0,0.55103016,0.2917323,1,1354,765
0.28994083,0.9962191,0.0,0.99999994,0.99999994,0.99999994,0.0,0.0,0.9607334,0.7516966,0,1606,1897
0.24852072,0.9962191,0.0,0.99999994,0.99999994,0.99999994,0.0,0.0,0.55103016,0.6586313,0,1667,1052
0.2071006,0.9962191,0.0,0.99999994,0.0,0.99999994,0.0,0.0,0.0,0.06558466,1,389,614
0.29881656,0.9962191,0.0,0.99999994,0.99999994,0.99999994,0.0,0.0,0.55103016,0.902266,1,1913,1776
0.23372781,0.9962191,0.0,0.99999994,0.0,0.99999994,0.0,0.0,0.55103016,0.0600605,1,980,813
0.24556214,0.9962191,0.0,0.99999994,0.99999994,0.99999994,0.0,0.0,0.55103016,0.12995148,0,930,1528
0.25443786,0.9962191,0.0,0.99999994,0.99999994,0.99999994,0.0,0.0,0.55103016,0.19373941,0,1106,1148
0.2662722,0.9962191,0.0,0.99999994,0.99999994,0.99999994,0.0,0.0,0.55103016,0.71926546,1,1579,1319
0.24852072,0.9962191,0.0,0.99999994,0.99999994,0.99999994,0.0,0.0,0.55103016,0.43277073,1,1409,1038
0.21301776,0.9962191,0.0,0.99999994,0.0,0.99999994,0.0,0.0,0.0,0.30021524,0,1612,488
0.20414202,0.9962191,0.0,0.99999994,0.0,0.99999994,0.0,0.0,0.0,0.061262608,1,351,727
0.26331362,0.9962191,0.0,0.99999994,0.99999994,0.99999994,0.0,0.0,0.55103016,0.9086871,0,2137,1210
0.22189349,0.9962191,0.0,0.99999994,0.0,0.99999994,0.0,0.0,0.0,0.47058487,0,2135,598
0.2928994,0.9962191,0.0,0.99999994,0.99999994,0.99999994,0.0,0.0,0.55103016,0.92287445,1,2103,1700
0.2366864,0.9962191,0.0,0.99999994,0.99999994,0.99999994,0.0,0.0,0.55103016,0.33942795,0,1374,862
0.18934911,0.9962191,0.0,0.99999994,0.0,0.99999994,0.0,0.0,0.0,0.10193586,0,1621,127
0.21301776,0.9962191,0.0,0.99999994,0.0,0.99999994,0.0,0.0,0.55103016,0.023103714,0,424,1190
0.26923078,0.9962191,0.0,0.99999994,0.99999994,0.99999994,0.0,0.0,0.55103016,0.68961525,0,1549,1363
0.18934911,0.9962191,0.0,0.99999994,0.0,0.99999994,0.0,0.0,0.0,0.07118416,1,559,151
0.20118344,0.9962191,0.0,0.99999994,0.0,0.99999994,0.0,0.0,0.0,0.07387686,0,306,624
0.18639053,0.9962191,0.0,0.99999994,0.0,0.99999994,0.0,0.0,0.0,0.095954895,0,420,114
0.25739646,0.9962191,0.0,0.99999994,0.99999994,0.99999994,0.0,0.0,0.55103016,0.8416867,0,1978,1133
0.22189349,0.9962191,0.0,0.99999994,0.99999994,0.99999994,0.0,0.0,0.55103016,0.02477932,0,643,915
0.2662722,0.9962191,0.0,0.99999994,0.99999994,0.99999994,0.0,0.0,0.55103016,0.8725095,1,1724,1312
0.20414202,0.9962191,0.0,0.99999994,0.0,0.99999994,0.0,0.0,0.0,0.06345844,0,330,725
0.23964497,0.9962191,0.0,0.99999994,0.99999994,0.99999994,0.0,0.0,0.55103016,0.16978121,0,1127,886
0.25443786,0.9962191,0.0,0.99999994,0.99999994,0.99999994,0.0,0.0,0.55103016,0.7336092,1,1707,1117
0.25443786,0.9962191,0.0,0.99999994,0.99999994,0.99999994,0.0,0.0,0.55103016,0.33055878,0,1093,1677
0.28994083,0.9962191,0.0,0.99999994,0.99999994,0.99999994,0.0,0.0,0.9584491,0.75008726,1,1604,1865
0.29881656,0.9962191,0.0,0.99999994,0.99999994,0.99999994,0.0,0.0,0.9431704,0.8327265,0,1727,1903
0.23372781,0.9962191,0.0,0.99999994,0.0,0.99999994,0.0,0.0,0.55103016,0.037695408,1,947,793
0.28994083,0.9962191,0.0,0.99999994,0.99999994,0.99999994,0.0,0.0,0.55103016,0.920382,0,1895,1625
0.18047337,0.9962191,0.0,0.99999994,0.0,0.99999994,0.0,0.0,0.0,0.123749256,0,282,52
0.28402367,0.9962191,0.0,0.99999994,0.99999994,0.99999994,0.0,0.0,0.8835185,0.95371675,0,2218,1535
0.18639053,0.9962191,0.0,0.99999994,0.0,0.99999994,0.0,0.0,0.55103016,0.07264185,0,81,869
0.26923078,0.9962191,0.0,0.99999994,0.99999994,0.99999994,0.0,0.0,0.55103016,0.96521807,0,1987,1329
0.24260356,0.9962191,0.0,0.99999994,0.99999994,0.99999994,0.0,0.0,0.55103016,0.13667727,1,911,1580
0.21597633,0.9962191,0.0,0.99999994,0.0,0.99999994,0.0,0.0,0.0,0.3984952,0,2368,482
0.25443786,0.9962191,0.0,0.99999994,0.99999994,0.99999994,0.0,0.0,0.55103016,0.79058266,0,1761,1129
0.2928994,0.9962191,0.0,0.99999994,0.99999994,0.99999994,0.0,0.0,0.8577961,0.9279618,1,2194,1701
0.18934911,0.9962191,0.0,0.99999994,0.0,0.99999994,0.0,0.0,0.0,0.123756886,1,151,283
0.29881656,0.9962191,0.0,0.99999994,0.99999994,0.99999994,0.0,0.0,0.55103016,0.9161515,1,2118,1754
0.23964497,0.9962191,0.0,0.99999994,0.99999994,0.99999994,0.0,0.0,0.55103016,0.0386281,0,867,1391
0.18934911,0.9962191,0.0,0.99999994,0.0,0.99999994,0.0,0.0,0.0,0.12324524,0,219,178
0.2514793,0.9962191,0.0,0.99999994,0.99999994,0.99999994,0.0,0.0,0.55103016,0.32387972,0,1262,1093
0.24556214,0.9962191,0.0,0.99999994,0.99999994,0.99999994,0.0,0.0,0.55103016,0.51058054,0,1532,985
0.20118344,0.9962191,0.0,0.99999994,0.0,0.99999994,0.0,0.0,0.55103016,0.3111148,0,219,1903
0.27218935,0.9962191,0.0,0.99999994,0.99999994,0.99999994,0.0,0.0,0.9935516,0.5499892,0,1310,1885
0.28402367,0.9962191,0.0,0.99999994,0.99999994,0.99999994,0.0,0.0,0.55103016,0.94002247,1,2063,1558
0.18343195,0.9962191,0.0,0.99999994,0.0,0.99999994,0.0,0.0,0.0,0.08783388,1,478,91
0.2928994,0.9962191,0.0,0.99999994,0.99999994,0.99999994,0.0,0.0,0.55103016,0.9151716,1,1886,1662
0.28994083,0.9962191,0.0,0.99999994,0.99999994,0.99999994,0.0,0.0,0.55103016,0.8239007,1,1696,1675
0.295858,0.9962191,0.0,0.99999994,0.99999994,0.99999994,0.0,0.0,0.55103016,0.9165721,1,2060,1728
0.2810651,0.9962191,0.0,0.99999994,0.99999994,0.99999994,0.0,0.0,0.55103016,0.8710561,0,1739,1527
0.24556214,0.9962191,0.0,0.99999994,0.99999994,0.99999994,0.0,0.0,0.55103016,0.19485426,1,1138,984
0.26923078,0.9962191,0.0,0.99999994,0.99999994,0.99999994,0.0,0.0,0.55103016,0.97897625,0,2153,1327
0.21893491,0.9962191,0.0,0.99999994,0.0,0.99999994,0.0,0.0,0.55103016,0.3149867,0,493,1938
0.2071006,0.9962191,0.0,0.99999994,0.0,0.99999994,0.0,0.0,0.55103016,0.05226803,0,357,1382
0.21597633,0.9962191,0.0,0.99999994,0.0,0.99999994,0.0,0.0,0.0,0.024216175,0,775,582
0.24556214,0.9962191,0.0,0.99999994,0.99999994,0.99999994,0.0,0.0,0.55103016,0.021887302,1,921,1307
0.1923077,0.9962191,0.0,0.99999994,0.0,0.99999994,0.0,0.0,0.55103016,0.26481867,0,88,1796
0.28402367,0.9962191,0.0,0.99999994,0.99999994,0.99999994,0.0,0.0,0.55103016,0.94105625,0,2058,1548
0.18934911,0.9962191,0.0,0.99999994,0.0,0.99999994,0.0,0.0,0.0,0.02291441,0,950,127
0.22781065,0.9962191,0.0,0.99999994,0.99999994,0.99999994,0.0,0.0,0.55103016,0.05885315,0,659,1418
0.18639053,0.9962191,0.0,0.99999994,0.0,0.99999994,0.0,0.0,0.0,0.0652976,0,1460,86
0.22781065,0.9962191,0.0,0.99999994,0.99999994,0.99999994,0.0,0.0,0.55103016,0.010502338,0,679,1209
0.28994083,0.9962191,0.0,0.99999994,0.99999994,0.99999994,0.0,0.0,0.55103016,0.76960564,1,1630,1700
0.23372781,0.9962191,0.0,0.99999994,0.0,0.99999994,0.0,0.0,0.55103016,0.6131158,0,2402,775
0.21597633,0.9962191,0.0,0.99999994,0.0,0.99999994,0.0,0.0,0.0,0.015165806,1,858,565
0.30177516,0.9962191,0.0,0.99999994,0.99999994,0.99999994,0.0,0.0,0.879629,0.89727545,0,1970,1837
0.22781065,0.9962191,0.0,0.99999994,0.0,0.99999994,0.0,0.0,0.0,0.018929482,0,918,720
0.21597633,0.9962191,0.0,0.99999994,0.0,0.99999994,0.0,0.0,0.0,0.17634296,0,1280,525
0.28994083,0.9962191,0.0,0.99999994,0.99999994,0.99999994,0.0,0.0,0.55103016,0.7482486,1,1603,1736
0.23372781,0.9962191,0.0,0.99999994,0.0,0.99999994,0.0,0.0,0.55103016,0.039064407,1,949,796
0.24852072,0.9962191,0.0,0.99999994,0.99999994,0.99999994,0.0,0.0,0.55103016,0.73455095,1,1853,994
0.24556214,0.9962191,0.0,0.99999994,0.99999994,0.99999994,0.0,0.0,0.55103016,0.09150171,1,940,1421
0.20414202,0.9962191,0.0,0.99999994,0.0,0.99999994,0.0,0.0,0.0,0.06097126,1,354,727
0.22189349,0.9962191,0.0,0.99999994,0.99999994,0.99999994,0.0,0.0,0.55103016,0.14975595,0,582,1602
0.19822486,0.9962191,0.0,0.99999994,0.0,0.99999994,0.0,0.0,0.55103016,0.32902336,0,171,1935
0.24556214,0.9962191,0.0,0.99999994,0.99999994,0.99999994,0.0,0.0,0.55103016,0.63608074,1,1698,973
0.21301776,0.9962191,0.0,0.99999994,0.0,0.99999994,0.0,0.0,0.0,0.38176203,0,2304,463
0.25739646,0.9962191,0.0,0.99999994,0.99999994,0.99999994,0.0,0.0,0.55103016,0.24587297,0,1143,1247
0.2810651,0.9962191,0.0,0.99999994,0.99999994,0.99999994,0.0,0.0,0.98056906,0.64918995,0,1451,1914
0.26035503,0.9962191,0.0,0.99999994,0.99999994,0.99999994,0.0,0.0,0.55103016,0.3627143,1,1166,1584
0.22189349,0.9962191,0.0,0.99999994,0.0,0.99999994,0.0,0.0,0.0,0.4497819,0,2205,564
0.2071006,0.9962191,0.0,0.99999994,0.0,0.99999994,0.0,0.0,0.0,0.060235023,0,527,439
0.23372781,0.9962191,0.0,0.99999994,0.99999994,0.99999994,0.0,0.0,0.55103016,0.21494627,1,745,1753
0.26923078,0.9962191,0.0,0.99999994,0.99999994,0.99999994,0.0,0.0,0.55103016,0.9844017,0,2227,1331
0.20118344,0.9962191,0.0,0.99999994,0.0,0.99999994,0.0,0.0,0.55103016,0.3016057,0,193,1881
0.18639053,0.9962191,0.0,0.99999994,0.0,0.99999994,0.0,0.0,0.0,0.14003706,1,109,183
0.24852072,0.9962191,0.0,0.99999994,0.99999994,0.99999994,0.0,0.0,0.55103016,0.11985731,1,1010,1319
0.27514794,0.9962191,0.0,0.99999994,0.99999994,0.99999994,0.0,0.0,0.9903507,0.5948987,0,1369,1914
0.23076923,0.9962191,0.0,0.99999994,0.0,0.99999994,0.0,0.0,0.55103016,0.34748983,1,1432,782
0.2781065,0.9962191,0.0,0.99999994,0.99999994,0.99999994,0.0,0.0,0.9898622,0.6081252,1,1386,1927
0.26035503,0.9962191,0.0,0.99999994,0.99999994,0.99999994,0.0,0.0,0.55103016,0.81696033,0,1715,1237
0.25443786,0.9962191,0.0,0.99999994,0.99999994,0.99999994,0.0,0.0,0.55103016,0.28520966,0,1207,1137
0.295858,0.9962191,0.0,0.99999994,0.99999994,0.99999994,0.0,0.0,0.55103016,0.91492605,0,2050,1736
0.21893491,0.9962191,0.0,0.99999994,0.0,0.99999994,0.0,0.0,0.0,0.013792038,1,869,571
0.19526628,0.9962191,0.0,0.99999994,0.0,0.99999994,0.0,0.0,0.0,0.07314253,0,499,281
0.23076923,0.9962191,0.0,0.99999994,0.99999994,0.99999994,0.0,0.0,0.55103016,0.015911102,0,768,891
0.2781065,0.9962191,0.0,0.99999994,0.99999994,0.99999994,0.0,0.0,0.55103016,0.8592863,0,1724,1499
0.23964497,0.9962191,0.0,0.99999994,0.99999994,0.99999994,0.0,0.0,0.55103016,0.23226643,1,1210,897
0.26035503,0.9962191,0.0,0.99999994,0.99999994,0.99999994,0.0,0.0,0.55103016,0.3777547,0,1192,1556
0.2071006,0.9962191,0.0,0.99999994,0.0,0.99999994,0.0,0.0,0.0,0.29557228,0,1988,362
0.24260356,0.9962191,0.0,0.99999994,0.99999994,0.99999994,0.0,0.0,0.55103016,0.062218666,0,907,1428
0.26923078,0.9962191,0.0,0.99999994,0.99999994,0.99999994,0.0,0.0,0.55103016,0.6468024,1,1507,1366
0.18934911,0.9962191,0.0,0.99999994,0.0,0.99999994,0.0,0.0,0.0,0.037559032,0,1060,142
0.2366864,0.9962191,0.0,0.99999994,0.99999994,0.99999994,0.0,0.0,0.55103016,0.015405178,0,786,1336
0.23076923,0.9962191,0.0,0.99999994,0.0,0.99999994,0.0,0.0,0.55103016,0.19723368,1,1198,779
0.27514794,0.9962191,0.0,0.99999994,0.99999994,0.99999994,0.0,0.0,0.55103016,0.5612483,1,1406,1494
0.24852072,0.9962191,0.0,0.99999994,0.99999994,0.99999994,0.0,0.0,0.55103016,0.26594162,1,967,1767
0.18343195,0.9962191,0.0,0.99999994,0.0,0.99999994,0.0,0.0,0.0,0.027285099,0,1227,12
0.18639053,0.9962191,0.0,0.99999994,0.0,0.99999994,0.0,0.0,0.0,0.14012146,1,147,121
0.23964497,0.9962191,0.0,0.99999994,0.99999994,0.99999994,0.0,0.0,0.55103016,0.6324954,0,1841,850
0.2662722,0.9962191,0.0,0.99999994,0.99999994,0.99999994,0.0,0.0,0.55103016,0.40405512,1,1253,1437
0.2071006,0.9962191,0.0,0.99999994,0.0,0.99999994,0.0,0.0,0.0,0.063277245,1,394,639
0.2662722,0.9962191,0.0,0.99999994,0.99999994,0.99999994,0.0,0.0,0.55103016,0.57782316,1,1443,1335
0.23964497,0.9962191,0.0,0.99999994,0.99999994,0.99999994,0.0,0.0,0.55103016,0.005997181,0,882,943
0.24556214,0.9962191,0.0,0.99999994,0.99999994,0.99999994,0.0,0.0,0.55103016,0.18441916,1,942,1626
0.295858,0.9962191,0.0,0.99999994,0.99999994,0.99999994,0.0,0.0,0.8544855,0.924634,1,2141,1703
0.24852072,0.9962191,0.0,0.99999994,0.99999994,0.99999994,0.0,0.0,0.55103016,0.50145197,1,1483,1052
0.20414202,0.9962191,0.0,0.99999994,0.0,0.99999994,0.0,0.0,0.0,0.20871687,0,1545,359
0.27514794,0.9962191,0.0,0.99999994,0.99999994,0.99999994,0.0,0.0,0.55103016,0.58413935,1,1392,1738
0.24852072,0.9962191,0.0,0.99999994,0.99999994,0.99999994,0.0,0.0,0.55103016,0.3077793,1,1267,1019
0.22781065,0.9962191,0.0,0.99999994,0.99999994,0.99999994,0.0,0.0,0.55103016,0.014059544,0,733,1030
0.24556214,0.9962191,0.0,0.99999994,0.99999994,0.99999994,0.0,0.0,0.55103016,0.3668747,1,1353,984
0.2662722,0.9962191,0.0,0.99999994,0.99999994,0.99999994,0.0,0.0,0.55103016,0.47122478,1,1342,1328
0.2662722,0.9962191,0.0,0.99999994,0.99999994,0.99999994,0.0,0.0,0.55103016,0.3644638,1,1248,1295
0.20118344,0.9962191,0.0,0.99999994,0.0,0.99999994,0.0,0.0,0.0,0.22180462,0,2103,252
0.21893491,0.9962191,0.0,0.99999994,0.0,0.99999994,0.0,0.0,0.0,0.447011,0,2366,549
0.23964497,0.9962191,0.0,0.99999994,0.99999994,0.99999994,0.0,0.0,0.55103016,0.6680207,0,2408,850
0.24260356,0.9962191,0.0,0.99999994,0.99999994,0.99999994,0.0,0.0,0.55103016,0.080348015,0,903,1475
0.30177516,0.9962191,0.0,0.99999994,0.99999994,0.99999994,0.0,0.0,0.55103016,0.89310503,0,1827,1814
0.22485207,0.9962191,0.0,0.99999994,0.99999994,0.99999994,0.0,0.0,0.55103016,0.017107487,0,663,1065
0.21005918,0.9962191,0.0,0.99999994,0.0,0.99999994,0.0,0.0,0.0,0.04307413,0,982,451
0.24260356,0.9962191,0.0,0.99999994,0.99999994,0.99999994,0.0,0.0,0.55103016,0.71209383,0,2348,916
0.2928994,0.9962191,0.0,0.99999994,0.99999994,0.99999994,0.0,0.0,0.55103016,0.919446,1,2004,1683
0.1923077,0.9962191,0.0,0.99999994,0.0,0.99999994,0.0,0.0,0.0,0.11632919,0,2064,106
0.24556214,0.9962191,0.0,0.99999994,0.99999994,0.99999994,0.0,0.0,0.55103016,0.14576626,1,929,1565
0.30177516,0.9962191,0.0,0.99999994,0.99999994,0.99999994,0.0,0.0,0.55103016,0.901309,1,1949,1798
0.0,0.0,0.0,0.0,0.0,0.0,0.0,0.0,0.0,0.13202667,0,259,1
0.27218935,0.9962191,0.0,0.99999994,0.99999994,0.99999994,0.0,0.0,0.55103016,0.96165085,0,1992,1359
0.26331362,0.9962191,0.0,0.99999994,0.99999994,0.99999994,0.0,0.0,0.55103016,0.42473269,0,1197,1710
0.23076923,0.9962191,0.0,0.99999994,0.99999994,0.99999994,0.0,0.0,0.55103016,0.0067620277,1,711,1274
0.18639053,0.9962191,0.0,0.99999994,0.0,0.99999994,0.0,0.0,0.0,0.14093828,1,139,126
0.26035503,0.9962191,0.0,0.99999994,0.99999994,0.99999994,0.0,0.0,0.55103016,0.40050173,1,1150,1753
0.25443786,0.9962191,0.0,0.99999994,0.99999994,0.99999994,0.0,0.0,0.55103016,0.3577485,0,1286,1136
0.23964497,0.9962191,0.0,0.99999994,0.99999994,0.99999994,0.0,0.0,0.55103016,0.65023804,0,2216,842
0.20118344,0.9962191,0.0,0.99999994,0.0,0.99999994,0.0,0.0,0.0,0.05380106,0,1049,312
0.21893491,0.9962191,0.0,0.99999994,0.0,0.99999994,0.0,0.0,0.55103016,0.2793851,0,493,1864
0.19822486,0.9962191,0.0,0.99999994,0.0,0.99999994,0.0,0.0,0.55103016,0.12307978,0,215,1517
0.22189349,0.9962191,0.0,0.99999994,0.0,0.99999994,0.0,0.0,0.0,0.009534359,1,896,647
0.0,0.0,0.0,0.0,0.0,0.0,0.0,0.0,0.55103016,0.060412407,0,0,1035
0.0,0.0,0.0,0.0,0.0,0.0,0.0,0.0,0.55103016,0.14255762,0,2,1540
0.23964497,0.9962191,0.0,0.99999994,0.99999994,0.99999994,0.0,0.0,0.55103016,0.15306854,0,852,1632
0.26331362,0.9962191,0.0,0.99999994,0.99999994,0.99999994,0.0,0.0,0.55103016,0.63727856,1,1512,1287
0.24852072,0.9962191,0.0,0.99999994,0.99999994,0.99999994,0.0,0.0,0.55103016,0.7666588,0,2215,1004
0.25739646,0.9962191,0.0,0.99999994,0.99999994,0.99999994,0.0,0.0,0.55103016,0.30348873,0,1139,1471
0.18343195,0.9962191,0.0,0.99999994,0.0,0.99999994,0.0,0.0,0.0,0.14340639,0,72,206
0.24556214,0.9962191,0.0,0.99999994,0.99999994,0.99999994,0.0,0.0,0.55103016,0.0652833,1,919,1409
0.22781065,0.9962191,0.0,0.99999994,0.99999994,0.99999994,0.0,0.0,0.55103016,0.065932274,0,648,1432
0.1923077,0.9962191,0.0,0.99999994,0.0,0.99999994,0.0,0.0,0.0,0.08493519,0,452,204
0.21597633,0.9962191,0.0,0.99999994,0.0,0.99999994,0.0,0.0,0.0,0.034205914,0,952,541
0.27514794,0.9962191,0.0,0.99999994,0.99999994,0.99999994,0.0,0.0,0.55103016,0.9588194,0,2058,1418
0.2781065,0.9962191,0.0,0.99999994,0.99999994,0.99999994,0.0,0.0,0.55103016,0.94033,0,1849,1440
0.19526628,0.9962191,0.0,0.99999994,0.0,0.99999994,0.0,0.0,0.0,0.1154151,0,1418,221
0.18343195,0.9962191,0.0,0.99999994,0.0,0.99999994,0.0,0.0,0.0,0.12652445,1,245,93
0.20118344,0.9962191,0.0,0.99999994,0.0,0.99999994,0.0,0.0,0.0,0.0669775,0,311,704
0.1923077,0.9962191,0.0,0.99999994,0.0,0.99999994,0.0,0.0,0.0,0.10151577,1,202,445
0.28698224,0.9962191,0.0,0.99999994,0.99999994,0.99999994,0.0,0.0,0.55103016,0.9259229,1,1868,1567
0.23076923,0.9962191,0.0,0.99999994,0.99999994,0.99999994,0.0,0.0,0.55103016,0.015259266,0,801,815
0.26035503,0.9962191,0.0,0.99999994,0.99999994,0.99999994,0.0,0.0,0.55103016,0.37648916,0,1158,1653
0.28402367,0.9962191,0.0,0.99999994,0.99999994,0.99999994,0.0,0.0,0.55103016,0.9400263,1,2061,1557
0.18639053,0.9962191,0.0,0.99999994,0.0,0.99999994,0.0,0.0,0.0,0.039650917,0,1201,70
0.27514794,0.9962191,0.0,0.99999994,0.99999994,0.99999994,0.0,0.0,0.55103016,0.9560509,0,2016,1415
0.30177516,0.9962191,0.0,0.99999994,0.99999994,0.99999994,0.0,0.0,0.8635424,0.9008508,1,2035,1834
0.2366864,0.9962191,0.0,0.99999994,0.99999994,0.99999994,0.0,0.0,0.55103016,0.64668274,0,2345,826
0.2071006,0.9962191,0.0,0.99999994,0.0,0.99999994,0.0,0.0,0.55103016,0.05000639,0,376,849
0.28994083,0.9962191,0.0,0.99999994,0.99999994,0.99999994,0.0,0.0,0.55103016,0.7460084,1,1600,1745
0.2781065,0.9962191,0.0,0.99999994,0.99999994,0.99999994,0.0,0.0,0.55103016,0.58908224,1,1428,1552
0.23076923,0.9962191,0.0,0.99999994,0.0,0.99999994,0.0,0.0,0.55103016,0.04069519,1,952,784
0.22189349,0.9962191,0.0,0.99999994,0.0,0.99999994,0.0,0.0,0.0,0.46056795,0,2149,583
0.1923077,0.9962191,0.0,0.99999994,0.0,0.99999994,0.0,0.0,0.0,0.117384434,0,243,202
0.21301776,0.9962191,0.0,0.99999994,0.0,0.99999994,0.0,0.0,0.55103016,0.26881075,0,398,1833
0.2781065,0.9962191,0.0,0.99999994,0.99999994,0.99999994,0.0,0.0,0.55103016,0.7696805,1,1628,1478
0.2928994,0.9962191,0.0,0.99999994,0.99999994,0.99999994,0.0,0.0,0.55103016,0.9272976,1,2107,1670
0.2662722,0.9962191,0.0,0.99999994,0.99999994,0.99999994,0.0,0.0,0.55103016,0.36970234,1,1253,1295
0.20414202,0.9962191,0.0,0.99999994,0.0,0.99999994,0.0,0.0,0.0,0.073281765,1,452,386
0.21597633,0.9962191,0.0,0.99999994,0.0,0.99999994,0.0,0.0,0.55103016,0.31228638,0,459,1929
0.18639053,0.9962191,0.0,0.99999994,0.0,0.99999994,0.0,0.0,0.0,0.08613396,1,482,108
0.30473372,0.9962191,0.0,0.99999994,0.99999994,0.99999994,0.0,0.0,0.90134573,0.8916998,1,1884,1848
0.2366864,0.9962191,0.0,0.99999994,0.99999994,0.99999994,0.0,0.0,0.55103016,0.058811188,1,975,859
0.2810651,0.9962191,0.0,0.99999994,0.99999994,0.99999994,0.0,0.0,0.55103016,0.88964415,1,1760,1534
0.22485207,0.9962191,0.0,0.99999994,0.0,0.99999994,0.0,0.0,0.0,0.43415642,0,1685,659
0.2662722,0.9962191,0.0,0.99999994,0.99999994,0.99999994,0.0,0.0,0.55103016,0.4108858,0,1260,1437
0.20414202,0.9962191,0.0,0.99999994,0.0,0.99999994,0.0,0.0,0.0,0.24725723,0,1721,336
0.22485207,0.9962191,0.0,0.99999994,0.0,0.99999994,0.0,0.0,0.0,0.01621008,1,913,667
0.2662722,0.9962191,0.0,0.99999994,0.99999994,0.99999994,0.0,0.0,0.55103016,0.52352905,1,1398,1300
0.2810651,0.9962191,0.0,0.99999994,0.99999994,0.99999994,0.0,0.0,0.8983926,0.96536493,0,2315,1502
0.20414202,0.9962191,0.0,0.99999994,0.0,0.99999994,0.0,0.0,0.55103016,0.17324257,0,312,1628
0.22781065,0.9962191,0.0,0.99999994,0.99999994,0.99999994,0.0,0.0,0.55103016,0.012113571,0,663,1187
0.20414202,0.9962191,0.0,0.99999994,0.0,0.99999994,0.0,0.0,0.0,0.07374954,1,449,385
0.18639053,0.9962191,0.0,0.99999994,0.0,0.99999994,0.0,0.0,0.0,0.106822014,1,109,510
0.27514794,0.9962191,0.0,0.99999994,0.99999994,0.99999994,0.0,0.0,0.55103016,0.5398183,1,1379,1519
0.21597633,0.9962191,0.0,0.99999994,0.0,0.99999994,0.0,0.0,0.0,0.045495033,0,597,558
0.24260356,0.9962191,0.0,0.99999994,0.99999994,0.99999994,0.0,0.0,0.55103016,0.12717867,1,885,1580
0.22189349,0.9962191,0.0,0.99999994,0.0,0.99999994,0.0,0.0,0.0,0.016331673,1,913,639
0.24852072,0.9962191,0.0,0.99999994,0.99999994,0.99999994,0.0,0.0,0.55103016,0.18854332,0,1118,1045
0.23076923,0.9962191,0.0,0.99999994,0.99999994,0.99999994,0.0,0.0,0.55103016,0.007416725,0,707,1260
0.30769232,0.9962191,0.0,0.99999994,0.99999994,0.99999994,0.0,0.0,0.89246374,0.883718,1,1941,1931
0.21005918,0.9962191,0.0,0.99999994,0.0,0.99999994,0.0,0.0,0.0,0.06235075,1,433,590
0.21597633,0.9962191,0.0,0.99999994,0.0,0.99999994,0.0,0.0,0.0,0.2757101,0,1498,535
0.295858,0.9962191,0.0,0.99999994,0.99999994,0.99999994,0.0,0.0,0.9511393,0.79205894,1,1664,1855
0.25739646,0.9962191,0.0,0.99999994,0.99999994,0.99999994,0.0,0.0,0.55103016,0.828094,0,2034,1108
0.18639053,0.9962191,0.0,0.99999994,0.0,0.99999994,0.0,0.0,0.0,0.13437414,1,185,116
0.18639053,0.9962191,0.0,0.99999994,0.0,0.99999994,0.0,0.0,0.0,0.08737135,1,473,112
0.30177516,0.9962191,0.0,0.99999994,0.99999994,0.99999994,0.0,0.0,0.55103016,0.8991804,0,1905,1797
0.18934911,0.9962191,0.0,0.99999994,0.0,0.99999994,0.0,0.0,0.0,0.057854176,0,637,170
0.24852072,0.9962191,0.0,0.99999994,0.99999994,0.99999994,0.0,0.0,0.55103016,0.13379669,0,1057,1018
0.23964497,0.9962191,0.0,0.99999994,0.99999994,0.99999994,0.0,0.0,0.55103016,0.6290078,0,1932,837
0.23076923,0.9962191,0.0,0.99999994,0.99999994,0.99999994,0.0,0.0,0.55103016,0.006877899,1,703,1279
0.18639053,0.9962191,0.0,0.99999994,0.0,0.99999994,0.0,0.0,0.0,0.08524895,0,487,109
0.20414202,0.9962191,0.0,0.99999994,0.0,0.99999994,0.0,0.0,0.55103016,0.020760536,0,292,1294
0.19822486,0.9962191,0.0,0.99999994,0.0,0.99999994,0.0,0.0,0.0,0.06558323,0,543,302
0.30769232,0.9962191,0.0,0.99999994,0.99999994,0.99999994,0.0,0.0,0.8727503,0.89036465,1,2015,1905
0.18343195,0.9962191,0.0,0.99999994,0.0,0.99999994,0.0,0.0,0.0,0.10109043,0,396,97
0.2928994,0.9962191,0.0,0.99999994,0.99999994,0.99999994,0.0,0.0,0.9525292,0.7782402,1,1644,1844
0.2366864,0.9962191,0.0,0.99999994,0.99999994,0.99999994,0.0,0.0,0.55103016,0.008419514,1,903,855
0.18934911,0.9962191,0.0,0.99999994,0.0,0.99999994,0.0,0.0,0.0,0.07369375,1,543,152
0.27514794,0.9962191,0.0,0.99999994,0.99999994,0.99999994,0.0,0.0,0.55103016,0.68010855,1,1536,1435
0.2662722,0.9962191,0.0,0.99999994,0.99999994,0.99999994,0.0,0.0,0.55103016,0.936584,1,1933,1272
0.20414202,0.9962191,0.0,0.99999994,0.0,0.99999994,0.0,0.0,0.0,0.0623374,1,332,737
0.24852072,0.9962191,0.0,0.99999994,0.99999994,0.99999994,0.0,0.0,0.55103016,0.26820564,0,937,1823
0.24852072,0.9962191,0.0,0.99999994,0.99999994,0.99999994,0.0,0.0,0.55103016,0.24869585,1,1193,1029
0.23372781,0.9962191,0.0,0.99999994,0.0,0.99999994,0.0,0.0,0.55103016,0.2841282,1,1317,814
0.24556214,0.9962191,0.0,0.99999994,0.99999994,0.99999994,0.0,0.0,0.55103016,0.3837986,1,1371,991
0.24852072,0.9962191,0.0,0.99999994,0.99999994,0.99999994,0.0,0.0,0.55103016,0.373178,1,1334,1049
0.18047337,0.9962191,0.0,0.99999994,0.0,0.99999994,0.0,0.0,0.0,0.13561821,1,24,343
0.27218935,0.9962191,0.0,0.99999994,0.99999994,0.99999994,0.0,0.0,0.55103016,0.97677994,0,2220,1379
0.25443786,0.9962191,0.0,0.99999994,0.99999994,0.99999994,0.0,0.0,0.55103016,0.5803709,1,1533,1126
0.2366864,0.9962191,0.0,0.99999994,0.99999994,0.99999994,0.0,0.0,0.55103016,0.19022226,1,801,1706
0.21893491,0.9962191,0.0,0.99999994,0.0,0.99999994,0.0,0.0,0.0,0.02392912,1,766,626
0.19526628,0.9962191,0.0,0.99999994,0.0,0.99999994,0.0,0.0,0.0,0.08847284,0,213,574
0.2514793,0.9962191,0.0,0.99999994,0.99999994,0.99999994,0.0,0.0,0.55103016,0.264462,1,1036,1626
0.23964497,0.9962191,0.0,0.99999994,0.99999994,0.99999994,0.0,0.0,0.55103016,0.6722083,0,2279,867
0.22189349,0.9962191,0.0,0.99999994,0.99999994,0.99999994,0.0,0.0,0.55103016,0.014491558,0,556,1237
0.22781065,0.9962191,0.0,0.99999994,0.99999994,0.99999994,0.0,0.0,0.55103016,0.017997742,0,691,997
0.295858,0.9962191,0.0,0.99999994,0.99999994,0.99999994,0.0,0.0,0.55103016,0.901206,1,1828,1748
0.24556214,0.9962191,0.0,0.99999994,0.99999994,0.99999994,0.0,0.0,0.55103016,0.07667112,0,980,1152
0.24556214,0.9962191,0.0,0.99999994,0.99999994,0.99999994,0.0,0.0,0.55103016,0.14940977,0,944,1543
0.22485207,0.9962191,0.0,0.99999994,0.0,0.99999994,0.0,0.0,0.0,0.03575754,1,949,660
0.2366864,0.9962191,0.0,0.99999994,0.99999994,0.99999994,0.0,0.0,0.55103016,0.05266571,1,967,845
0.20118344,0.9962191,0.0,0.99999994,0.0,0.99999994,0.0,0.0,0.55103016,0.12769747,0,247,1529
0.21005918,0.9962191,0.0,0.99999994,0.0,0.99999994,0.0,0.0,0.0,0.037677765,1,683,503
0.0,0.0,0.0,0.0,0.0,0.0,0.0,0.0,0.0,0.10005283,1,440,1
0.26923078,0.9962191,0.0,0.99999994,0.99999994,0.99999994,0.0,0.0,0.55103016,0.9615183,0,2074,1291
0.295858,0.9962191,0.0,0.99999994,0.99999994,0.99999994,0.0,0.0,0.8597059,0.9301934,0,2299,1726
0.22189349,0.9962191,0.0,0.99999994,0.99999994,0.99999994,0.0,0.0,0.55103016,0.02189827,0,617,1021
0.2366864,0.9962191,0.0,0.99999994,0.99999994,0.99999994,0.0,0.0,0.55103016,0.014063835,1,911,844
0.26923078,0.9962191,0.0,0.99999994,0.99999994,0.99999994,0.0,0.0,0.55103016,0.9636445,0,1966,1328
0.2662722,0.9962191,0.0,0.99999994,0.99999994,0.99999994,0.0,0.0,0.55103016,0.47683573,0,1201,1889
0.2810651,0.9962191,0.0,0.99999994,0.99999994,0.99999994,0.0,0.0,0.55103016,0.86174154,1,1729,1529
0.18047337,0.9962191,0.0,0.99999994,0.0,0.99999994,0.0,0.0,0.0,0.10870409,1,387,11
0.2366864,0.9962191,0.0,0.99999994,0.99999994,0.99999994,0.0,0.0,0.55103016,0.4845872,0,1579,864
0.27218935,0.9962191,0.0,0.99999994,0.99999994,0.99999994,0.0,0.0,0.55103016,0.9898057,0,2379,1375
0.25443786,0.9962191,0.0,0.99999994,0.99999994,0.99999994,0.0,0.0,0.55103016,0.46622658,1,1408,1126
0.28402367,0.9962191,0.0,0.99999994,0.99999994,0.99999994,0.0,0.0,0.55103016,0.94296694,1,2064,1537
0.18639053,0.9962191,0.0,0.99999994,0.0,0.99999994,0.0,0.0,0.55103016,0.08522749,0,84,746
0.26923078,0.9962191,0.0,0.99999994,0.99999994,0.99999994,0.0,0.0,0.55103016,0.54228115,0,1406,1357
0.18934911,0.9962191,0.0,0.99999994,0.0,0.99999994,0.0,0.0,0.0,0.10212231,1,95,572
0.18639053,0.9962191,0.0,0.99999994,0.0,0.99999994,0.0,0.0,0.0,0.08425999,1,493,109
0.26035503,0.9962191,0.0,0.99999994,0.99999994,0.99999994,0.0,0.0,0.55103016,0.29258585,0,1160,1368
0.19822486,0.9962191,0.0,0.99999994,0.0,0.99999994,0.0,0.0,0.0,0.17516947,0,1678,237
0.21301776,0.9962191,0.0,0.99999994,0.0,0.99999994,0.0,0.0,0.0,0.038089752,1,668,538
0.23372781,0.9962191,0.0,0.99999994,0.99999994,0.99999994,0.0,0.0,0.55103016,0.5032325,1,1644,817
0.28698224,0.9962191,0.0,0.99999994,0.99999994,0.99999994,0.0,0.0,0.55103016,0.8171706,1,1686,1643
0.18343195,0.9962191,0.0,0.99999994,0.0,0.99999994,0.0,0.0,0.0,0.12964201,1,244,59
0.19822486,0.9962191,0.0,0.99999994,0.0,0.99999994,0.0,0.0,0.0,0.16607189,0,1607,247
0.18343195,0.0,0.0,0.0,0.0,0.99999994,0.0,0.0,0.0,0.022910595,0,876,8
0.23076923,0.9962191,0.0,0.99999994,0.0,0.99999994,0.0,0.0,0.55103016,0.23321533,1,1264,757
0.23964497,0.9962191,0.0,0.99999994,0.99999994,0.99999994,0.0,0.0,0.55103016,0.6240177,0,1757,885
0.18639053,0.9962191,0.0,0.99999994,0.0,0.99999994,0.0,0.0,0.55103016,0.14947796,0,14,1555
0.0,0.0,0.0,0.0,0.0,0.0,0.0,0.0,0.0,0.0298028,0,1453,4
0.30769232,0.9962191,0.0,0.99999994,0.99999994,0.99999994,0.0,0.0,0.9160512,0.8781376,0,1848,1944
0.23964497,0.9962191,0.0,0.99999994,0.99999994,0.99999994,0.0,0.0,0.55103016,0.010287762,0,907,956
0.21301776,0.9962191,0.0,0.99999994,0.0,0.99999994,0.0,0.0,0.0,0.04958105,0,993,491
0.21893491,0.9962191,0.0,0.99999994,0.0,0.99999994,0.0,0.0,0.0,0.028882027,1,717,636
0.28994083,0.9962191,0.0,0.99999994,0.99999994,0.99999994,0.0,0.0,0.9636164,0.72334766,0,1565,1875
0.2071006,0.9962191,0.0,0.99999994,0.0,0.99999994,0.0,0.0,0.55103016,0.048907757,0,408,826
0.23372781,0.9962191,0.0,0.99999994,0.0,0.99999994,0.0,0.0,0.55103016,0.30094194,1,1357,786
0.24852072,0.9962191,0.0,0.99999994,0.99999994,0.99999994,0.0,0.0,0.55103016,0.7511778,0,2012,1002
0.2514793,0.9962191,0.0,0.99999994,0.99999994,0.99999994,0.0,0.0,0.55103016,0.13100243,1,1028,1261
0.20118344,0.9962191,0.0,0.99999994,0.0,0.99999994,0.0,0.0,0.0,0.14200068,0,1421,286
0.2662722,0.9962191,0.0,0.99999994,0.99999994,0.99999994,0.0,0.0,0.55103016,0.6306963,1,1495,1318
0.2366864,0.9962191,0.0,0.99999994,0.99999994,0.99999994,0.0,0.0,0.55103016,0.6450896,0,2249,832
0.20118344,0.9962191,0.0,0.99999994,0.0,0.99999994,0.0,0.0,0.0,0.020648956,0,850,342
0.22485207,0.9962191,0.0,0.99999994,0.0,0.99999994,0.0,0.0,0.0,0.04469061,0,965,667
0.24556214,0.9962191,0.0,0.99999994,0.99999994,0.99999994,0.0,0.0,0.55103016,0.5839691,0,1630,976
0.28698224,0.9962191,0.0,0.99999994,0.99999994,0.99999994,0.0,0.0,0.55103016,0.71326256,0,1558,1738
0.21005918,0.9962191,0.0,0.99999994,0.0,0.99999994,0.0,0.0,0.0,0.3243041,0,1915,407
0.2366864,0.9962191,0.0,0.99999994,0.99999994,0.99999994,0.0,0.0,0.55103016,0.41330147,1,1481,859
0.26331362,0.9962191,0.0,0.99999994,0.99999994,0.99999994,0.0,0.0,0.55103016,0.5573187,0,1440,1275
0.25739646,0.9962191,0.0,0.99999994,0.99999994,0.99999994,0.0,0.0,0.55103016,0.36901426,1,1109,1753
0.18639053,0.9962191,0.0,0.99999994,0.0,0.99999994,0.0,0.0,0.55103016,0.049289227,0,21,1352
0.26035503,0.9962191,0.0,0.99999994,0.99999994,0.99999994,0.0,0.0,0.55103016,0.32120275,1,1169,1434
0.2366864,0.9962191,0.0,0.99999994,0.99999994,0.99999994,0.0,0.0,0.55103016,0.004450798,1,791,1249
0.2366864,0.9962191,0.0,0.99999994,0.99999994,0.99999994,0.0,0.0,0.55103016,0.0051670074,0,863,1060
0.22189349,0.9962191,0.0,0.99999994,0.0,0.99999994,0.0,0.0,0.0,0.053629875,1,987,610
0.29881656,0.9962191,0.0,0.99999994,0.99999994,0.99999994,0.0,0.0,0.55103016,0.9119072,1,2042,1755
0.22189349,0.9962191,0.0,0.99999994,0.99999994,0.99999994,0.0,0.0,0.55103016,0.021919727,0,608,1033
0.2071006,0.9962191,0.0,0.99999994,0.0,0.99999994,0.0,0.0,0.0,0.28233242,0,2046,340
0.20118344,0.9962191,0.0,0.99999994,0.0,0.99999994,0.0,0.0,0.55103016,0.045301437,0,298,988
0.18934911,0.9962191,0.0,0.99999994,0.0,0.99999994,0.0,0.0,0.0,0.12784147,0,168,214
0.21893491,0.9962191,0.0,0.99999994,0.99999994,0.99999994,0.0,0.0,0.55103016,0.016403675,0,535,1218
0.27514794,0.9962191,0.0,0.99999994,0.99999994,0.99999994,0.0,0.0,0.988744,0.5768852,0,1350,1883
0.2781065,0.9962191,0.0,0.99999994,0.99999994,0.99999994,0.0,0.0,0.980346,0.5925555,1,1382,1843
0.21893491,0.9962191,0.0,0.99999994,0.0,0.99999994,0.0,0.0,0.0,0.04374838,1,591,608
0.1923077,0.9962191,0.0,0.99999994,0.0,0.99999994,0.0,0.0,0.0,0.095112324,0,199,519
0.2366864,0.9962191,0.0,0.99999994,0.99999994,0.99999994,0.0,0.0,0.55103016,0.3629036,0,1424,833
0.30769232,0.9962191,0.0,0.99999994,0.99999994,0.99999994,0.0,0.0,0.8937565,0.8885441,1,1925,1888
0.19822486,0.9962191,0.0,0.99999994,0.0,0.99999994,0.0,0.0,0.0,0.02152729,0,851,292
0.18934911,0.9962191,0.0,0.99999994,0.0,0.99999994,0.0,0.0,0.0,0.102986336,0,1660,121
0.24260356,0.9962191,0.0,0.99999994,0.99999994,0.99999994,0.0,0.0,0.55103016,0.2870283,0,1266,947
0.22189349,0.9962191,0.0,0.99999994,0.0,0.99999994,0.0,0.0,0.0,0.06289673,1,1001,644
0.24556214,0.9962191,0.0,0.99999994,0.99999994,0.99999994,0.0,0.0,0.55103016,0.14177513,0,1070,995
0.23076923,0.9962191,0.0,0.99999994,0.0,0.99999994,0.0,0.0,0.55103016,0.2856679,1,1356,744
0.2662722,0.9962191,0.0,0.99999994,0.99999994,0.99999994,0.0,0.0,0.55103016,0.47759247,1,1244,1773
0.2366864,0.9962191,0.0,0.99999994,0.99999994,0.99999994,0.0,0.0,0.55103016,0.5441427,0,1679,846
0.23964497,0.9962191,0.0,0.99999994,0.99999994,0.99999994,0.0,0.0,0.55103016,0.22536182,1,810,1781
0.20118344,0.9962191,0.0,0.99999994,0.0,0.99999994,0.0,0.0,0.0,0.044558525,0,1015,309
0.1923077,0.9962191,0.0,0.99999994,0.0,0.99999994,0.0,0.0,0.55103016,0.07372379,1,169,782
0.2781065,0.9962191,0.0,0.99999994,0.99999994,0.99999994,0.0,0.0,0.98666435,0.61219454,1,1396,1910
0.20118344,0.9962191,0.0,0.99999994,0.0,0.99999994,0.0,0.0,0.0,0.22679186,0,1876,271
0.19822486,0.9962191,0.0,0.99999994,0.0,0.99999994,0.0,0.0,0.55103016,0.022943497,0,193,1308
0.2366864,0.9962191,0.0,0.99999994,0.99999994,0.99999994,0.0,0.0,0.55103016,0.110238075,0,1049,855
0.26035503,0.9962191,0.0,0.99999994,0.99999994,0.99999994,0.0,0.0,0.55103016,0.7882738,1,1695,1223
0.2928994,0.9962191,0.0,0.99999994,0.99999994,0.99999994,0.0,0.0,0.9586304,0.7529092,1,1608,1873
0.18934911,0.9962191,0.0,0.99999994,0.0,0.99999994,0.0,0.0,0.0,0.07278633,1,549,151
0.24556214,0.9962191,0.0,0.99999994,0.99999994,0.99999994,0.0,0.0,0.55103016,0.37709475,1,1364,988
0.28994083,0.9962191,0.0,0.99999994,0.99999994,0.99999994,0.0,0.0,0.55103016,0.92353773,0,1919,1612
0.1923077,0.9962191,0.0,0.99999994,0.0,0.99999994,0.0,0.0,0.55103016,0.07609129,0,184,742
0.18047337,0.9962191,0.0,0.99999994,0.0,0.99999994,0.0,0.0,0.0,0.1375699,0,14,338
0.22189349,0.9962191,0.0,0.99999994,0.0,0.99999994,0.0,0.0,0.0,0.0372324,0,614,694
0.26035503,0.9962191,0.0,0.99999994,0.99999994,0.99999994,0.0,0.0,0.55103016,0.4189968,1,1134,1850
0.1923077,0.9962191,0.0,0.99999994,0.0,0.99999994,0.0,0.0,0.0,0.084983826,1,147,687
0.19822486,0.9962191,0.0,0.99999994,0.0,0.99999994,0.0,0.0,0.55103016,0.23867893,0,192,1752
0.28698224,0.9962191,0.0,0.99999994,0.99999994,0.99999994,0.0,0.0,0.55103016,0.7083039,0,1549,1784
0.22189349,0.9962191,0.0,0.99999994,0.0,0.99999994,0.0,0.0,0.0,0.20017004,0,1272,622
0.1923077,0.9962191,0.0,0.99999994,0.0,0.99999994,0.0,0.0,0.0,0.09554863,1,225,479
0.18343195,0.9962191,0.0,0.99999994,0.0,0.99999994,0.0,0.0,0.0,0.1256051,1,250,94
0.27218935,0.9962191,0.0,0.99999994,0.99999994,0.99999994,0.0,0.0,0.55103016,0.9519148,0,1866,1357
0.1923077,0.9962191,0.0,0.99999994,0.0,0.99999994,0.0,0.0,0.55103016,0.2406578,0,102,1748
0.1923077,0.9962191,0.0,0.99999994,0.0,0.99999994,0.0,0.0,0.0,0.052957058,0,658,208
0.1923077,0.9962191,0.0,0.99999994,0.0,0.99999994,0.0,0.0,0.55103016,0.3216033,0,70,1910
0.26331362,0.9962191,0.0,0.99999994,0.99999994,0.99999994,0.0,0.0,0.55103016,0.38344145,1,1239,1409
0.18343195,0.9962191,0.0,0.99999994,0.0,0.99999994,0.0,0.0,0.0,0.14290857,1,92,181
0.23076923,0.9962191,0.0,0.99999994,0.0,0.99999994,0.0,0.0,0.55103016,0.3484645,1,1457,747
0.18934911,0.9962191,0.0,0.99999994,0.0,0.99999994,0.0,0.0,0.55103016,0.045267582,0,90,1126
0.18047337,0.9962191,0.0,0.99999994,0.0,0.99999994,0.0,0.0,0.0,0.13733292,1,210,38
0.23964497,0.9962191,0.0,0.99999994,0.99999994,0.99999994,0.0,0.0,0.55103016,0.21592236,1,820,1762
0.18639053,0.9962191,0.0,0.99999994,0.0,0.99999994,0.0,0.0,0.55103016,0.06304836,0,55,978
0.24556214,0.9962191,0.0,0.99999994,0.99999994,0.99999994,0.0,0.0,0.55103016,0.14510775,1,919,1583
0.2366864,0.9962191,0.0,0.99999994,0.99999994,0.99999994,0.0,0.0,0.55103016,0.00858593,0,871,845
0.23964497,0.9962191,0.0,0.99999994,0.99999994,0.99999994,0.0,0.0,0.55103016,0.6300082,0,1914,840
0.18639053,0.9962191,0.0,0.99999994,0.0,0.99999994,0.0,0.0,0.0,0.026789665,0,1012,81
0.23076923,0.9962191,0.0,0.99999994,0.0,0.99999994,0.0,0.0,0.55103016,0.2784543,0,1323,784
0.27218935,0.9962191,0.0,0.99999994,0.99999994,0.99999994,0.0,0.0,0.55103016,0.9772372,0,2158,1342
0.28402367,0.9962191,0.0,0.99999994,0.99999994,0.99999994,0.0,0.0,0.55103016,0.942832,1,2060,1536
0.22485207,0.9962191,0.0,0.99999994,0.0,0.99999994,0.0,0.0,0.0,0.47188234,0,1848,621
0.22485207,0.9962191,0.0,0.99999994,0.99999994,0.99999994,0.0,0.0,0.55103016,0.14045715,0,599,1584
0.23372781,0.9962191,0.0,0.99999994,0.0,0.99999994,0.0,0.0,0.55103016,0.5909939,0,2322,751
0.26331362,0.9962191,0.0,0.99999994,0.99999994,0.99999994,0.0,0.0,0.55103016,0.6237407,1,1499,1287
0.19822486,0.9962191,0.0,0.99999994,0.0,0.99999994,0.0,0.0,0.0,0.19574499,0,1816,230
0.24556214,0.9962191,0.0,0.99999994,0.99999994,0.99999994,0.0,0.0,0.55103016,0.09080458,1,946,1406
0.21005918,0.9962191,0.0,0.99999994,0.0,0.99999994,0.0,0.0,0.0,0.12248087,0,1212,421
0.18343195,0.9962191,0.0,0.99999994,0.0,0.99999994,0.0,0.0,0.0,0.14409685,1,150,75
0.2514793,0.9962191,0.0,0.99999994,0.99999994,0.99999994,0.0,0.0,0.55103016,0.32244778,0,1261,1091
0.21893491,0.9962191,0.0,0.99999994,0.0,0.99999994,0.0,0.0,0.0,0.041567802,1,575,686
0.25443786,0.9962191,0.0,0.99999994,0.99999994,0.99999994,0.0,0.0,0.55103016,0.7979126,0,1951,1074
0.19822486,0.9962191,0.0,0.99999994,0.0,0.99999994,0.0,0.0,0.55103016,0.1257205,0,197,1521
0.3698225,0.99773526,0.9935,0.99999994,0.99999994,0.99999994,0.0,0.0,0.8438267,0.9101324,0,2325,1866
0.2071006,0.9962191,0.0,0.99999994,0.0,0.99999994,0.0,0.0,0.0,0.03943777,0,685,451
0.2366864,0.9962191,0.0,0.99999994,0.99999994,0.99999994,0.0,0.0,0.55103016,0.022078514,1,785,1350
0.2662722,0.9962191,0.0,0.99999994,0.99999994,0.99999994,0.0,0.0,0.55103016,0.41166925,0,1266,1415
0.18934911,0.9962191,0.0,0.99999994,0.0,0.99999994,0.0,0.0,0.0,0.07230568,1,552,151
0.23964497,0.9962191,0.0,0.99999994,0.99999994,0.99999994,0.0,0.0,0.55103016,0.6675954,0,1798,905
0.3106509,0.9962191,0.0,0.99999994,0.99999994,0.99999994,0.0,0.0,0.8451117,0.8923464,0,2173,1940
0.24852072,0.9962191,0.0,0.99999994,0.99999994,0.99999994,0.0,0.0,0.55103016,0.2742877,1,978,1767
0.18343195,0.9962191,0.0,0.99999994,0.0,0.99999994,0.0,0.0,0.0,0.10107422,0,15,663
0.1923077,0.9962191,0.0,0.99999994,0.0,0.99999994,0.0,0.0,0.0,0.1458106,0,2408,132
0.24556214,0.9962191,0.0,0.99999994,0.99999994,0.99999994,0.0,0.0,0.55103016,0.20853615,1,1153,993
0.25739646,0.9962191,0.0,0.99999994,0.99999994,0.99999994,0.0,0.0,0.55103016,0.32138205,1,1106,1618
0.18934911,0.9962191,0.0,0.99999994,0.0,0.99999994,0.0,0.0,0.0,0.099509716,1,99,593
0.21005918,0.9962191,0.0,0.99999994,0.0,0.99999994,0.0,0.0,0.0,0.030279636,1,743,506
0.23372781,0.9962191,0.0,0.99999994,0.99999994,0.99999994,0.0,0.0,0.55103016,0.22634268,0,713,1774
0.30177516,0.9962191,0.0,0.99999994,0.99999994,0.99999994,0.0,0.0,0.55103016,0.9096122,1,2111,1798
0.21893491,0.9962191,0.0,0.99999994,0.0,0.99999994,0.0,0.0,0.0,0.022287846,1,925,572
0.28402367,0.9962191,0.0,0.99999994,0.99999994,0.99999994,0.0,0.0,0.90261066,0.96760607,0,2392,1522
0.21005918,0.9962191,0.0,0.99999994,0.0,0.99999994,0.0,0.0,0.0,0.06396675,1,421,586
0.2514793,0.9962191,0.0,0.99999994,0.99999994,0.99999994,0.0,0.0,0.55103016,0.22592306,0,1158,1063
0.24260356,0.9962191,0.0,0.99999994,0.99999994,0.99999994,0.0,0.0,0.55103016,0.1929264,1,1140,964
0.26923078,0.9962191,0.0,0.99999994,0.99999994,0.99999994,0.0,0.0,0.55103016,0.9424963,0,1793,1338
0.25443786,0.9962191,0.0,0.99999994,0.99999994,0.99999994,0.0,0.0,0.55103016,0.27027702,1,1077,1544
0.19526628,0.9962191,0.0,0.99999994,0.0,0.99999994,0.0,0.0,0.0,0.09024143,0,256,496
0.20118344,0.9962191,0.0,0.99999994,0.0,0.99999994,0.0,0.0,0.0,0.01871872,0,869,303
0.23076923,0.9962191,0.0,0.99999994,0.99999994,0.99999994,0.0,0.0,0.55103016,0.23847103,1,676,1796
0.2928994,0.9962191,0.0,0.99999994,0.99999994,0.99999994,0.0,0.0,0.957078,0.76995087,0,1633,1890
0.27218935,0.9962191,0.0,0.99999994,0.99999994,0.99999994,0.0,0.0,0.55103016,0.60097265,1,1458,1407
0.26035503,0.9962191,0.0,0.99999994,0.99999994,0.99999994,0.0,0.0,0.55103016,0.3561077,0,1175,1534
0.28698224,0.9962191,0.0,0.99999994,0.99999994,0.99999994,0.0,0.0,0.55103016,0.9380684,0,2050,1566
0.22781065,0.9962191,0.0,0.99999994,0.99999994,0.99999994,0.0,0.0,0.55103016,0.019890308,0,716,895
0.30473372,0.9962191,0.0,0.99999994,0.99999994,0.99999994,0.0,0.0,0.91843307,0.8818555,1,1829,1907
0.19822486,0.9962191,0.0,0.99999994,0.0,0.99999994,0.0,0.0,0.0,0.1861372,0,1704,246
0.28698224,0.9962191,0.0,0.99999994,0.99999994,0.99999994,0.0,0.0,0.55103016,0.92872524,0,1968,1596
0.2928994,0.9962191,0.0,0.99999994,0.99999994,0.99999994,0.0,0.0,0.55103016,0.9297724,1,2132,1663
0.22485207,0.9962191,0.0,0.99999994,0.0,0.99999994,0.0,0.0,0.0,0.4942441,0,2109,633
0.2071006,0.9962191,0.0,0.99999994,0.0,0.99999994,0.0,0.0,0.0,0.06939411,0,403,537
0.18047337,0.9962191,0.0,0.99999994,0.0,0.99999994,0.0,0.0,0.0,0.110477924,1,374,18
0.2928994,0.9962191,0.0,0.99999994,0.99999994,0.99999994,0.0,0.0,0.55103016,0.8145795,0,1687,1717
0.19822486,0.9962191,0.0,0.99999994,0.0,0.99999994,0.0,0.0,0.0,0.058526993,0,588,314
0.27218935,0.9962191,0.0,0.99999994,0.99999994,0.99999994,0.0,0.0,0.55103016,0.707633,1,1565,1411
0.18934911,0.9962191,0.0,0.99999994,0.0,0.99999994,0.0,0.0,0.55103016,0.07520437,1,131,802
0.2071006,0.9962191,0.0,0.99999994,0.0,0.99999994,0.0,0.0,0.0,0.052608967,1,582,450
0.22485207,0.9962191,0.0,0.99999994,0.99999994,0.99999994,0.0,0.0,0.55103016,0.017291069,0,668,1053
0.28698224,0.9962191,0.0,0.99999994,0.99999994,0.99999994,0.0,0.0,0.96884334,0.7126136,1,1547,1911
0.21597633,0.9962191,0.0,0.99999994,0.0,0.99999994,0.0,0.0,0.0,0.039779663,1,635,588
0.21301776,0.9962191,0.0,0.99999994,0.0,0.99999994,0.0,0.0,0.0,0.051119328,0,475,696
0.2662722,0.9962191,0.0,0.99999994,0.99999994,0.99999994,0.0,0.0,0.55103016,0.48513937,1,1270,1720
0.2810651,0.9962191,0.0,0.99999994,0.99999994,0.99999994,0.0,0.0,0.974721,0.63833714,1,1445,1853
0.21301776,0.9962191,0.0,0.99999994,0.0,0.99999994,0.0,0.0,0.0,0.0405159,1,651,528
0.2662722,0.9962191,0.0,0.99999994,0.99999994,0.99999994,0.0,0.0,0.55103016,0.6132827,1,1477,1335
0.2662722,0.9962191,0.0,0.99999994,0.99999994,0.99999994,0.0,0.0,0.55103016,0.8691263,1,1726,1301
0.21005918,0.9962191,0.0,0.99999994,0.0,0.99999994,0.0,0.0,0.0,0.06102991,1,455,572
0.21597633,0.9962191,0.0,0.99999994,0.0,0.99999994,0.0,0.0,0.0,0.047022343,0,538,655
0.27514794,0.9962191,0.0,0.99999994,0.99999994,0.99999994,0.0,0.0,0.55103016,0.77552366,1,1634,1465
0.2071006,0.9962191,0.0,0.99999994,0.0,0.99999994,0.0,0.0,0.0,0.056262493,1,550,458
0.22781065,0.9962191,0.0,0.99999994,0.0,0.99999994,0.0,0.0,0.0,0.2067523,1,1233,728
0.25739646,0.9962191,0.0,0.99999994,0.99999994,0.99999994,0.0,0.0,0.55103016,0.26101875,1,1144,1319
0.18639053,0.9962191,0.0,0.99999994,0.0,0.99999994,0.0,0.0,0.0,0.059669018,0,1947,31
0.26035503,0.9962191,0.0,0.99999994,0.99999994,0.99999994,0.0,0.0,0.55103016,0.33181286,1,1156,1511
0.22781065,0.9962191,0.0,0.99999994,0.0,0.99999994,0.0,0.0,0.0,0.13680649,1,1120,712
0.22781065,0.9962191,0.0,0.99999994,0.99999994,0.99999994,0.0,0.0,0.55103016,0.2772913,0,600,1870
0.24556214,0.9962191,0.0,0.99999994,0.99999994,0.99999994,0.0,0.0,0.55103016,0.707026,0,2021,939
0.26035503,0.9962191,0.0,0.99999994,0.99999994,0.99999994,0.0,0.0,0.55103016,0.8913913,1,1797,1226
0.1923077,0.9962191,0.0,0.99999994,0.0,0.99999994,0.0,0.0,0.0,0.096223354,1,226,470
0.21301776,0.9962191,0.0,0.99999994,0.0,0.99999994,0.0,0.0,0.0,0.33182812,0,1687,490
0.22189349,0.9962191,0.0,0.99999994,0.0,0.99999994,0.0,0.0,0.0,0.033678055,1,638,720
0.27218935,0.9962191,0.0,0.99999994,0.99999994,0.99999994,0.0,0.0,0.55103016,0.54493856,1,1400,1419
0.23372781,0.9962191,0.0,0.99999994,0.0,0.99999994,0.0,0.0,0.55103016,0.19421005,1,1183,810
0.28402367,0.9962191,0.0,0.99999994,0.99999994,0.99999994,0.0,0.0,0.55103016,0.69890594,0,1542,1699
0.25739646,0.9962191,0.0,0.99999994,0.99999994,0.99999994,0.0,0.0,0.55103016,0.24230051,0,1145,1216
0.2366864,0.9962191,0.0,0.99999994,0.99999994,0.99999994,0.0,0.0,0.55103016,0.1723957,1,1143,836
0.2781065,0.9962191,0.0,0.99999994,0.99999994,0.99999994,0.0,0.0,0.55103016,0.7291074,1,1585,1489
0.22485207,0.9962191,0.0,0.99999994,0.0,0.99999994,0.0,0.0,0.0,0.016074657,0,828,676
0.2514793,0.9962191,0.0,0.99999994,0.99999994,0.99999994,0.0,0.0,0.55103016,0.7460842,0,1750,1077
0.18639053,0.9962191,0.0,0.99999994,0.0,0.99999994,0.0,0.0,0.0,0.11457348,0,115,426
0.23076923,0.9962191,0.0,0.99999994,0.0,0.99999994,0.0,0.0,0.55103016,0.40858746,1,1557,745
0.30473372,0.9962191,0.0,0.99999994,0.99999994,0.99999994,0.0,0.0,0.8847006,0.8926048,1,1957,1868
0.18934911,0.9962191,0.0,0.99999994,0.0,0.99999994,0.0,0.0,0.0,0.042347908,0,1155,102
0.18639053,0.9962191,0.0,0.99999994,0.0,0.99999994,0.0,0.0,0.0,0.12521505,1,244,110
0.1923077,0.9962191,0.0,0.99999994,0.0,0.99999994,0.0,0.0,0.0,0.020143509,0,877,156
0.21005918,0.9962191,0.0,0.99999994,0.0,0.99999994,0.0,0.0,0.0,0.06151867,1,476,525
0.25443786,0.9962191,0.0,0.99999994,0.99999994,0.99999994,0.0,0.0,0.55103016,0.3432541,1,1042,1821
0.21005918,0.9962191,0.0,0.99999994,0.0,0.99999994,0.0,0.0,0.0,0.3179145,0,1833,403
0.25443786,0.9962191,0.0,0.99999994,0.99999994,0.99999994,0.0,0.0,0.55103016,0.17190361,1,1063,1306
0.2366864,0.9962191,0.0,0.99999994,0.99999994,0.99999994,0.0,0.0,0.55103016,0.579772,1,1715,863
0.2071006,0.9962191,0.0,0.99999994,0.0,0.99999994,0.0,0.0,0.55103016,0.11734152,0,365,1517
0.2662722,0.9962191,0.0,0.99999994,0.99999994,0.99999994,0.0,0.0,0.55103016,0.9228058,1,1911,1255
0.23964497,0.9962191,0.0,0.99999994,0.99999994,0.99999994,0.0,0.0,0.55103016,0.48150253,1,1558,887
0.22189349,0.9962191,0.0,0.99999994,0.0,0.99999994,0.0,0.0,0.0,0.025028706,0,738,685
0.19526628,0.9962191,0.0,0.99999994,0.0,0.99999994,0.0,0.0,0.55103016,0.031361103,0,144,1324
0.19822486,0.9962191,0.0,0.99999994,0.0,0.99999994,0.0,0.0,0.0,0.18964815,0,2205,202
0.23076923,0.9962191,0.0,0.99999994,0.0,0.99999994,0.0,0.0,0.55103016,0.13999939,1,1114,755
0.22781065,0.9962191,0.0,0.99999994,0.0,0.99999994,0.0,0.0,0.55103016,0.224092,0,1258,737
0.19822486,0.9962191,0.0,0.99999994,0.0,0.99999994,0.0,0.0,0.0,0.07758188,0,463,294
0.2662722,0.9962191,0.0,0.99999994,0.99999994,0.99999994,0.0,0.0,0.55103016,0.926496,1,1913,1260
0.18343195,0.9962191,0.0,0.99999994,0.0,0.99999994,0.0,0.0,0.0,0.030029297,0,1128,44
0.26035503,0.9962191,0.0,0.99999994,0.99999994,0.99999994,0.0,0.0,0.55103016,0.38514233,0,1130,1753
0.23964497,0.9962191,0.0,0.99999994,0.99999994,0.99999994,0.0,0.0,0.55103016,0.36123276,1,1388,894
0.26331362,0.9962191,0.0,0.99999994,0.99999994,0.99999994,0.0,0.0,0.55103016,0.3220935,1,1197,1338
0.23372781,0.9962191,0.0,0.99999994,0.0,0.99999994,0.0,0.0,0.55103016,0.09490204,1,1036,788
0.19526628,0.9962191,0.0,0.99999994,0.0,0.99999994,0.0,0.0,0.55103016,0.24661207,0,156,1765
0.23076923,0.9962191,0.0,0.99999994,0.0,0.99999994,0.0,0.0,0.55103016,0.34940767,1,1435,782
0.26331362,0.9962191,0.0,0.99999994,0.99999994,0.99999994,0.0,0.0,0.55103016,0.54309607,1,1427,1273
0.1923077,0.9962191,0.0,0.99999994,0.0,0.99999994,0.0,0.0,0.0,0.08406973,1,156,687
0.24852072,0.9962191,0.0,0.99999994,0.99999994,0.99999994,0.0,0.0,0.55103016,0.5717573,0,1582,1025
0.2810651,0.9962191,0.0,0.99999994,0.99999994,0.99999994,0.0,0.0,0.55103016,0.6578579,0,1486,1745
0.1923077,0.9962191,0.0,0.99999994,0.0,0.99999994,0.0,0.0,0.0,0.12879324,0,1918,130
0.2366864,0.9962191,0.0,0.99999994,0.99999994,0.99999994,0.0,0.0,0.55103016,0.65414,0,2407,831
0.0,0.0,0.0,0.0,0.0,0.0,0.0,0.0,0.0,0.02281189,0,1081,7
0.26331362,0.9962191,0.0,0.99999994,0.99999994,0.99999994,0.0,0.0,0.55103016,0.45646143,0,1159,1916
0.18343195,0.9962191,0.0,0.99999994,0.0,0.99999994,0.0,0.0,0.0,0.13734198,1,195,66
0.23372781,0.9962191,0.0,0.99999994,0.99999994,0.99999994,0.0,0.0,0.55103016,0.22404099,1,722,1770
0.26923078,0.9962191,0.0,0.99999994,0.99999994,0.99999994,0.0,0.0,0.55103016,1.0,0,2398,1320
0.19526628,0.9962191,0.0,0.99999994,0.0,0.99999994,0.0,0.0,0.0,0.113307,0,247,242
0.22189349,0.9962191,0.0,0.99999994,0.0,0.99999994,0.0,0.0,0.0,0.019477367,0,919,623
0.2810651,0.9962191,0.0,0.99999994,0.99999994,0.99999994,0.0,0.0,0.8954575,0.96290445,0,2306,1514
0.28994083,0.9962191,0.0,0.99999994,0.99999994,0.99999994,0.0,0.0,0.55103016,0.92069626,0,1931,1640
0.2810651,0.9962191,0.0,0.99999994,0.99999994,0.99999994,0.0,0.0,0.55103016,0.66025543,1,1500,1635
0.25739646,0.9962191,0.0,0.99999994,0.99999994,0.99999994,0.0,0.0,0.55103016,0.26808453,0,1114,1436
0.2810651,0.9962191,0.0,0.99999994,0.99999994,0.99999994,0.0,0.0,0.55103016,0.9056902,1,1779,1546
0.20118344,0.9962191,0.0,0.99999994,0.0,0.99999994,0.0,0.0,0.0,0.08323479,0,1153,322
0.26035503,0.9962191,0.0,0.99999994,0.99999994,0.99999994,0.0,0.0,0.55103016,0.86460876,0,1907,1173
0.21005918,0.9962191,0.0,0.99999994,0.0,0.99999994,0.0,0.0,0.0,0.063583374,1,444,552
0.21005918,0.9962191,0.0,0.99999994,0.0,0.99999994,0.0,0.0,0.55103016,0.02410078,0,407,1187
0.18934911,0.9962191,0.0,0.99999994,0.0,0.99999994,0.0,0.0,0.55103016,0.07556057,1,127,802
0.20118344,0.9962191,0.0,0.99999994,0.0,0.99999994,0.0,0.0,0.0,0.07891035,0,323,536
0.21893491,0.9962191,0.0,0.99999994,0.0,0.99999994,0.0,0.0,0.0,0.036623,0,956,562
0.1923077,0.9962191,0.0,0.99999994,0.0,0.99999994,0.0,0.0,0.0,0.04209423,0,727,215
0.295858,0.9962191,0.0,0.99999994,0.99999994,0.99999994,0.0,0.0,0.8548288,0.9249215,1,2202,1725
0.21005918,0.9962191,0.0,0.99999994,0.0,0.99999994,0.0,0.0,0.0,0.3488965,0,2280,419
0.19822486,0.9962191,0.0,0.99999994,0.0,0.99999994,0.0,0.0,0.0,0.19377995,0,2078,214
0.23372781,0.9962191,0.0,0.99999994,0.99999994,0.99999994,0.0,0.0,0.55103016,0.53405523,0,1682,826
0.2928994,0.9962191,0.0,0.99999994,0.99999994,0.99999994,0.0,0.0,0.8600255,0.930285,1,2189,1683
0.18639053,0.9962191,0.0,0.99999994,0.0,0.99999994,0.0,0.0,0.0,0.13868666,1,154,124
0.28402367,0.9962191,0.0,0.99999994,0.99999994,0.99999994,0.0,0.0,0.55103016,0.68829775,1,1528,1710
0.21597633,0.9962191,0.0,0.99999994,0.0,0.99999994,0.0,0.0,0.0,0.35991287,0,1714,517
0.24556214,0.9962191,0.0,0.99999994,0.99999994,0.99999994,0.0,0.0,0.55103016,0.67179966,1,1712,1012
0.19526628,0.9962191,0.0,0.99999994,0.0,0.99999994,0.0,0.0,0.0,0.15179157,0,1824,167
0.23372781,0.9962191,0.0,0.99999994,0.99999994,0.99999994,0.0,0.0,0.55103016,0.10880232,0,762,1531
0.18934911,0.9962191,0.0,0.99999994,0.0,0.99999994,0.0,0.0,0.0,0.10522747,0,336,173
0.22485207,0.9962191,0.0,0.99999994,0.99999994,0.99999994,0.0,0.0,0.55103016,0.01522541,0,684,1081
0.20414202,0.9962191,0.0,0.99999994,0.0,0.99999994,0.0,0.0,0.0,0.10240078,0,1208,340
0.2071006,0.9962191,0.0,0.99999994,0.0,0.99999994,0.0,0.0,0.0,0.031467915,0,751,437
0.22485207,0.9962191,0.0,0.99999994,0.99999994,0.99999994,0.0,0.0,0.55103016,0.01723671,0,656,1072
0.2928994,0.9962191,0.0,0.99999994,0.99999994,0.99999994,0.0,0.0,0.55103016,0.91765976,0,2010,1699
0.18343195,0.9962191,0.0,0.99999994,0.0,0.99999994,0.0,0.0,0.0,0.117033005,0,80,446
0.18639053,0.9962191,0.0,0.99999994,0.0,0.99999994,0.0,0.0,0.0,0.03772211,0,772,128
0.21005918,0.9962191,0.0,0.99999994,0.0,0.99999994,0.0,0.0,0.0,0.022911072,1,806,495
0.21005918,0.9962191,0.0,0.99999994,0.0,0.99999994,0.0,0.0,0.0,0.034894943,1,714,475
0.2366864,0.9962191,0.0,0.99999994,0.99999994,0.99999994,0.0,0.0,0.55103016,0.0045981407,1,788,1248
0.30473372,0.9962191,0.0,0.99999994,0.99999994,0.99999994,0.0,0.0,0.85588706,0.90050364,0,2070,1849
0.20414202,0.9962191,0.0,0.99999994,0.0,0.99999994,0.0,0.0,0.55103016,0.24189663,0,274,1766
0.18343195,0.9962191,0.0,0.99999994,0.0,0.99999994,0.0,0.0,0.0,0.087500095,1,480,91
0.24556214,0.9962191,0.0,0.99999994,0.99999994,0.99999994,0.0,0.0,0.55103016,0.37704563,1,1360,997
0.28402367,0.9962191,0.0,0.99999994,0.99999994,0.99999994,0.0,0.0,0.55103016,0.94092464,1,2026,1533
0.2514793,0.9962191,0.0,0.99999994,0.99999994,0.99999994,0.0,0.0,0.55103016,0.45610237,0,1416,1082
0.2662722,0.9962191,0.0,0.99999994,0.99999994,0.99999994,0.0,0.0,0.55103016,0.9173851,1,1905,1248
0.24260356,0.9962191,0.0,0.99999994,0.99999994,0.99999994,0.0,0.0,0.55103016,0.68012476,0,1968,906
0.22781065,0.9962191,0.0,0.99999994,0.0,0.99999994,0.0,0.0,0.0,0.543344,0,2337,684
0.26923078,0.9962191,0.0,0.99999994,0.99999994,0.99999994,0.0,0.0,0.55103016,0.9697013,0,2054,1336
0.2366864,0.9962191,0.0,0.99999994,0.0,0.99999994,0.0,0.0,0.55103016,0.6032791,0,1823,810
0.23372781,0.9962191,0.0,0.99999994,0.0,0.99999994,0.0,0.0,0.55103016,0.5779829,0,2210,742
0.26331362,0.9962191,0.0,0.99999994,0.99999994,0.99999994,0.0,0.0,0.55103016,0.3922329,0,1280,1275
0.19526628,0.9962191,0.0,0.99999994,0.0,0.99999994,0.0,0.0,0.0,0.08915663,0,231,543
0.2928994,0.9962191,0.0,0.99999994,0.99999994,0.99999994,0.0,0.0,0.8750025,0.94422865,0,2384,1667
0.25739646,0.9962191,0.0,0.99999994,0.99999994,0.99999994,0.0,0.0,0.55103016,0.35126543,1,1106,1707
0.28402367,0.9962191,0.0,0.99999994,0.99999994,0.99999994,0.0,0.0,0.55103016,0.9162197,0,1796,1587
0.22781065,0.9962191,0.0,0.99999994,0.0,0.99999994,0.0,0.0,0.0,0.205657,1,1232,726
0.30473372,0.9962191,0.0,0.99999994,0.99999994,0.99999994,0.0,0.0,0.84124935,0.90525484,0,2178,1852
0.22485207,0.9962191,0.0,0.99999994,0.0,0.99999994,0.0,0.0,0.0,0.254982,0,1344,675
0.20118344,0.9962191,0.0,0.99999994,0.0,0.99999994,0.0,0.0,0.0,0.23889828,0,1781,299
0.2662722,0.9962191,0.0,0.99999994,0.99999994,0.99999994,0.0,0.0,0.55103016,0.50788116,0,1233,1926
0.28698224,0.9962191,0.0,0.99999994,0.99999994,0.99999994,0.0,0.0,0.96791655,0.7193718,0,1557,1914
0.18343195,0.9962191,0.0,0.99999994,0.0,0.99999994,0.0,0.0,0.0,0.0873332,1,481,91
0.2810651,0.9962191,0.0,0.99999994,0.99999994,0.99999994,0.0,0.0,0.55103016,0.8801727,1,1750,1538
0.24556214,0.9962191,0.0,0.99999994,0.99999994,0.99999994,0.0,0.0,0.55103016,0.17065191,0,1107,988
0.18047337,0.9962191,0.0,0.99999994,0.0,0.99999994,0.0,0.0,0.0,0.17139721,0,28,14
0.20414202,0.9962191,0.0,0.99999994,0.0,0.99999994,0.0,0.0,0.55103016,0.17826033,0,308,1638
0.24260356,0.9962191,0.0,0.99999994,0.99999994,0.99999994,0.0,0.0,0.55103016,0.20473433,0,892,1745
0.18047337,0.9962191,0.0,0.99999994,0.0,0.99999994,0.0,0.0,0.0,0.1567688,0,92,47
0.18343195,0.9962191,0.0,0.99999994,0.0,0.99999994,0.0,0.0,0.0,0.15614843,0,76,79
0.23076923,0.9962191,0.0,0.99999994,0.99999994,0.99999994,0.0,0.0,0.55103016,0.0066432953,1,717,1271
0.24556214,0.9962191,0.0,0.99999994,0.99999994,0.99999994,0.0,0.0,0.55103016,0.22648811,1,1176,990
0.20414202,0.9962191,0.0,0.99999994,0.0,0.99999994,0.0,0.0,0.0,0.15254784,0,1348,369
0.18934911,0.9962191,0.0,0.99999994,0.0,0.99999994,0.0,0.0,0.0,0.071344376,1,558,151
0.25443786,0.9962191,0.0,0.99999994,0.99999994,0.99999994,0.0,0.0,0.55103016,0.33184433,0,1257,1139
0.24260356,0.9962191,0.0,0.99999994,0.99999994,0.99999994,0.0,0.0,0.55103016,0.68364763,1,1778,950
0.2071006,0.9962191,0.0,0.99999994,0.0,0.99999994,0.0,0.0,0.0,0.06645632,1,383,611
0.2071006,0.9962191,0.0,0.99999994,0.0,0.99999994,0.0,0.0,0.0,0.039692402,1,679,464
0.2928994,0.9962191,0.0,0.99999994,0.99999994,0.99999994,0.0,0.0,0.55103016,0.91296005,0,1889,1681
0.2781065,0.9962191,0.0,0.99999994,0.99999994,0.99999994,0.0,0.0,0.55103016,0.9417496,0,1880,1447
0.19526628,0.9962191,0.0,0.99999994,0.0,0.99999994,0.0,0.0,0.0,0.02408266,0,943,229
0.28402367,0.9962191,0.0,0.99999994,0.99999994,0.99999994,0.0,0.0,0.55103016,0.9295125,1,1907,1559
0.26331362,0.9962191,0.0,0.99999994,0.99999994,0.99999994,0.0,0.0,0.55103016,0.4240136,1,1215,1653
0.23076923,0.9962191,0.0,0.99999994,0.0,0.99999994,0.0,0.0,0.0,0.5422225,0,2035,706
0.19526628,0.9962191,0.0,0.99999994,0.0,0.99999994,0.0,0.0,0.55103016,0.19242287,0,142,1653
0.23964497,0.9962191,0.0,0.99999994,0.99999994,0.99999994,0.0,0.0,0.55103016,0.28205776,0,823,1902
0.18934911,0.9962191,0.0,0.99999994,0.0,0.99999994,0.0,0.0,0.0,0.07214546,1,553,151
0.24260356,0.9962191,0.0,0.99999994,0.99999994,0.99999994,0.0,0.0,0.55103016,0.036723614,1,918,1349
0.23964497,0.9962191,0.0,0.99999994,0.99999994,0.99999994,0.0,0.0,0.55103016,0.47593927,1,1551,886
0.28994083,0.9962191,0.0,0.99999994,0.99999994,0.99999994,0.0,0.0,0.55103016,0.92923594,0,2068,1639
0.98520714,0.9980764,0.99938416,0.99999994,0.99999994,0.99999994,0.0,0.0,0.8426138,0.89657974,1,2328,1955
0.27218935,0.9962191,0.0,0.99999994,0.99999994,0.99999994,0.0,0.0,0.55103016,0.74542665,0,1603,1418
0.1923077,0.9962191,0.0,0.99999994,0.0,0.99999994,0.0,0.0,0.0,0.102108,1,217,417
0.2514793,0.9962191,0.0,0.99999994,0.99999994,0.99999994,0.0,0.0,0.55103016,0.6097183,1,1594,1077
0.26923078,0.9962191,0.0,0.99999994,0.99999994,0.99999994,0.0,0.0,0.55103016,0.5103378,1,1299,1731
0.1923077,0.9962191,0.0,0.99999994,0.0,0.99999994,0.0,0.0,0.55103016,0.041505337,0,119,1148
0.26035503,0.9962191,0.0,0.99999994,0.99999994,0.99999994,0.0,0.0,0.55103016,0.39493513,1,1122,1802
0.24556214,0.9962191,0.0,0.99999994,0.99999994,0.99999994,0.0,0.0,0.55103016,0.71912384,0,2279,932
0.1923077,0.9962191,0.0,0.99999994,0.0,0.99999994,0.0,0.0,0.0,0.08385563,1,160,685
0.18639053,0.9962191,0.0,0.99999994,0.0,0.99999994,0.0,0.0,0.0,0.086939335,1,476,111
0.2514793,0.9962191,0.0,0.99999994,0.99999994,0.99999994,0.0,0.0,0.55103016,0.23298359,0,1040,1534
0.23964497,0.9962191,0.0,0.99999994,0.99999994,0.99999994,0.0,0.0,0.55103016,0.098584175,0,843,1516
0.2928994,0.9962191,0.0,0.99999994,0.99999994,0.99999994,0.0,0.0,0.8632346,0.9333215,0,2251,1687
0.2781065,0.9962191,0.0,0.99999994,0.99999994,0.99999994,0.0,0.0,0.9805587,0.5911374,1,1380,1843
0.28698224,0.9962191,0.0,0.99999994,0.99999994,0.99999994,0.0,0.0,0.88700056,0.9548912,0,2328,1576
0.28994083,0.9962191,0.0,0.99999994,0.99999994,0.99999994,0.0,0.0,0.55103016,0.88341427,0,1766,1653
0.2366864,0.9962191,0.0,0.99999994,0.99999994,0.99999994,0.0,0.0,0.55103016,0.0056943893,1,821,1318
0.21301776,0.9962191,0.0,0.99999994,0.0,0.99999994,0.0,0.0,0.0,0.040225983,1,659,512
0.22781065,0.9962191,0.0,0.99999994,0.99999994,0.99999994,0.0,0.0,0.55103016,0.24780893,0,617,1810
0.23076923,0.9962191,0.0,0.99999994,0.99999994,0.99999994,0.0,0.0,0.55103016,0.21904802,1,684,1756
0.21301776,0.9962191,0.0,0.99999994,0.0,0.99999994,0.0,0.0,0.55103016,0.16756296,0,451,1628
0.22485207,0.9962191,0.0,0.99999994,0.0,0.99999994,0.0,0.0,0.0,0.42744207,0,1666,665
0.18343195,0.9962191,0.0,0.99999994,0.0,0.99999994,0.0,0.0,0.0,0.12451601,1,255,97
0.2071006,0.9962191,0.0,0.99999994,0.0,0.99999994,0.0,0.0,0.0,0.061392784,0,411,640
0.24852072,0.9962191,0.0,0.99999994,0.99999994,0.99999994,0.0,0.0,0.55103016,0.57227564,0,1572,1042
0.19526628,0.9962191,0.0,0.99999994,0.0,0.99999994,0.0,0.0,0.0,0.16861391,0,2009,182
0.2662722,0.9962191,0.0,0.99999994,0.99999994,0.99999994,0.0,0.0,0.55103016,0.36413002,1,1240,1327
0.18343195,0.9962191,0.0,0.99999994,0.0,0.99999994,0.0,0.0,0.0,0.12261009,1,59,419
0.20118344,0.9962191,0.0,0.99999994,0.0,0.99999994,0.0,0.0,0.0,0.23469448,0,2199,265
0.21893491,0.9962191,0.0,0.99999994,0.0,0.99999994,0.0,0.0,0.0,0.06248665,0,1010,573
0.25739646,0.9962191,0.0,0.99999994,0.99999994,0.99999994,0.0,0.0,0.55103016,0.8406024,1,1860,1144
0.24556214,0.9962191,0.0,0.99999994,0.99999994,0.99999994,0.0,0.0,0.55103016,0.56580734,1,1587,1006
0.9023669,0.99758154,0.9840692,0.99999994,0.99999994,0.99999994,0.0,0.0,0.8427334,0.9023342,1,2358,1926
0.21301776,0.9962191,0.0,0.99999994,0.0,0.99999994,0.0,0.0,0.55103016,0.03365755,0,497,954
0.24556214,0.9962191,0.0,0.99999994,0.99999994,0.99999994,0.0,0.0,0.55103016,0.69117737,0,1755,988
0.2662722,0.9962191,0.0,0.99999994,0.99999994,0.99999994,0.0,0.0,0.55103016,0.48499155,0,1203,1914
0.22781065,0.9962191,0.0,0.99999994,0.0,0.99999994,0.0,0.0,0.0,0.5149169,0,2082,664
0.19822486,0.9962191,0.0,0.99999994,0.0,0.99999994,0.0,0.0,0.0,0.0459013,0,1037,262
0.2366864,0.9962191,0.0,0.99999994,0.99999994,0.99999994,0.0,0.0,0.55103016,0.18824673,1,814,1703
0.2781065,0.9962191,0.0,0.99999994,0.99999994,0.99999994,0.0,0.0,0.55103016,0.6364193,0,1468,1668
0.23076923,0.9962191,0.0,0.99999994,0.0,0.99999994,0.0,0.0,0.55103016,0.12633133,1,1093,750
0.2662722,0.9962191,0.0,0.99999994,0.99999994,0.99999994,0.0,0.0,0.55103016,0.92835665,1,1866,1268
0.30177516,0.9962191,0.0,0.99999994,0.99999994,0.99999994,0.0,0.0,0.55103016,0.90272856,1,2032,1819
1.0,0.99703676,0.9951021,0.99999994,0.99999994,0.99999994,0.0,0.0,0.8425503,0.89822817,1,2338,1947
0.2928994,0.9962191,0.0,0.99999994,0.99999994,0.99999994,0.0,0.0,0.9518492,0.7777238,1,1643,1833
0.2071006,0.9962191,0.0,0.99999994,0.0,0.99999994,0.0,0.0,0.55103016,0.020906448,0,346,1267
0.23964497,0.9962191,0.0,0.99999994,0.99999994,0.99999994,0.0,0.0,0.55103016,0.4677682,0,1539,887
0.2662722,0.9962191,0.0,0.99999994,0.99999994,0.99999994,0.0,0.0,0.55103016,0.41680145,1,1262,1454
0.23076923,0.9962191,0.0,0.99999994,0.99999994,0.99999994,0.0,0.0,0.55103016,0.0107011795,0,767,1070
0.28402367,0.9962191,0.0,0.99999994,0.99999994,0.99999994,0.0,0.0,0.55103016,0.94167423,1,2037,1533
0.18934911,0.9962191,0.0,0.99999994,0.0,0.99999994,0.0,0.0,0.0,0.1177907,1,181,300
0.1923077,0.9962191,0.0,0.99999994,0.0,0.99999994,0.0,0.0,0.0,0.101005554,0,335,230
0.23964497,0.99646115,0.9961945,0.99999994,0.99999994,0.99999994,0.0,0.0,0.55103016,0.30267143,0,798,1943
0.23964497,0.9962191,0.0,0.99999994,0.99999994,0.99999994,0.0,0.0,0.55103016,0.22527266,1,812,1781
0.21005918,0.9962191,0.0,0.99999994,0.0,0.99999994,0.0,0.0,0.0,0.1952362,0,1385,453
0.2071006,0.9962191,0.0,0.99999994,0.0,0.99999994,0.0,0.0,0.0,0.2311287,0,1571,387
0.295858,0.9962191,0.0,0.99999994,0.99999994,0.99999994,0.0,0.0,0.8567178,0.92684984,0,2200,1711
0.18639053,0.9962191,0.0,0.99999994,0.0,0.99999994,0.0,0.0,0.0,0.10991287,0,131,452
0.24556214,0.9962191,0.0,0.99999994,0.99999994,0.99999994,0.0,0.0,0.55103016,0.20862007,1,929,1704
0.20118344,0.9962191,0.0,0.99999994,0.0,0.99999994,0.0,0.0,0.55103016,0.034420967,0,274,1138
0.2928994,0.9962191,0.0,0.99999994,0.99999994,0.99999994,0.0,0.0,0.95819664,0.7798991,0,1649,1932
0.23076923,0.9962191,0.0,0.99999994,0.0,0.99999994,0.0,0.0,0.55103016,0.32575512,0,1398,782
0.25739646,0.9962191,0.0,0.99999994,0.99999994,0.99999994,0.0,0.0,0.55103016,0.36430264,1,1140,1662
0.24260356,0.9962191,0.0,0.99999994,0.99999994,0.99999994,0.0,0.0,0.55103016,0.6914196,0,2219,899
0.2928994,0.9962191,0.0,0.99999994,0.99999994,0.99999994,0.0,0.0,0.8573808,0.92781496,1,2142,1681
0.19526628,0.9964473,0.9918481,0.99999994,0.0,0.99999994,0.0,0.0,0.55103016,0.18181658,0,162,1633
0.1923077,0.9962191,0.0,0.99999994,0.0,0.99999994,0.0,0.0,0.0,0.12612009,0,2359,107
0.21597633,0.9962191,0.0,0.99999994,0.0,0.99999994,0.0,0.0,0.0,0.046916008,0,566,600
0.18639053,0.9962191,0.0,0.99999994,0.0,0.99999994,0.0,0.0,0.0,0.10587311,0,365,102
0.83431953,0.9987197,0.99340445,0.99999994,0.99999994,0.99999994,0.0,0.0,0.8430015,0.9047804,1,2249,1878
0.2928994,0.9962191,0.0,0.99999994,0.99999994,0.99999994,0.0,0.0,0.55103016,0.91601324,0,1941,1681
0.24556214,0.9962191,0.0,0.99999994,0.99999994,0.99999994,0.0,0.0,0.55103016,0.39113998,0,1388,974
0.28698224,0.9962191,0.0,0.99999994,0.99999994,0.99999994,0.0,0.0,0.55103016,0.7349472,0,1587,1693
0.18343195,0.9962191,0.0,0.99999994,0.0,0.99999994,0.0,0.0,0.0,0.1167202,1,38,498
0.0,0.0,0.0,0.0,0.0,0.0,0.0,0.0,0.55103016,0.07637215,0,2,893
0.19526628,0.9962191,0.0,0.99999994,0.0,0.99999994,0.0,0.0,0.55103016,0.04146862,0,202,1102
0.295858,0.9962191,0.0,0.99999994,0.99999994,0.99999994,0.0,0.0,0.55103016,0.91189957,1,2000,1738
0.24556214,0.9962191,0.0,0.99999994,0.99999994,0.99999994,0.0,0.0,0.55103016,0.714376,0,2229,930
0.26035503,0.9962191,0.0,0.99999994,0.99999994,0.99999994,0.0,0.0,0.55103016,0.3952818,1,1132,1780
0.20118344,0.9962191,0.0,0.99999994,0.0,0.99999994,0.0,0.0,0.55103016,0.03916216,0,280,1077
0.2514793,0.9962191,0.0,0.99999994,0.99999994,0.99999994,0.0,0.0,0.55103016,0.49216747,1,1465,1066
0.23372781,0.9962191,0.0,0.99999994,0.99999994,0.99999994,0.0,0.0,0.55103016,0.012896061,0,819,848
0.21597633,0.9962191,0.0,0.99999994,0.0,0.99999994,0.0,0.0,0.0,0.053607464,1,522,568
0.2366864,0.9962191,0.0,0.99999994,0.99999994,0.99999994,0.0,0.0,0.55103016,0.2623644,0,778,1856
0.18343195,0.9962191,0.0,0.99999994,0.0,0.99999994,0.0,0.0,0.0,0.12176561,0,282,76
0.25443786,0.9962191,0.0,0.99999994,0.99999994,0.99999994,0.0,0.0,0.55103016,0.7843704,0,1861,1064
0.24556214,0.9962191,0.0,0.99999994,0.99999994,0.99999994,0.0,0.0,0.55103016,0.1574769,1,950,1549
0.2810651,0.9962191,0.0,0.99999994,0.99999994,0.99999994,0.0,0.0,0.55103016,0.8606062,1,1728,1532
0.30769232,0.9962191,0.0,0.99999994,0.99999994,0.99999994,0.0,0.0,0.8767808,0.88645554,0,2005,1931
0.2366864,0.9962191,0.0,0.99999994,0.99999994,0.99999994,0.0,0.0,0.55103016,0.07962179,1,1005,856
0.20118344,0.9962191,0.0,0.99999994,0.0,0.99999994,0.0,0.0,0.0,0.01682806,0,909,294
0.28402367,0.9962191,0.0,0.99999994,0.99999994,0.99999994,0.0,0.0,0.55103016,0.9332242,0,1889,1520
0.26035503,0.9962191,0.0,0.99999994,0.99999994,0.99999994,0.0,0.0,0.55103016,0.87383366,0,1972,1179
0.20414202,0.9962191,0.0,0.99999994,0.0,0.99999994,0.0,0.0,0.0,0.2249732,0,1583,368
0.25443786,0.9962191,0.0,0.99999994,0.99999994,0.99999994,0.0,0.0,0.55103016,0.18364859,1,1074,1307
0.21597633,0.9962191,0.0,0.99999994,0.99999994,0.99999994,0.0,0.0,0.55103016,0.03299141,0,530,923
0.24260356,0.9962191,0.0,0.99999994,0.99999994,0.99999994,0.0,0.0,0.55103016,0.22812986,1,1195,928
0.20118344,0.9962191,0.0,0.99999994,0.0,0.99999994,0.0,0.0,0.55103016,0.16279316,0,246,1601
0.22189349,0.9962191,0.0,0.99999994,0.99999994,0.99999994,0.0,0.0,0.55103016,0.055443764,0,594,1406
0.2662722,0.9962191,0.0,0.99999994,0.99999994,0.99999994,0.0,0.0,0.55103016,0.527874,1,1398,1314
0.1923077,0.9962191,0.0,0.99999994,0.0,0.99999994,0.0,0.0,0.0,0.08313084,0,148,705
0.22781065,0.9962191,0.0,0.99999994,0.0,0.99999994,0.0,0.0,0.0,0.5259638,0,2377,657
0.22485207,0.9962191,0.0,0.99999994,0.99999994,0.99999994,0.0,0.0,0.55103016,0.02818346,0,635,1352
0.21597633,0.9962191,0.0,0.99999994,0.0,0.99999994,0.0,0.0,0.0,0.04926014,1,540,610
0.30473372,0.9962191,0.0,0.99999994,0.99999994,0.99999994,0.0,0.0,0.87778765,0.89500856,0,1983,1859
0.19526628,0.9962191,0.0,0.99999994,0.0,0.99999994,0.0,0.0,0.0,0.025702477,0,957,191
0.1923077,0.9962191,0.0,0.99999994,0.0,0.99999994,0.0,0.0,0.0,0.12485981,0,1652,160
0.21005918,0.9962191,0.0,0.99999994,0.0,0.99999994,0.0,0.0,0.0,0.03132677,1,733,511
0.28402367,0.9962191,0.0,0.99999994,0.99999994,0.99999994,0.0,0.0,0.55103016,0.93026686,1,1928,1564
0.2662722,0.9962191,0.0,0.99999994,0.99999994,0.99999994,0.0,0.0,0.55103016,0.44049597,1,1272,1516
0.23964497,0.9962191,0.0,0.99999994,0.99999994,0.99999994,0.0,0.0,0.55103016,0.48275614,0,1564,881
0.26035503,0.9962191,0.0,0.99999994,0.99999994,0.99999994,0.0,0.0,0.55103016,0.3903818,0,1122,1788
0.23964497,0.9962191,0.0,0.99999994,0.99999994,0.99999994,0.0,0.0,0.55103016,0.38626766,1,1418,902
0.2781065,0.9962191,0.0,0.99999994,0.99999994,0.99999994,0.0,0.0,0.55103016,0.60173225,0,1451,1478
0.23372781,0.9962191,0.0,0.99999994,0.0,0.99999994,0.0,0.0,0.55103016,0.0678606,0,993,799
0.2662722,0.9962191,0.0,0.99999994,0.99999994,0.99999994,0.0,0.0,0.55103016,0.9340601,1,1928,1269
0.2928994,0.9962191,0.0,0.99999994,0.99999994,0.99999994,0.0,0.0,0.55103016,0.917716,0,1970,1681
0.23076923,0.9962191,0.0,0.99999994,0.0,0.99999994,0.0,0.0,0.55103016,0.34348392,1,1427,780
0.19526628,0.9962191,0.0,0.99999994,0.0,0.99999994,0.0,0.0,0.0,0.094902515,0,1345,202
0.26923078,0.9962191,0.0,0.99999994,0.99999994,0.99999994,0.0,0.0,0.55103016,0.45793295,0,1304,1457
0.19822486,0.9962191,0.0,0.99999994,0.0,0.99999994,0.0,0.0,0.0,0.21445799,0,2315,231
0.24556214,0.9962191,0.0,0.99999994,0.99999994,0.99999994,0.0,0.0,0.55103016,0.20332909,1,1147,991
0.30177516,0.9962191,0.0,0.99999994,0.99999994,0.99999994,0.0,0.0,0.55103016,0.89731693,1,1876,1800
0.24852072,0.9962191,0.0,0.99999994,0.99999994,0.99999994,0.0,0.0,0.55103016,0.07907438,0,976,1286
0.18639053,0.9962191,0.0,0.99999994,0.0,0.99999994,0.0,0.0,0.0,0.13865662,1,153,126
0.26923078,0.9962191,0.0,0.99999994,0.99999994,0.99999994,0.0,0.0,0.55103016,0.50280285,0,1240,1887
0.21893491,0.9962191,0.0,0.99999994,0.0,0.99999994,0.0,0.0,0.0,0.1431899,0,1182,570
0.19822486,0.9962191,0.0,0.99999994,0.0,0.99999994,0.0,0.0,0.0,0.07611036,0,1156,280
0.20414202,0.9962191,0.0,0.99999994,0.0,0.99999994,0.0,0.0,0.55103016,0.04240465,0,349,980
0.18047337,0.9962191,0.0,0.99999994,0.0,0.99999994,0.0,0.0,0.0,0.13916922,1,9,330
0.295858,0.9962191,0.0,0.99999994,0.99999994,0.99999994,0.0,0.0,0.85428834,0.92442036,1,2214,1733
0.19526628,0.9962191,0.0,0.99999994,0.0,0.99999994,0.0,0.0,0.0,0.07264757,0,1186,230
0.27218935,0.9962191,0.0,0.99999994,0.99999994,0.99999994,0.0,0.0,0.55103016,0.53513384,1,1372,1530
0.18639053,0.9962191,0.0,0.99999994,0.0,0.99999994,0.0,0.0,0.0,0.05217552,0,682,133
0.26035503,0.9962191,0.0,0.99999994,0.99999994,0.99999994,0.0,0.0,0.55103016,0.38483047,0,1139,1730
0.19822486,0.9962191,0.0,0.99999994,0.0,0.99999994,0.0,0.0,0.55103016,0.022550106,0,202,1309
0.18639053,0.9962191,0.0,0.99999994,0.0,0.99999994,0.0,0.0,0.0,0.059896946,0,1457,74
0.26331362,0.9962191,0.0,0.99999994,0.99999994,0.99999994,0.0,0.0,0.55103016,0.9157443,0,1814,1256
0.23372781,0.9962191,0.0,0.99999994,0.99999994,0.99999994,0.0,0.0,0.55103016,0.008790493,0,805,1056
0.28994083,0.9962191,0.0,0.99999994,0.99999994,0.99999994,0.0,0.0,0.8709717,0.9405613,0,2297,1657
0.18934911,0.9962191,0.0,0.99999994,0.0,0.99999994,0.0,0.0,0.0,0.11012268,1,176,389
0.24260356,0.9962191,0.0,0.99999994,0.99999994,0.99999994,0.0,0.0,0.55103016,0.1582408,0,887,1646
0.21597633,0.9962191,0.0,0.99999994,0.0,0.99999994,0.0,0.0,0.0,0.28085995,0,1515,530
0.25443786,0.9962191,0.0,0.99999994,0.99999994,0.99999994,0.0,0.0,0.55103016,0.4626727,1,1402,1131
0.2928994,0.9962191,0.0,0.99999994,0.99999994,0.99999994,0.0,0.0,0.55103016,0.92246866,1,2028,1671
0.20414202,0.9962191,0.0,0.99999994,0.0,0.99999994,0.0,0.0,0.55103016,0.062452316,1,330,738
0.19822486,0.9962191,0.0,0.99999994,0.0,0.99999994,0.0,0.0,0.0,0.21948624,0,2414,233
0.2071006,0.9962191,0.0,0.99999994,0.0,0.99999994,0.0,0.0,0.55103016,0.027147293,0,367,1171
0.2366864,0.9962191,0.0,0.99999994,0.99999994,0.99999994,0.0,0.0,0.55103016,0.020936012,1,921,837
0.23964497,0.9962191,0.0,0.99999994,0.99999994,0.99999994,0.0,0.0,0.55103016,0.12706852,0,864,1578
0.18934911,0.9962191,0.0,0.99999994,0.0,0.99999994,0.0,0.0,0.0,0.0990715,1,102,594
0.24556214,0.9962191,0.0,0.99999994,0.99999994,0.99999994,0.0,0.0,0.55103016,0.7126212,0,1820,966
0.22189349,0.9962191,0.0,0.99999994,0.0,0.99999994,0.0,0.0,0.0,0.00982666,0,895,635
0.21005918,0.9962191,0.0,0.99999994,0.0,0.99999994,0.0,0.0,0.55103016,0.13021278,0,395,1546
0.18934911,0.9962191,0.0,0.99999994,0.0,0.99999994,0.0,0.0,0.0,0.09668875,0,106,613
0.2781065,0.9962191,0.0,0.99999994,0.99999994,0.99999994,0.0,0.0,0.55103016,0.86020565,1,1724,1486
0.2810651,0.9962191,0.0,0.99999994,0.99999994,0.99999994,0.0,0.0,0.97942996,0.63204384,1,1431,1882
0.21301776,0.9962191,0.0,0.99999994,0.0,0.99999994,0.0,0.0,0.0,0.023655891,1,790,540
0.24556214,0.9962191,0.0,0.99999994,0.99999994,0.99999994,0.0,0.0,0.55103016,0.060344696,1,958,1286
0.18639053,0.9962191,0.0,0.99999994,0.0,0.99999994,0.0,0.0,0.0,0.108356,1,126,474
0.26035503,0.9962191,0.0,0.99999994,0.99999994,0.99999994,0.0,0.0,0.55103016,0.8154783,0,1711,1241
0.18639053,0.9962191,0.0,0.99999994,0.0,0.99999994,0.0,0.0,0.55103016,0.04513502,0,6,1167
0.28402367,0.9962191,0.0,0.99999994,0.99999994,0.99999994,0.0,0.0,0.55103016,0.6699257,1,1494,1818
0.30177516,0.9962191,0.0,0.99999994,0.99999994,0.99999994,0.0,0.0,0.9291927,0.86860704,1,1775,1867
0.23372781,0.9962191,0.0,0.99999994,0.99999994,0.99999994,0.0,0.0,0.55103016,0.22924614,1,744,1783
0.1923077,0.9962191,0.0,0.99999994,0.0,0.99999994,0.0,0.0,0.0,0.112977505,0,1552,165
0.2810651,0.9962191,0.0,0.99999994,0.99999994,0.99999994,0.0,0.0,0.55103016,0.62596273,1,1436,1802
0.28698224,0.9962191,0.0,0.99999994,0.99999994,0.99999994,0.0,0.0,0.55103016,0.84875345,0,1723,1636
0.2662722,0.9962191,0.0,0.99999994,0.99999994,0.99999994,0.0,0.0,0.55103016,0.48363113,1,1252,1773
0.2366864,0.9962191,0.0,0.99999994,0.99999994,0.99999994,0.0,0.0,0.55103016,0.5520296,1,1686,851
0.18343195,0.9962191,0.0,0.99999994,0.0,0.99999994,0.0,0.0,0.0,0.12619114,1,247,93
0.20414202,0.9962191,0.0,0.99999994,0.0,0.99999994,0.0,0.0,0.0,0.07681513,0,396,443
0.18047337,0.9962191,0.0,0.99999994,0.0,0.99999994,0.0,0.0,0.0,0.10943842,1,382,13
0.23964497,0.9962191,0.0,0.99999994,0.99999994,0.99999994,0.0,0.0,0.55103016,0.01035738,1,865,1331
0.18639053,0.9962191,0.0,0.99999994,0.0,0.99999994,0.0,0.0,0.55103016,0.07791567,0,5,1409
0.2071006,0.9962191,0.0,0.99999994,0.0,0.99999994,0.0,0.0,0.55103016,0.23515224,0,339,1758
0.30473372,0.9962191,0.0,0.99999994,0.99999994,0.99999994,0.0,0.0,0.9257786,0.880054,1,1797,1899
0.1923077,0.9962191,0.0,0.99999994,0.0,0.99999994,0.0,0.0,0.0,0.123671055,1,197,211
0.18934911,0.9962191,0.0,0.99999994,0.0,0.99999994,0.0,0.0,0.55103016,0.07564926,1,126,802
0.25739646,0.9962191,0.0,0.99999994,0.99999994,0.99999994,0.0,0.0,0.55103016,0.3507104,1,1114,1686
0.2514793,0.9962191,0.0,0.99999994,0.99999994,0.99999994,0.0,0.0,0.55103016,0.5928836,1,1563,1097
0.28402367,0.9962191,0.0,0.99999994,0.99999994,0.99999994,0.0,0.0,0.55103016,0.68783426,0,1525,1742
0.22781065,0.9962191,0.0,0.99999994,0.0,0.99999994,0.0,0.0,0.0,0.2837801,1,1361,730
0.26035503,0.9962191,0.0,0.99999994,0.99999994,0.99999994,0.0,0.0,0.55103016,0.8528447,0,1781,1193
0.18343195,0.9962191,0.0,0.99999994,0.0,0.99999994,0.0,0.0,0.0,0.061172485,0,636,98
0.2366864,0.9962191,0.0,0.99999994,0.99999994,0.99999994,0.0,0.0,0.55103016,0.4331441,0,1504,867
0.23076923,0.9962191,0.0,0.99999994,0.0,0.99999994,0.0,0.0,0.55103016,0.4067216,1,1549,751
0.21005918,0.9962191,0.0,0.99999994,0.0,0.99999994,0.0,0.0,0.0,0.063785076,1,450,538
0.23964497,0.9962191,0.0,0.99999994,0.99999994,0.99999994,0.0,0.0,0.55103016,0.6438203,1,1775,895
0.23372781,0.9962191,0.0,0.99999994,0.99999994,0.99999994,0.0,0.0,0.55103016,0.29359102,0,710,1915
0.25739646,0.9962191,0.0,0.99999994,0.99999994,0.99999994,0.0,0.0,0.55103016,0.40898228,0,1101,1889
0.2810651,0.9962191,0.0,0.99999994,0.99999994,0.99999994,0.0,0.0,0.55103016,0.8465252,1,1713,1538
0.26923078,0.9962191,0.0,0.99999994,0.99999994,0.99999994,0.0,0.0,0.55103016,0.83202124,1,1688,1363
0.25739646,0.9962191,0.0,0.99999994,0.99999994,0.99999994,0.0,0.0,0.55103016,0.76776505,0,1718,1155
0.28994083,0.9962191,0.0,0.99999994,0.99999994,0.99999994,0.0,0.0,0.55103016,0.75358725,1,1610,1709
0.2662722,0.9962191,0.0,0.99999994,0.99999994,0.99999994,0.0,0.0,0.55103016,0.5973692,0,1463,1322
0.2514793,0.9962191,0.0,0.99999994,0.99999994,0.99999994,0.0,0.0,0.55103016,0.756165,0,1774,1061
0.2366864,0.9962191,0.0,0.99999994,0.99999994,0.99999994,0.0,0.0,0.55103016,0.007121563,1,901,848
0.20118344,0.9962191,0.0,0.99999994,0.0,0.99999994,0.0,0.0,0.0,0.19466066,0,1563,321
0.20414202,0.9962191,0.0,0.99999994,0.0,0.99999994,0.0,0.0,0.0,0.061457157,1,349,727
0.19526628,0.9962191,0.0,0.99999994,0.0,0.99999994,0.0,0.0,0.55103016,0.18715286,0,163,1644
0.23964497,0.9962191,0.0,0.99999994,0.99999994,0.99999994,0.0,0.0,0.55103016,0.47640896,0,1540,903
0.2662722,0.9962191,0.0,0.99999994,0.99999994,0.99999994,0.0,0.0,0.55103016,0.63603497,1,1509,1291
0.2781065,0.9962191,0.0,0.99999994,0.99999994,0.99999994,0.0,0.0,0.9817515,0.6035857,1,1393,1865
0.9704142,0.9984301,0.9994485,0.99999994,0.99999994,0.99999994,0.0,0.0,0.84263444,0.89653873,1,2327,1955
0.26035503,0.9962191,0.0,0.99999994,0.99999994,0.99999994,0.0,0.0,0.55103016,0.87519026,0,2036,1174
0.28994083,0.9962191,0.0,0.99999994,0.99999994,0.99999994,0.0,0.0,0.55103016,0.9102583,1,1800,1660
0.25443786,0.9962191,0.0,0.99999994,0.99999994,0.99999994,0.0,0.0,0.55103016,0.23846102,1,1099,1392
0.23372781,0.9962191,0.0,0.99999994,0.99999994,0.99999994,0.0,0.0,0.55103016,0.19870806,0,769,1721
0.28402367,0.9962191,0.0,0.99999994,0.99999994,0.99999994,0.0,0.0,0.55103016,0.93950367,1,2013,1537
0.23076923,0.9962191,0.0,0.99999994,0.99999994,0.99999994,0.0,0.0,0.55103016,0.0145487785,0,742,997
0.23372781,0.9962191,0.0,0.99999994,0.99999994,0.99999994,0.0,0.0,0.55103016,0.007894516,0,812,1075
0.18934911,0.9962191,0.0,0.99999994,0.0,0.99999994,0.0,0.0,0.0,0.06229973,0,608,173
0.2514793,0.9962191,0.0,0.99999994,0.99999994,0.99999994,0.0,0.0,0.55103016,0.78658676,0,2253,1028
0.21301776,0.9962191,0.0,0.99999994,0.0,0.99999994,0.0,0.0,0.0,0.052653313,1,478,666
0.28402367,0.9962191,0.0,0.99999994,0.99999994,0.99999994,0.0,0.0,0.55103016,0.9428997,1,2061,1536
0.19822486,0.9962191,0.0,0.99999994,0.0,0.99999994,0.0,0.0,0.55103016,0.037673473,0,259,1109
0.25443786,0.9962191,0.0,0.99999994,0.99999994,0.99999994,0.0,0.0,0.55103016,0.80226755,1,1933,1082
0.18639053,0.9962191,0.0,0.99999994,0.0,0.99999994,0.0,0.0,0.0,0.040076733,0,1255,57
0.24852072,0.9962191,0.0,0.99999994,0.99999994,0.99999994,0.0,0.0,0.55103016,0.09560013,0,1011,1016
0.22781065,0.9962191,0.0,0.99999994,0.0,0.99999994,0.0,0.0,0.0,0.15814638,1,1154,720
0.75443786,0.9977776,0.9657697,0.99999994,0.99999994,0.99999994,0.0,0.0,0.842994,0.8964896,1,2311,1951
0.556213,0.9992716,0.9994119,0.99999994,0.99999994,0.99999994,0.0,0.0,0.843794,0.8976822,0,2216,1916
0.24556214,0.9962191,0.0,0.99999994,0.99999994,0.99999994,0.0,0.0,0.55103016,0.046458244,0,948,1138
0.1923077,0.9962191,0.0,0.99999994,0.0,0.99999994,0.0,0.0,0.0,0.08489418,1,145,690
0.2366864,0.9962191,0.0,0.99999994,0.99999994,0.99999994,0.0,0.0,0.55103016,0.18240023,0,1156,842
0.2928994,0.9962191,0.0,0.99999994,0.99999994,0.99999994,0.0,0.0,0.55103016,0.92520094,1,2107,1685
0.18343195,0.9962191,0.0,0.99999994,0.0,0.99999994,0.0,0.0,0.0,0.13032341,1,240,59
0.2071006,0.9962191,0.0,0.99999994,0.0,0.99999994,0.0,0.0,0.0,0.070040226,0,1075,387
0.24260356,0.9962191,0.0,0.99999994,0.99999994,0.99999994,0.0,0.0,0.55103016,0.13180113,1,906,1579
0.70710063,0.9990175,0.9931032,0.99999994,0.99999994,0.99999994,0.0,0.0,0.8433626,0.9029994,1,2279,1899
0.23372781,0.9962191,0.0,0.99999994,0.99999994,0.99999994,0.0,0.0,0.55103016,0.025565624,1,928,817
0.21005918,0.9962191,0.0,0.99999994,0.0,0.99999994,0.0,0.0,0.0,0.3062415,0,1922,381
0.18639053,0.9962191,0.0,0.99999994,0.0,0.99999994,0.0,0.0,0.0,0.12240982,1,260,112
0.23964497,0.9962191,0.0,0.99999994,0.99999994,0.99999994,0.0,0.0,0.55103016,0.22608662,1,815,1783
0.22485207,0.9962191,0.0,0.99999994,0.0,0.99999994,0.0,0.0,0.0,0.47161436,0,1728,681
0.2514793,0.9962191,0.0,0.99999994,0.99999994,0.99999994,0.0,0.0,0.55103016,0.42392492,0,1384,1071
0.29881656,0.9964742,0.9683355,0.99999994,0.99999994,0.99999994,0.0,0.0,0.85245395,0.9249201,0,2379,1788
0.20414202,0.9962191,0.0,0.99999994,0.0,0.99999994,0.0,0.0,0.55103016,0.051154137,0,330,884
0.23372781,0.9962191,0.0,0.99999994,0.99999994,0.99999994,0.0,0.0,0.55103016,0.20768547,1,1197,829
0.21005918,0.9962191,0.0,0.99999994,0.0,0.99999994,0.0,0.0,0.0,0.2962246,0,1697,426
0.30177516,0.9965516,0.9801646,0.99999994,0.99999994,0.99999994,0.0,0.0,0.84759045,0.9208288,0,2382,1815
0.18047337,0.9962191,0.0,0.99999994,0.0,0.99999994,0.0,0.0,0.0,0.103069305,1,416,19
0.23076923,0.9962191,0.0,0.99999994,0.99999994,0.99999994,0.0,0.0,0.55103016,0.03565836,0,722,1374
0.30769232,0.9962191,0.0,0.99999994,0.99999994,0.99999994,0.0,0.0,0.8918532,0.8850093,1,1941,1921
0.23964497,0.9962191,0.0,0.99999994,0.99999994,0.99999994,0.0,0.0,0.55103016,0.23233175,0,813,1796
0.25739646,0.9962191,0.0,0.99999994,0.99999994,0.99999994,0.0,0.0,0.55103016,0.32456446,1,1117,1599
0.22781065,0.9962191,0.0,0.99999994,0.0,0.99999994,0.0,0.0,0.0,0.31068373,0,1406,730
0.30769232,0.9962191,0.0,0.99999994,0.99999994,0.99999994,0.0,0.0,0.9150078,0.8797822,0,1849,1931
0.18343195,0.9962191,0.0,0.99999994,0.0,0.99999994,0.0,0.0,0.0,0.08699989,1,483,91
0.18934911,0.9962191,0.0,0.99999994,0.0,0.99999994,0.0,0.0,0.0,0.070085526,0,559,172
0.18934911,0.9962191,0.0,0.99999994,0.0,0.99999994,0.0,0.0,0.55103016,0.04980135,0,128,1060
0.21005918,0.9962191,0.0,0.99999994,0.0,0.99999994,0.0,0.0,0.0,0.23964357,0,1514,444
0.23076923,0.9962191,0.0,0.99999994,0.99999994,0.99999994,0.0,0.0,0.55103016,0.31028605,0,660,1945
0.24556214,0.9962191,0.0,0.99999994,0.99999994,0.99999994,0.0,0.0,0.55103016,0.56953335,1,1587,1013
0.21005918,0.9962191,0.0,0.99999994,0.0,0.99999994,0.0,0.0,0.55103016,0.025125504,0,372,1327
0.28698224,0.9962191,0.0,0.99999994,0.99999994,0.99999994,0.0,0.0,0.55103016,0.73273087,1,1583,1739
0.23964497,0.9962191,0.0,0.99999994,0.99999994,0.99999994,0.0,0.0,0.55103016,0.54999447,1,1656,883
0.22485207,0.9962191,0.0,0.99999994,0.0,0.99999994,0.0,0.0,0.0,0.15120268,0,1152,689
0.28402367,0.9962191,0.0,0.99999994,0.99999994,0.99999994,0.0,0.0,0.55103016,0.92739344,0,1851,1546
0.23372781,0.9962191,0.0,0.99999994,0.0,0.99999994,0.0,0.0,0.55103016,0.5633693,0,1837,752
0.24852072,0.9962191,0.0,0.99999994,0.99999994,0.99999994,0.0,0.0,0.55103016,0.34921026,1,1311,1035
0.23076923,0.9962191,0.0,0.99999994,0.99999994,0.99999994,0.0,0.0,0.55103016,0.1863842,0,735,1692
0.25443786,0.9962191,0.0,0.99999994,0.99999994,0.99999994,0.0,0.0,0.55103016,0.6693802,0,1628,1130
0.23076923,0.9962191,0.0,0.99999994,0.0,0.99999994,0.0,0.0,0.55103016,0.0152812,0,812,775
0.24852072,0.9962191,0.0,0.99999994,0.99999994,0.99999994,0.0,0.0,0.55103016,0.33103085,1,1294,1022
0.24852072,0.9962191,0.0,0.99999994,0.99999994,0.99999994,0.0,0.0,0.55103016,0.086410046,1,983,1287
0.23372781,0.9962191,0.0,0.99999994,0.99999994,0.99999994,0.0,0.0,0.55103016,0.034018517,1,769,1374
0.18639053,0.9962191,0.0,0.99999994,0.0,0.99999994,0.0,0.0,0.0,0.12893915,1,123,272
0.24852072,0.9962191,0.0,0.99999994,0.99999994,0.99999994,0.0,0.0,0.55103016,0.26432657,1,966,1765
0.7662722,1.0000001,0.99579275,0.99999994,0.99999994,0.99999994,0.0,0.0,0.8433702,0.903162,1,2286,1900
0.23372781,0.9962191,0.0,0.99999994,0.99999994,0.99999994,0.0,0.0,0.55103016,0.5118952,1,1650,825
0.24852072,0.9962191,0.0,0.99999994,0.99999994,0.99999994,0.0,0.0,0.55103016,0.6635747,1,1693,1024
0.2928994,0.9962191,0.0,0.99999994,0.99999994,0.99999994,0.0,0.0,0.86522603,0.9353676,1,2223,1662
0.2781065,0.9962191,0.0,0.99999994,0.99999994,0.99999994,0.0,0.0,0.55103016,0.947979,0,1954,1441
0.18639053,0.9962191,0.0,0.99999994,0.0,0.99999994,0.0,0.0,0.0,0.0669055,0,2132,34
0.26923078,0.9962191,0.0,0.99999994,0.99999994,0.99999994,0.0,0.0,0.55103016,0.9502306,0,1858,1300
0.24260356,0.9962191,0.0,0.99999994,0.99999994,0.99999994,0.0,0.0,0.55103016,0.2619362,0,869,1864
0.30177516,0.9962191,0.0,0.99999994,0.99999994,0.99999994,0.0,0.0,0.8413975,0.9111104,1,2197,1818
0.26331362,0.9962191,0.0,0.99999994,0.99999994,0.99999994,0.0,0.0,0.55103016,0.39623785,1,1212,1558
0.2366864,0.9962191,0.0,0.99999994,0.99999994,0.99999994,0.0,0.0,0.55103016,0.5532613,1,1694,844
0.2662722,0.9962191,0.0,0.99999994,0.99999994,0.99999994,0.0,0.0,0.55103016,0.38349438,1,1253,1351
0.28698224,0.9962191,0.0,0.99999994,0.99999994,0.99999994,0.0,0.0,0.87770855,0.94706583,0,2268,1602
0.2514793,0.9962191,0.0,0.99999994,0.99999994,0.99999994,0.0,0.0,0.55103016,0.6006408,1,1580,1083
0.21893491,0.9962191,0.0,0.99999994,0.0,0.99999994,0.0,0.0,0.0,0.040500164,0,609,635
0.2662722,0.9962191,0.0,0.99999994,0.99999994,0.99999994,0.0,0.0,0.55103016,0.5435109,1,1417,1300
0.24852072,0.9962191,0.0,0.99999994,0.99999994,0.99999994,0.0,0.0,0.55103016,0.7664113,0,2358,990
0.26331362,0.9962191,0.0,0.99999994,0.99999994,0.99999994,0.0,0.0,0.55103016,0.44302893,1,1228,1685
0.2071006,0.9962191,0.0,0.99999994,0.0,0.99999994,0.0,0.0,0.55103016,0.04154682,0,407,934
0.22781065,0.9962191,0.0,0.99999994,0.0,0.99999994,0.0,0.0,0.0,0.5458431,0,2382,684
0.19526628,0.9962191,0.0,0.99999994,0.0,0.99999994,0.0,0.0,0.0,0.07598066,0,218,707
0.18343195,0.9962191,0.0,0.99999994,0.0,0.99999994,0.0,0.0,0.0,0.10131216,1,43,634
0.18639053,0.9962191,0.0,0.99999994,0.0,0.99999994,0.0,0.0,0.0,0.07425642,0,2139,44
0.2928994,0.9962191,0.0,0.99999994,0.99999994,0.99999994,0.0,0.0,0.55103016,0.8284435,0,1706,1737
0.24260356,0.9962191,0.0,0.99999994,0.99999994,0.99999994,0.0,0.0,0.55103016,0.59534264,1,1663,951
0.21597633,0.9962191,0.0,0.99999994,0.0,0.99999994,0.0,0.0,0.55103016,0.22125149,0,458,1740
0.26035503,0.9962191,0.0,0.99999994,0.99999994,0.99999994,0.0,0.0,0.55103016,0.4051609,1,1132,1811
0.2071006,0.9962191,0.0,0.99999994,0.0,0.99999994,0.0,0.0,0.0,0.018970013,0,854,398
0.1923077,0.9962191,0.0,0.99999994,0.0,0.99999994,0.0,0.0,0.0,0.106898785,0,1918,99
0.1923077,0.9962191,0.0,0.99999994,0.0,0.99999994,0.0,0.0,0.0,0.08467436,1,151,686
0.18343195,0.9962191,0.0,0.99999994,0.0,0.99999994,0.0,0.0,0.0,0.1325593,1,56,330
0.27514794,0.9962191,0.0,0.99999994,0.99999994,0.99999994,0.0,0.0,0.55103016,0.5890393,0,1397,1745
0.24852072,0.9962191,0.0,0.99999994,0.99999994,0.99999994,0.0,0.0,0.55103016,0.68293047,1,1694,1054
0.2366864,0.9962191,0.0,0.99999994,0.99999994,0.99999994,0.0,0.0,0.55103016,0.5362344,1,1659,856
0.23964497,0.9962191,0.0,0.99999994,0.99999994,0.99999994,0.0,0.0,0.55103016,0.6480131,1,1777,899
0.23076923,0.9962191,0.0,0.99999994,0.0,0.99999994,0.0,0.0,0.55103016,0.47285986,1,1629,781
0.23372781,0.9962191,0.0,0.99999994,0.0,0.99999994,0.0,0.0,0.55103016,0.5930257,0,2088,773
0.2514793,0.9962191,0.0,0.99999994,0.99999994,0.99999994,0.0,0.0,0.55103016,0.6962843,1,1698,1070
0.24556214,0.9962191,0.0,0.99999994,0.99999994,0.99999994,0.0,0.0,0.55103016,0.22809792,1,1178,990
0.26923078,0.9962191,0.0,0.99999994,0.99999994,0.99999994,0.0,0.0,0.55103016,0.5108738,0,1297,1741
0.21597633,0.9962191,0.0,0.99999994,0.0,0.99999994,0.0,0.0,0.55103016,0.017167091,0,481,1244
0.18934911,0.9962191,0.0,0.99999994,0.0,0.99999994,0.0,0.0,0.0,0.07182503,1,555,151
0.2781065,0.9962191,0.0,0.99999994,0.99999994,0.99999994,0.0,0.0,0.55103016,0.9406004,1,1846,1436
0.20118344,0.9962191,0.0,0.99999994,0.0,0.99999994,0.0,0.0,0.55103016,0.049296856,0,303,934
0.20118344,0.9962191,0.0,0.99999994,0.0,0.99999994,0.0,0.0,0.55103016,0.038900375,0,290,1073
0.18343195,0.9962191,0.0,0.99999994,0.0,0.99999994,0.0,0.0,0.0,0.10192013,0,26,645
0.24556214,0.9962191,0.0,0.99999994,0.99999994,0.99999994,0.0,0.0,0.55103016,0.08442783,1,931,1425
0.27514794,0.9962191,0.0,0.99999994,0.99999994,0.99999994,0.0,0.0,0.55103016,0.66557693,1,1521,1437
0.23964497,0.9962191,0.0,0.99999994,0.99999994,0.99999994,0.0,0.0,0.55103016,0.21674061,1,1187,903
0.30177516,0.9962191,0.0,0.99999994,0.99999994,0.99999994,0.0,0.0,0.8444944,0.9146056,1,2217,1801
0.18343195,0.9962191,0.0,0.99999994,0.0,0.99999994,0.0,0.0,0.0,0.1296506,1,49,366
0.2514793,0.9962191,0.0,0.99999994,0.99999994,0.99999994,0.0,0.0,0.55103016,0.3096285,1,1012,1791
0.1923077,0.9962191,0.0,0.99999994,0.0,0.99999994,0.0,0.0,0.0,0.15440893,0,2404,144
0.2514793,0.9962191,0.0,0.99999994,0.99999994,0.99999994,0.0,0.0,0.55103016,0.33084202,0,965,1922
0.21893491,0.9962191,0.0,0.99999994,0.0,0.99999994,0.0,0.0,0.0,0.41330004,0,2090,521
0.2781065,0.9962191,0.0,0.99999994,0.99999994,0.99999994,0.0,0.0,0.55103016,0.9400573,1,1842,1438
0.20118344,0.9962191,0.0,0.99999994,0.0,0.99999994,0.0,0.0,0.0,0.085799694,0,346,409
0.22485207,0.9962191,0.0,0.99999994,0.0,0.99999994,0.0,0.0,0.0,0.12042427,1,1106,657
0.23372781,0.9962191,0.0,0.99999994,0.99999994,0.99999994,0.0,0.0,0.55103016,0.0077028275,0,814,1078
0.24852072,0.9962191,0.0,0.99999994,0.99999994,0.99999994,0.0,0.0,0.55103016,0.10950041,0,972,1389
0.23076923,0.9962191,0.0,0.99999994,0.0,0.99999994,0.0,0.0,0.55103016,0.0085783005,1,886,769
0.27218935,0.9962191,0.0,0.99999994,0.99999994,0.99999994,0.0,0.0,0.55103016,0.5022497,1,1341,1505
0.28994083,0.9962191,0.0,0.99999994,0.99999994,0.99999994,0.0,0.0,0.55103016,0.77330065,0,1634,1658
0.18934911,0.9962191,0.0,0.99999994,0.0,0.99999994,0.0,0.0,0.0,0.08715534,0,446,184
0.19822486,0.9962191,0.0,0.99999994,0.0,0.99999994,0.0,0.0,0.0,0.03226185,0,770,326
0.20414202,0.9962191,0.0,0.99999994,0.0,0.99999994,0.0,0.0,0.0,0.052204132,0,1027,361
0.18047337,0.9962191,0.0,0.99999994,0.0,0.99999994,0.0,0.0,0.0,0.12100506,1,30,468
0.2781065,0.9962191,0.0,0.99999994,0.99999994,0.99999994,0.0,0.0,0.55103016,0.8583183,1,1722,1486
0.24556214,0.9962191,0.0,0.99999994,0.99999994,0.99999994,0.0,0.0,0.55103016,0.6300788,0,1670,1000
0.2928994,0.9962191,0.0,0.99999994,0.99999994,0.99999994,0.0,0.0,0.95709586,0.7789798,1,1647,1913
0.22189349,0.9962191,0.0,0.99999994,0.0,0.99999994,0.0,0.0,0.0,0.3156619,0,1481,641
0.18343195,0.9962191,0.0,0.99999994,0.0,0.99999994,0.0,0.0,0.0,0.13186836,1,214,91
0.2514793,0.9962191,0.0,0.99999994,0.99999994,0.99999994,0.0,0.0,0.55103016,0.2816944,1,1047,1647
0.22189349,0.9962191,0.0,0.99999994,0.99999994,0.99999994,0.0,0.0,0.55103016,0.23951721,0,524,1784
0.1923077,0.9962191,0.0,0.99999994,0.0,0.99999994,0.0,0.0,0.0,0.11514759,1,191,313
0.26331362,0.9962191,0.0,0.99999994,0.99999994,0.99999994,0.0,0.0,0.55103016,0.84055185,0,1706,1289
0.18047337,0.9962191,0.0,0.99999994,0.0,0.99999994,0.0,0.0,0.0,0.11867094,1,46,471
0.2810651,0.9962191,0.0,0.99999994,0.99999994,0.99999994,0.0,0.0,0.55103016,0.8867307,1,1756,1526
0.2662722,0.9962191,0.0,0.99999994,0.99999994,0.99999994,0.0,0.0,0.55103016,0.9775424,0,2297,1288
0.1923077,0.9962191,0.0,0.99999994,0.0,0.99999994,0.0,0.0,0.0,0.12084103,1,216,210
0.26035503,0.9962191,0.0,0.99999994,0.99999994,0.99999994,0.0,0.0,0.55103016,0.41387796,1,1149,1799
0.21301776,0.9962191,0.0,0.99999994,0.0,0.99999994,0.0,0.0,0.0,0.05354786,1,541,529
0.25739646,0.9962191,0.0,0.99999994,0.99999994,0.99999994,0.0,0.0,0.55103016,0.3418007,0,1116,1654
0.2366864,0.9962191,0.0,0.99999994,0.99999994,0.99999994,0.0,0.0,0.55103016,0.29064703,0,1302,868
0.2662722,0.9962191,0.0,0.99999994,0.99999994,0.99999994,0.0,0.0,0.55103016,0.9289355,1,1917,1263
0.29881656,0.9962191,0.0,0.99999994,0.99999994,0.99999994,0.0,0.0,0.55103016,0.91136456,1,2099,1781
0.22189349,0.9962191,0.0,0.99999994,0.0,0.99999994,0.0,0.0,0.0,0.010363102,1,890,635
0.22189349,0.9962191,0.0,0.99999994,0.0,0.99999994,0.0,0.0,0.0,0.09136391,0,1059,624
0.21597633,0.9962191,0.0,0.99999994,0.0,0.99999994,0.0,0.0,0.55103016,0.041526318,0,471,1368
0.24556214,0.9962191,0.0,0.99999994,0.99999994,0.99999994,0.0,0.0,0.55103016,0.20462608,1,955,1647
0.295858,0.9962191,0.0,0.99999994,0.99999994,0.99999994,0.0,0.0,0.55103016,0.91078424,1,1906,1706
0.26331362,0.9962191,0.0,0.99999994,0.99999994,0.99999994,0.0,0.0,0.55103016,0.69663477,0,1569,1287
0.19822486,0.9962191,0.0,0.99999994,0.0,0.99999994,0.0,0.0,0.55103016,0.06816292,0,248,763
0.2366864,0.9962191,0.0,0.99999994,0.99999994,0.99999994,0.0,0.0,0.55103016,0.20375347,0,784,1733
0.26035503,0.9962191,0.0,0.99999994,0.99999994,0.99999994,0.0,0.0,0.55103016,0.7911444,1,1688,1239
0.18639053,0.9962191,0.0,0.99999994,0.0,0.99999994,0.0,0.0,0.0,0.08634186,1,480,110
0.25443786,0.9962191,0.0,0.99999994,0.99999994,0.99999994,0.0,0.0,0.55103016,0.31468058,0,1014,1800
0.26331362,0.9962191,0.0,0.99999994,0.99999994,0.99999994,0.0,0.0,0.55103016,0.67698765,0,1555,1277
0.22781065,0.9962191,0.0,0.99999994,0.99999994,0.99999994,0.0,0.0,0.55103016,0.19727516,0,647,1707
0.24260356,0.9962191,0.0,0.99999994,0.99999994,0.99999994,0.0,0.0,0.55103016,0.02853918,1,899,1372
0.18343195,0.9962191,0.0,0.99999994,0.0,0.99999994,0.0,0.0,0.0,0.022332668,0,1050,9
0.28994083,0.9962191,0.0,0.99999994,0.99999994,0.99999994,0.0,0.0,0.8619555,0.9328661,1,2141,1645
0.18343195,0.9962191,0.0,0.99999994,0.0,0.99999994,0.0,0.0,0.0,0.026154041,0,1201,10
0.2514793,0.9962191,0.0,0.99999994,0.99999994,0.99999994,0.0,0.0,0.55103016,0.23779964,1,1027,1577
0.8224852,0.9977489,0.97995716,0.99999994,0.99999994,0.99999994,0.0,0.0,0.8433694,0.9027171,1,2293,1905
0.19822486,0.9962191,0.0,0.99999994,0.0,0.99999994,0.0,0.0,0.0,0.2132349,0,1723,282
0.23964497,0.9962191,0.0,0.99999994,0.99999994,0.99999994,0.0,0.0,0.55103016,0.29724407,0,1294,909
0.22485207,0.9962191,0.0,0.99999994,0.0,0.99999994,0.0,0.0,0.0,0.009305954,1,897,655
0.18934911,0.9962191,0.0,0.99999994,0.0,0.99999994,0.0,0.0,0.55103016,0.07456255,1,136,804
0.18343195,0.9962191,0.0,0.99999994,0.0,0.99999994,0.0,0.0,0.0,0.023989677,0,1039,29
0.30769232,0.9962191,0.0,0.99999994,0.99999994,0.99999994,0.0,0.0,0.8435042,0.8969064,0,2159,1904
0.2662722,0.9962191,0.0,0.99999994,0.99999994,0.99999994,0.0,0.0,0.55103016,0.5045104,0,1234,1910
0.18343195,0.9962191,0.0,0.99999994,0.0,0.99999994,0.0,0.0,0.0,0.13207388,1,67,320
0.23076923,0.9962191,0.0,0.99999994,0.99999994,0.99999994,0.0,0.0,0.55103016,0.21353626,1,712,1747
0.26331362,0.9962191,0.0,0.99999994,0.99999994,0.99999994,0.0,0.0,0.55103016,0.43632412,1,1227,1662
0.21597633,0.9962191,0.0,0.99999994,0.0,0.99999994,0.0,0.0,0.0,0.40264797,0,2181,500
0.22189349,0.9962191,0.0,0.99999994,0.0,0.99999994,0.0,0.0,0.0,0.4578004,0,2393,562
0.2662722,0.9962191,0.0,0.99999994,0.99999994,0.99999994,0.0,0.0,0.55103016,0.95654345,0,2127,1278
0.28402367,0.9962191,0.0,0.99999994,0.99999994,0.99999994,0.0,0.0,0.55103016,0.68509626,1,1528,1655
0.28402367,0.9962191,0.0,0.99999994,0.99999994,0.99999994,0.0,0.0,0.55103016,0.94249153,1,2045,1531
0.19822486,0.9962191,0.0,0.99999994,0.0,0.99999994,0.0,0.0,0.55103016,0.07987976,0,196,1427
0.19526628,0.9962191,0.0,0.99999994,0.0,0.99999994,0.0,0.0,0.55103016,0.26765823,0,123,1805
0.22485207,0.9962191,0.0,0.99999994,0.0,0.99999994,0.0,0.0,0.0,0.48089933,0,2127,613
0.26923078,0.9962191,0.0,0.99999994,0.99999994,0.99999994,0.0,0.0,0.55103016,0.44070864,0,1291,1435
0.20414202,0.9962191,0.0,0.99999994,0.0,0.99999994,0.0,0.0,0.0,0.2785139,0,2307,320
0.18047337,0.9962191,0.0,0.99999994,0.0,0.99999994,0.0,0.0,0.0,0.12858915,0,40,387
0.21893491,0.9962191,0.0,0.99999994,0.0,0.99999994,0.0,0.0,0.55103016,0.23485279,0,510,1773
0.2781065,0.9962191,0.0,0.99999994,0.99999994,0.99999994,0.0,0.0,0.55103016,0.62301016,1,1467,1540
0.24556214,0.9962191,0.0,0.99999994,0.99999994,0.99999994,0.0,0.0,0.55103016,0.6496515,1,1708,982
0.21893491,0.9962191,0.0,0.99999994,0.99999994,0.99999994,0.0,0.0,0.55103016,0.13996649,0,539,1578
0.25739646,0.9962191,0.0,0.99999994,0.99999994,0.99999994,0.0,0.0,0.55103016,0.3098054,0,1126,1529
0.22189349,0.9962191,0.0,0.99999994,0.0,0.99999994,0.0,0.0,0.0,0.4502616,0,2059,575
0.2781065,0.9962191,0.0,0.99999994,0.99999994,0.99999994,0.0,0.0,0.55103016,0.7055292,0,1560,1488
0.23076923,0.9962191,0.0,0.99999994,0.99999994,0.99999994,0.0,0.0,0.55103016,0.0064635277,1,719,1274
0.21005918,0.9962191,0.0,0.99999994,0.0,0.99999994,0.0,0.0,0.0,0.32975626,0,1745,451
0.30473372,0.9962191,0.0,0.99999994,0.99999994,0.99999994,0.0,0.0,0.83988726,0.90471125,1,2137,1842
0.2071006,0.9962191,0.0,0.99999994,0.0,0.99999994,0.0,0.0,0.0,0.06492281,1,425,565
0.26035503,0.9962191,0.0,0.99999994,0.99999994,0.99999994,0.0,0.0,0.55103016,0.88762236,0,2236,1170
0.26035503,0.9962191,0.0,0.99999994,0.99999994,0.99999994,0.0,0.0,0.55103016,0.4227605,1,1127,1877
0.2514793,0.9962191,0.0,0.99999994,0.99999994,0.99999994,0.0,0.0,0.55103016,0.6874342,0,1685,1074
0.29881656,0.9962191,0.0,0.99999994,0.99999994,0.99999994,0.0,0.0,0.55103016,0.8955655,0,1811,1787
0.2928994,0.9962191,0.0,0.99999994,0.99999994,0.99999994,0.0,0.0,0.55103016,0.9072137,0,1818,1694
0.19526628,0.9962191,0.0,0.99999994,0.0,0.99999994,0.0,0.0,0.55103016,0.1299572,0,163,1527
0.22485207,0.9962191,0.0,0.99999994,0.0,0.99999994,0.0,0.0,0.0,0.13417912,1,1129,665
0.21005918,0.9962191,0.0,0.99999994,0.0,0.99999994,0.0,0.0,0.0,0.036356926,1,696,496
0.2366864,0.9962191,0.0,0.99999994,0.99999994,0.99999994,0.0,0.0,0.55103016,0.1871295,1,818,1701
0.24260356,0.9962191,0.0,0.99999994,0.99999994,0.99999994,0.0,0.0,0.55103016,0.21435785,1,877,1764
0.26923078,0.9962191,0.0,0.99999994,0.99999994,0.99999994,0.0,0.0,0.9943518,0.52098227,1,1275,1862
0.26331362,0.9962191,0.0,0.99999994,0.99999994,0.99999994,0.0,0.0,0.55103016,0.90527964,0,2066,1213
0.23076923,0.9962191,0.0,0.99999994,0.0,0.99999994,0.0,0.0,0.55103016,0.43636608,1,1592,757
0.2071006,0.9962191,0.0,0.99999994,0.0,0.99999994,0.0,0.0,0.0,0.06828213,0,421,522
0.2781065,0.9962191,0.0,0.99999994,0.99999994,0.99999994,0.0,0.0,0.55103016,0.87144184,1,1737,1499
0.26923078,0.9962191,0.0,0.99999994,0.99999994,0.99999994,0.0,0.0,0.55103016,0.504828,1,1296,1716
0.22189349,0.9962191,0.0,0.99999994,0.0,0.99999994,0.0,0.0,0.0,0.44703007,0,2122,566
0.1923077,0.9962191,0.0,0.99999994,0.0,0.99999994,0.0,0.0,0.55103016,0.06337881,0,176,885
0.23372781,0.9962191,0.0,0.99999994,0.99999994,0.99999994,0.0,0.0,0.55103016,0.2363472,1,734,1797
0.18639053,0.9962191,0.0,0.99999994,0.0,0.99999994,0.0,0.0,0.0,0.14019394,1,108,183
0.18343195,0.9962191,0.0,0.99999994,0.0,0.99999994,0.0,0.0,0.0,0.030500412,0,1221,26
0.18639053,0.9962191,0.0,0.99999994,0.0,0.99999994,0.0,0.0,0.0,0.0852046,1,488,107
0.21893491,0.9962191,0.0,0.99999994,0.0,0.99999994,0.0,0.0,0.55103016,0.28230238,0,482,1869
0.2810651,0.9962191,0.0,0.99999994,0.99999994,0.99999994,0.0,0.0,0.55103016,0.66667414,1,1503,1687
0.2071006,0.9962191,0.0,0.99999994,0.0,0.99999994,0.0,0.0,0.55103016,0.24670792,0,308,1779
0.295858,0.9962191,0.0,0.99999994,0.99999994,0.99999994,0.0,0.0,0.85510725,0.9252057,1,2166,1709
0.27514794,0.9962191,0.0,0.99999994,0.99999994,0.99999994,0.0,0.0,0.55103016,0.7582803,1,1616,1436
0.24260356,0.9962191,0.0,0.99999994,0.99999994,0.99999994,0.0,0.0,0.55103016,0.5156503,1,1564,945
0.24556214,0.9962191,0.0,0.99999994,0.99999994,0.99999994,0.0,0.0,0.55103016,0.37789822,1,1365,988
0.24556214,0.9962191,0.0,0.99999994,0.99999994,0.99999994,0.0,0.0,0.55103016,0.45430422,0,1446,1015
0.2810651,0.9962191,0.0,0.99999994,0.99999994,0.99999994,0.0,0.0,0.55103016,0.62845564,1,1436,1823
0.21301776,0.9962191,0.0,0.99999994,0.0,0.99999994,0.0,0.0,0.55103016,0.046527386,0,482,760
0.21597633,0.9962191,0.0,0.99999994,0.99999994,0.99999994,0.0,0.0,0.55103016,0.031909466,0,552,912
0.26331362,0.9962191,0.0,0.99999994,0.99999994,0.99999994,0.0,0.0,0.55103016,0.4339652,0,1329,1248
0.24852072,0.9962191,0.0,0.99999994,0.99999994,0.99999994,0.0,0.0,0.55103016,0.7334199,1,1806,997
0.19526628,0.9962191,0.0,0.99999994,0.0,0.99999994,0.0,0.0,0.0,0.094373226,0,373,242
0.18343195,0.9962191,0.0,0.99999994,0.0,0.99999994,0.0,0.0,0.0,0.12998247,1,242,59
0.25443786,0.9962191,0.0,0.99999994,0.99999994,0.99999994,0.0,0.0,0.55103016,0.17413282,1,1065,1307
0.25739646,0.9962191,0.0,0.99999994,0.99999994,0.99999994,0.0,0.0,0.55103016,0.333241,0,1124,1607
0.22781065,0.9962191,0.0,0.99999994,0.0,0.99999994,0.0,0.0,0.0,0.06605816,1,998,719
0.21893491,0.9962191,0.0,0.99999994,0.0,0.99999994,0.0,0.0,0.0,0.044024944,1,568,652
0.18343195,0.9962191,0.0,0.99999994,0.0,0.99999994,0.0,0.0,0.0,0.13031816,1,86,311
0.18934911,0.9962191,0.0,0.99999994,0.0,0.99999994,0.0,0.0,0.55103016,0.03279829,0,83,1249
0.18639053,0.9962191,0.0,0.99999994,0.0,0.99999994,0.0,0.0,0.0,0.061573505,0,2199,24
0.2781065,0.9962191,0.0,0.99999994,0.99999994,0.99999994,0.0,0.0,0.55103016,0.5923557,1,1400,1752
0.21893491,0.9962191,0.0,0.99999994,0.99999994,0.99999994,0.0,0.0,0.55103016,0.03627062,0,561,815
0.21893491,0.9962191,0.0,0.99999994,0.0,0.99999994,0.0,0.0,0.0,0.03321123,1,674,643
0.20414202,0.9962191,0.0,0.99999994,0.0,0.99999994,0.0,0.0,0.55103016,0.039968967,0,365,998
0.23076923,0.9962191,0.0,0.99999994,0.99999994,0.99999994,0.0,0.0,0.55103016,0.2134924,1,713,1747
0.2071006,0.9962191,0.0,0.99999994,0.0,0.99999994,0.0,0.0,0.0,0.30151415,0,1771,395
0.2810651,0.9962191,0.0,0.99999994,0.99999994,0.99999994,0.0,0.0,0.55103016,0.7316694,1,1587,1524
0.23964497,0.9962191,0.0,0.99999994,0.99999994,0.99999994,0.0,0.0,0.55103016,0.22565746,1,814,1782
0.1923077,0.9962191,0.0,0.99999994,0.0,0.99999994,0.0,0.0,0.55103016,0.27904606,0,88,1825
0.23964497,0.9962191,0.0,0.99999994,0.99999994,0.99999994,0.0,0.0,0.55103016,0.27453136,0,822,1886
0.19526628,0.9962191,0.0,0.99999994,0.0,0.99999994,0.0,0.0,0.55103016,0.16743708,0,167,1604
0.24852072,0.9962191,0.0,0.99999994,0.99999994,0.99999994,0.0,0.0,0.55103016,0.7073107,1,1727,1048
0.21005918,0.9962191,0.0,0.99999994,0.0,0.99999994,0.0,0.0,0.0,0.06289339,1,465,524
0.23076923,0.9962191,0.0,0.99999994,0.0,0.99999994,0.0,0.0,0.55103016,0.4157362,0,1545,774
0.2514793,0.9962191,0.0,0.99999994,0.99999994,0.99999994,0.0,0.0,0.55103016,0.7662349,0,2014,1023
0.26035503,0.9962191,0.0,0.99999994,0.99999994,0.99999994,0.0,0.0,0.55103016,0.3247347,0,1169,1446
0.26035503,0.9962191,0.0,0.99999994,0.99999994,0.99999994,0.0,0.0,0.55103016,0.4491496,0,1147,1918
0.21893491,0.9962191,0.0,0.99999994,0.0,0.99999994,0.0,0.0,0.0,0.4146533,0,2177,517
0.26331362,0.9962191,0.0,0.99999994,0.99999994,0.99999994,0.0,0.0,0.55103016,0.62350416,1,1501,1282
0.28698224,0.9962191,0.0,0.99999994,0.99999994,0.99999994,0.0,0.0,0.8735089,0.9443946,1,2183,1583
0.21005918,0.9962191,0.0,0.99999994,0.0,0.99999994,0.0,0.0,0.55103016,0.019446373,0,369,1275
0.19822486,0.9962191,0.0,0.99999994,0.0,0.99999994,0.0,0.0,0.55103016,0.072710514,0,219,1414
0.19822486,0.9962191,0.0,0.99999994,0.0,0.99999994,0.0,0.0,0.55103016,0.037623405,0,266,1105
0.2810651,0.9962191,0.0,0.99999994,0.99999994,0.99999994,0.0,0.0,0.98094666,0.6573448,0,1461,1929
0.19822486,0.9962191,0.0,0.99999994,0.0,0.99999994,0.0,0.0,0.55103016,0.33474255,0,174,1947
0.1923077,0.9962191,0.0,0.99999994,0.0,0.99999994,0.0,0.0,0.55103016,0.05786228,0,153,961
0.29881656,0.9962191,0.0,0.99999994,0.99999994,0.99999994,0.0,0.0,0.945313,0.82676935,0,1718,1902
0.18934911,0.9962191,0.0,0.99999994,0.0,0.99999994,0.0,0.0,0.0,0.037977695,0,760,184
0.28402367,0.9962191,0.0,0.99999994,0.99999994,0.99999994,0.0,0.0,0.8755573,0.9471946,0,2160,1553
0.1923077,0.9962191,0.0,0.99999994,0.0,0.99999994,0.0,0.0,0.0,0.095421314,0,201,513
0.23372781,0.9962191,0.0,0.99999994,0.99999994,0.99999994,0.0,0.0,0.55103016,0.010815144,0,804,979
0.24852072,0.9962191,0.0,0.99999994,0.99999994,0.99999994,0.0,0.0,0.55103016,0.64572954,0,1663,1036
0.2810651,0.9962191,0.0,0.99999994,0.99999994,0.99999994,0.0,0.0,0.55103016,0.94742155,0,2036,1490
0.295858,0.9962191,0.0,0.99999994,0.99999994,0.99999994,0.0,0.0,0.55103016,0.9158497,1,2004,1710
0.1923077,0.9962191,0.0,0.99999994,0.0,0.99999994,0.0,0.0,0.0,0.026834965,0,831,185
0.21301776,0.9962191,0.0,0.99999994,0.0,0.99999994,0.0,0.0,0.55103016,0.028849602,0,483,1050
0.24852072,0.9962191,0.0,0.99999994,0.99999994,0.99999994,0.0,0.0,0.55103016,0.56540537,0,1575,1024
0.28698224,0.9962191,0.0,0.99999994,0.99999994,0.99999994,0.0,0.0,0.55103016,0.9209943,0,1836,1590
0.25443786,0.9962191,0.0,0.99999994,0.99999994,0.99999994,0.0,0.0,0.55103016,0.21604967,1,1071,1408
0.28402367,0.9962191,0.0,0.99999994,0.99999994,0.99999994,0.0,0.0,0.55103016,0.94296885,1,2050,1530
0.25739646,0.9962191,0.0,0.99999994,0.99999994,0.99999994,0.0,0.0,0.55103016,0.24794531,0,1134,1311
0.25443786,0.9962191,0.0,0.99999994,0.99999994,0.99999994,0.0,0.0,0.55103016,0.5324774,0,1488,1111
0.24556214,0.9962191,0.0,0.99999994,0.99999994,0.99999994,0.0,0.0,0.55103016,0.19663095,1,1140,985
0.23076923,0.9962191,0.0,0.99999994,0.99999994,0.99999994,0.0,0.0,0.55103016,0.28061628,0,672,1884
0.24260356,0.9962191,0.0,0.99999994,0.99999994,0.99999994,0.0,0.0,0.55103016,0.6877079,0,1954,918
0.21893491,0.9962191,0.0,0.99999994,0.0,0.99999994,0.0,0.0,0.0,0.05561447,0,992,601
0.18047337,0.9962191,0.0,0.99999994,0.0,0.99999994,0.0,0.0,0.0,0.1741128,0,8,21
0.26035503,0.9962191,0.0,0.99999994,0.99999994,0.99999994,0.0,0.0,0.55103016,0.28905773,1,1178,1285
0.2514793,0.9962191,0.0,0.99999994,0.99999994,0.99999994,0.0,0.0,0.55103016,0.59629965,1,1568,1095
0.2071006,0.9962191,0.0,0.99999994,0.0,0.99999994,0.0,0.0,0.55103016,0.11629391,0,329,1512
0.2514793,0.9962191,0.0,0.99999994,0.99999994,0.99999994,0.0,0.0,0.55103016,0.3008814,1,1012,1769
0.22485207,0.9962191,0.0,0.99999994,0.0,0.99999994,0.0,0.0,0.0,0.013237953,1,849,709
0.23372781,0.9962191,0.0,0.99999994,0.0,0.99999994,0.0,0.0,0.55103016,0.116877556,0,1067,805
0.3106509,0.9962191,0.0,0.99999994,0.99999994,0.99999994,0.0,0.0,0.88615227,0.8842182,0,1968,1936
0.2071006,0.9962191,0.0,0.99999994,0.0,0.99999994,0.0,0.0,0.55103016,0.23299408,0,344,1754
0.25443786,0.9962191,0.0,0.99999994,0.99999994,0.99999994,0.0,0.0,0.55103016,0.64867353,0,1606,1129
0.24260356,0.9962191,0.0,0.99999994,0.99999994,0.99999994,0.0,0.0,0.55103016,0.0038542747,0,903,1312
0.29881656,0.9962191,0.0,0.99999994,0.99999994,0.99999994,0.0,0.0,0.8475401,0.9172311,1,2178,1769
0.24556214,0.9962191,0.0,0.99999994,0.99999994,0.99999994,0.0,0.0,0.55103016,0.10147619,1,951,1419
0.18934911,0.9964473,0.9918481,0.99999994,0.0,0.99999994,0.0,0.0,0.0,0.10684633,1,183,414
0.19526628,0.9962191,0.0,0.99999994,0.0,0.99999994,0.0,0.0,0.0,0.058842182,0,611,237
0.2366864,0.9962191,0.0,0.99999994,0.99999994,0.99999994,0.0,0.0,0.55103016,0.022305489,1,923,838
0.21301776,0.9962191,0.0,0.99999994,0.0,0.99999994,0.0,0.0,0.0,0.021932602,1,807,529
0.295858,0.9962191,0.0,0.99999994,0.99999994,0.99999994,0.0,0.0,0.8627153,0.9333391,0,2347,1723
0.18934911,0.9962191,0.0,0.99999994,0.0,0.99999994,0.0,0.0,0.0,0.10656881,1,167,439
0.1923077,0.9962191,0.0,0.99999994,0.0,0.99999994,0.0,0.0,0.0,0.102633,0,186,455
0.26035503,0.9962191,0.0,0.99999994,0.99999994,0.99999994,0.0,0.0,0.55103016,0.7686353,1,1677,1220
0.2928994,0.9962191,0.0,0.99999994,0.99999994,0.99999994,0.0,0.0,0.55103016,0.92158365,1,1982,1657
0.21597633,0.9962191,0.0,0.99999994,0.0,0.99999994,0.0,0.0,0.0,0.029101849,0,735,571
0.18343195,0.9962191,0.0,0.99999994,0.0,0.99999994,0.0,0.0,0.0,0.044186115,0,1361,50
0.2514793,0.9962191,0.0,0.99999994,0.99999994,0.99999994,0.0,0.0,0.55103016,0.5033293,0,1459,1104
0.28994083,0.9962191,0.0,0.99999994,0.99999994,0.99999994,0.0,0.0,0.55103016,0.89091825,0,1775,1653
0.1923077,0.9962191,0.0,0.99999994,0.0,0.99999994,0.0,0.0,0.0,0.13537502,0,1947,138
0.1923077,0.9962191,0.0,0.99999994,0.0,0.99999994,0.0,0.0,0.55103016,0.03610325,0,98,1211
0.22485207,0.9962191,0.0,0.99999994,0.0,0.99999994,0.0,0.0,0.0,0.51859856,0,2402,645
0.25443786,0.9962191,0.0,0.99999994,0.99999994,0.99999994,0.0,0.0,0.55103016,0.18393993,1,1078,1276
0.30473372,0.9962191,0.0,0.99999994,0.99999994,0.99999994,0.0,0.0,0.84113866,0.9059763,1,2181,1848
0.21301776,0.9962191,0.0,0.99999994,0.0,0.99999994,0.0,0.0,0.0,0.031389713,0,726,534
0.18343195,0.9962191,0.0,0.99999994,0.0,0.99999994,0.0,0.0,0.0,0.124349594,1,256,97
0.20414202,0.9962191,0.0,0.99999994,0.0,0.99999994,0.0,0.0,0.0,0.07691336,1,425,386
0.2810651,0.9962191,0.0,0.99999994,0.99999994,0.99999994,0.0,0.0,0.55103016,0.68752575,1,1539,1523
0.22485207,0.9962191,0.0,0.99999994,0.0,0.99999994,0.0,0.0,0.0,0.4901538,0,2019,634
0.24556214,0.9962191,0.0,0.99999994,0.99999994,0.99999994,0.0,0.0,0.55103016,0.08737898,1,934,1425
0.18343195,0.9962191,0.0,0.99999994,0.0,0.99999994,0.0,0.0,0.55103016,0.07753897,0,10,877
0.18639053,0.9962191,0.0,0.99999994,0.0,0.99999994,0.0,0.0,0.0,0.057035446,0,2111,21
0.24556214,0.9962191,0.0,0.99999994,0.99999994,0.99999994,0.0,0.0,0.55103016,0.09347439,1,942,1421
0.2662722,0.9962191,0.0,0.99999994,0.99999994,0.99999994,0.0,0.0,0.55103016,0.81460094,0,1670,1334
0.18343195,0.9962191,0.0,0.99999994,0.0,0.99999994,0.0,0.0,0.0,0.12930155,1,246,59
0.2928994,0.9962191,0.0,0.99999994,0.99999994,0.99999994,0.0,0.0,0.55103016,0.8473854,1,1729,1723
0.25443786,0.9962191,0.0,0.99999994,0.99999994,0.99999994,0.0,0.0,0.55103016,0.24073744,0,1092,1419
0.2662722,0.9962191,0.0,0.99999994,0.99999994,0.99999994,0.0,0.0,0.55103016,0.47227907,0,1246,1745
0.22781065,0.9962191,0.0,0.99999994,0.0,0.99999994,0.0,0.0,0.0,0.26769972,0,1342,716
0.2781065,0.9962191,0.0,0.99999994,0.99999994,0.99999994,0.0,0.0,0.979726,0.6094055,0,1403,1857
0.2928994,0.9962191,0.0,0.99999994,0.99999994,0.99999994,0.0,0.0,0.55103016,0.9036894,0,1805,1717
0.19526628,0.9962191,0.0,0.99999994,0.0,0.99999994,0.0,0.0,0.0,0.1655798,0,1899,183
0.22189349,0.9962191,0.0,0.99999994,0.0,0.99999994,0.0,0.0,0.0,0.029125214,1,701,676
0.22781065,0.9962191,0.0,0.99999994,0.0,0.99999994,0.0,0.0,0.0,0.5159683,1,1764,717
0.22485207,0.9962191,0.0,0.99999994,0.0,0.99999994,0.0,0.0,0.0,0.21437407,0,1279,659
0.2662722,0.9962191,0.0,0.99999994,0.99999994,0.99999994,0.0,0.0,0.55103016,0.8788886,1,1739,1295
0.23076923,0.9962191,0.0,0.99999994,0.0,0.99999994,0.0,0.0,0.55103016,0.3497901,1,1462,743
0.26035503,0.9962191,0.0,0.99999994,0.99999994,0.99999994,0.0,0.0,0.55103016,0.7151394,1,1628,1211
0.23076923,0.9962191,0.0,0.99999994,0.0,0.99999994,0.0,0.0,0.55103016,0.42214632,1,1548,783
0.18639053,0.9962191,0.0,0.99999994,0.0,0.99999994,0.0,0.0,0.0,0.0652256,0,1651,58
0.22485207,0.9962191,0.0,0.99999994,0.0,0.99999994,0.0,0.0,0.55103016,0.028009892,0,661,803
0.27514794,0.9962191,0.0,0.99999994,0.99999994,0.99999994,0.0,0.0,0.55103016,0.92319584,0,1785,1437
0.22781065,0.9962191,0.0,0.99999994,0.0,0.99999994,0.0,0.0,0.0,0.07576609,0,1015,715
0.28698224,0.9962191,0.0,0.99999994,0.99999994,0.99999994,0.0,0.0,0.55103016,0.9309349,1,1942,1566
0.24260356,0.9962191,0.0,0.99999994,0.99999994,0.99999994,0.0,0.0,0.55103016,0.53351545,1,1573,966
0.20118344,0.9962191,0.0,0.99999994,0.0,0.99999994,0.0,0.0,0.0,0.23900127,0,2161,273
0.23372781,0.9962191,0.0,0.99999994,0.99999994,0.99999994,0.0,0.0,0.55103016,0.17832947,0,757,1677
0.18639053,0.9962191,0.0,0.99999994,0.0,0.99999994,0.0,0.0,0.0,0.1361022,1,171,122
0.22781065,0.9962191,0.0,0.99999994,0.0,0.99999994,0.0,0.0,0.0,0.43680143,0,1644,702
0.21893491,0.9962191,0.0,0.99999994,0.0,0.99999994,0.0,0.0,0.0,0.20197296,0,1293,592
0.295858,0.9962191,0.0,0.99999994,0.99999994,0.99999994,0.0,0.0,0.55103016,0.9158654,1,2072,1738
0.28402367,0.9962191,0.0,0.99999994,0.99999994,0.99999994,0.0,0.0,0.55103016,0.94086075,1,2047,1544
0.2514793,0.9962191,0.0,0.99999994,0.99999994,0.99999994,0.0,0.0,0.55103016,0.3159461,1,990,1846
0.30177516,0.9962191,0.0,0.99999994,0.99999994,0.99999994,0.0,0.0,0.55103016,0.8999829,1,1977,1819
0.23372781,0.9962191,0.0,0.99999994,0.99999994,0.99999994,0.0,0.0,0.55103016,0.213449,1,714,1747
0.24260356,0.9962191,0.0,0.99999994,0.99999994,0.99999994,0.0,0.0,0.55103016,0.0054426193,1,905,1263
0.24556214,0.9962191,0.0,0.99999994,0.99999994,0.99999994,0.0,0.0,0.55103016,0.58688164,1,1638,970
0.24556214,0.9962191,0.0,0.99999994,0.99999994,0.99999994,0.0,0.0,0.55103016,0.0920248,0,1005,1036
0.23964497,0.9962191,0.0,0.99999994,0.99999994,0.99999994,0.0,0.0,0.55103016,0.018807888,0,918,1053
0.84615386,0.99899906,0.96682113,0.99999994,0.99999994,0.99999994,0.0,0.0,0.8427807,0.89659786,1,2321,1953
0.27514794,0.9962191,0.0,0.99999994,0.99999994,0.99999994,0.0,0.0,0.55103016,0.9336939,0,1796,1439
0.29881656,0.9962191,0.0,0.99999994,0.99999994,0.99999994,0.0,0.0,0.84743136,0.9171543,1,2182,1771
0.25443786,0.9962191,0.0,0.99999994,0.99999994,0.99999994,0.0,0.0,0.55103016,0.82213926,0,2407,1062
0.2781065,0.9962191,0.0,0.99999994,0.99999994,0.99999994,0.0,0.0,0.55103016,0.59836864,1,1401,1789
0.2810651,0.9962191,0.0,0.99999994,0.99999994,0.99999994,0.0,0.0,0.55103016,0.93513966,0,1893,1507
0.21005918,0.9962191,0.0,0.99999994,0.0,0.99999994,0.0,0.0,0.0,0.051371098,1,458,719
0.295858,0.9962191,0.0,0.99999994,0.99999994,0.99999994,0.0,0.0,0.950729,0.7954941,1,1669,1857
0.23076923,0.9962191,0.0,0.99999994,0.0,0.99999994,0.0,0.0,0.55103016,0.4023013,1,1537,757
0.26923078,0.9962191,0.0,0.99999994,0.99999994,0.99999994,0.0,0.0,0.55103016,0.51849747,1,1313,1717
0.1923077,0.9962191,0.0,0.99999994,0.0,0.99999994,0.0,0.0,0.0,0.118190765,0,198,269
0.28402367,0.9962191,0.0,0.99999994,0.99999994,0.99999994,0.0,0.0,0.55103016,0.9368863,1,1992,1546
0.2928994,0.9962191,0.0,0.99999994,0.99999994,0.99999994,0.0,0.0,0.55103016,0.80112123,1,1670,1717
0.21005918,0.9962191,0.0,0.99999994,0.0,0.99999994,0.0,0.0,0.0,0.05964327,1,452,599
0.29881656,0.9962191,0.0,0.99999994,0.99999994,0.99999994,0.0,0.0,0.55103016,0.8942356,1,1811,1798
0.33431953,0.99892235,1.0000001,0.99999994,0.99999994,0.99999994,0.0,0.0,0.8424059,0.9051585,1,2219,1866
0.20414202,0.9962191,0.0,0.99999994,0.0,0.99999994,0.0,0.0,0.0,0.061068535,1,353,727
0.2366864,0.9962191,0.0,0.99999994,0.0,0.99999994,0.0,0.0,0.55103016,0.6288209,0,2195,814
0.23964497,0.9962191,0.0,0.99999994,0.99999994,0.99999994,0.0,0.0,0.55103016,0.045586586,0,844,1404
0.27514794,0.9962191,0.0,0.99999994,0.99999994,0.99999994,0.0,0.0,0.55103016,0.5709219,0,1424,1437
0.20414202,0.9962191,0.0,0.99999994,0.0,0.99999994,0.0,0.0,0.0,0.06335926,0,522,395
0.2928994,0.9962191,0.0,0.99999994,0.99999994,0.99999994,0.0,0.0,0.55103016,0.9232769,1,2110,1700
0.21005918,0.9962191,0.0,0.99999994,0.0,0.99999994,0.0,0.0,0.0,0.13044739,0,1219,444
0.22485207,0.9962191,0.0,0.99999994,0.0,0.99999994,0.0,0.0,0.0,0.034627438,1,947,658
0.2366864,0.9962191,0.0,0.99999994,0.99999994,0.99999994,0.0,0.0,0.55103016,0.17860699,0,818,1683
0.21893491,0.9962191,0.0,0.99999994,0.0,0.99999994,0.0,0.0,0.0,0.16438055,0,1226,572
0.21893491,0.9962191,0.0,0.99999994,0.99999994,0.99999994,0.0,0.0,0.55103016,0.029153347,0,591,907
0.20414202,0.9962191,0.0,0.99999994,0.0,0.99999994,0.0,0.0,0.55103016,0.05000639,0,361,866
0.18047337,0.9962191,0.0,0.99999994,0.0,0.99999994,0.0,0.0,0.0,0.14042997,1,26,297
0.18639053,0.9962191,0.0,0.99999994,0.0,0.99999994,0.0,0.0,0.0,0.13271618,0,107,258
0.19822486,0.9962191,0.0,0.99999994,0.0,0.99999994,0.0,0.0,0.0,0.019023895,0,873,254
0.24260356,0.9962191,0.0,0.99999994,0.99999994,0.99999994,0.0,0.0,0.55103016,0.17315197,1,1117,953
0.18047337,0.9962191,0.0,0.99999994,0.0,0.99999994,0.0,0.0,0.0,0.12269068,1,13,472
0.24556214,0.9962191,0.0,0.99999994,0.99999994,0.99999994,0.0,0.0,0.55103016,0.039720535,1,938,1298
0.22485207,0.9962191,0.0,0.99999994,0.0,0.99999994,0.0,0.0,0.55103016,0.027443886,1,688,755
0.25443786,0.9962191,0.0,0.99999994,0.99999994,0.99999994,0.0,0.0,0.55103016,0.33123827,1,1098,1667
0.18343195,0.9962191,0.0,0.99999994,0.0,0.99999994,0.0,0.0,0.0,0.08677244,1,484,92
0.20414202,0.9962191,0.0,0.99999994,0.0,0.99999994,0.0,0.0,0.0,0.24067926,0,1889,290
0.21597633,0.9962191,0.0,0.99999994,0.0,0.99999994,0.0,0.0,0.55103016,0.016501427,0,506,1238
0.23372781,0.9962191,0.0,0.99999994,0.0,0.99999994,0.0,0.0,0.55103016,0.3020444,1,1346,810
0.28994083,0.9962191,0.0,0.99999994,0.99999994,0.99999994,0.0,0.0,0.55103016,0.859056,0,1740,1686
0.26923078,0.9962191,0.0,0.99999994,0.99999994,0.99999994,0.0,0.0,0.55103016,0.58317757,1,1444,1373
0.2071006,0.9962191,0.0,0.99999994,0.0,0.99999994,0.0,0.0,0.0,0.13650322,0,1271,397
0.21301776,0.9962191,0.0,0.99999994,0.0,0.99999994,0.0,0.0,0.55103016,0.02737856,0,462,1094
0.25443786,0.9962191,0.0,0.99999994,0.99999994,0.99999994,0.0,0.0,0.55103016,0.18348265,0,1068,1326
0.23372781,0.9962191,0.0,0.99999994,0.0,0.99999994,0.0,0.0,0.55103016,0.61438894,0,2326,783
0.22485207,0.9962191,0.0,0.99999994,0.0,0.99999994,0.0,0.0,0.0,0.010816097,1,881,665
0.2781065,0.9962191,0.0,0.99999994,0.99999994,0.99999994,0.0,0.0,0.55103016,0.7204275,0,1575,1516
0.21005918,0.9962191,0.0,0.99999994,0.0,0.99999994,0.0,0.0,0.0,0.04859209,0,600,486
0.20414202,0.9962191,0.0,0.99999994,0.0,0.99999994,0.0,0.0,0.0,0.18069363,0,1440,368
0.21597633,0.9962191,0.0,0.99999994,0.0,0.99999994,0.0,0.0,0.0,0.053543568,0,511,591
0.21597633,0.9962191,0.0,0.99999994,0.0,0.99999994,0.0,0.0,0.0,0.39857674,0,1947,510
0.24260356,0.9962191,0.0,0.99999994,0.99999994,0.99999994,0.0,0.0,0.55103016,0.12638903,1,893,1579
0.20414202,0.9962191,0.0,0.99999994,0.0,0.99999994,0.0,0.0,0.0,0.061359882,1,350,727
0.30473372,0.9962191,0.0,0.99999994,0.99999994,0.99999994,0.0,0.0,0.84065235,0.90534925,1,2162,1846
0.23964497,0.9962191,0.0,0.99999994,0.99999994,0.99999994,0.0,0.0,0.55103016,0.111402035,1,1047,880
0.30473372,0.9962191,0.0,0.99999994,0.99999994,0.99999994,0.0,0.0,0.9271849,0.8759208,1,1790,1894
0.22189349,0.9962191,0.0,0.99999994,0.0,0.99999994,0.0,0.0,0.0,0.35680532,0,1597,604
0.22485207,0.9962191,0.0,0.99999994,0.99999994,0.99999994,0.0,0.0,0.55103016,0.07135582,0,604,1440
0.20118344,0.9962191,0.0,0.99999994,0.0,0.99999994,0.0,0.0,0.0,0.22728443,0,1674,325
0.22189349,0.9962191,0.0,0.99999994,0.99999994,0.99999994,0.0,0.0,0.55103016,0.15039158,0,590,1604
0.20118344,0.9962191,0.0,0.99999994,0.0,0.99999994,0.0,0.0,0.0,0.043382168,0,686,345
0.18343195,0.9962191,0.0,0.99999994,0.0,0.99999994,0.0,0.0,0.0,0.021588326,0,962,48
0.18639053,0.9962191,0.0,0.99999994,0.0,0.99999994,0.0,0.0,0.0,0.0560503,0,2101,20
0.19526628,0.9962191,0.0,0.99999994,0.0,0.99999994,0.0,0.0,0.0,0.097575665,0,267,393
0.2662722,0.9962191,0.0,0.99999994,0.99999994,0.99999994,0.0,0.0,0.55103016,0.42674446,1,1281,1416
0.1923077,0.9962191,0.0,0.99999994,0.0,0.99999994,0.0,0.0,0.0,0.12007189,1,221,210
0.27218935,0.9962191,0.0,0.99999994,0.99999994,0.99999994,0.0,0.0,0.55103016,0.9646945,0,2065,1379
0.18639053,0.9962191,0.0,0.99999994,0.0,0.99999994,0.0,0.0,0.0,0.061285496,0,625,136
0.19526628,0.9962191,0.0,0.99999994,0.0,0.99999994,0.0,0.0,0.55103016,0.20019722,0,155,1670
0.2781065,0.9962191,0.0,0.99999994,0.99999994,0.99999994,0.0,0.0,0.55103016,0.72254133,1,1578,1490
0.21597633,0.9962191,0.0,0.99999994,0.0,0.99999994,0.0,0.0,0.0,0.3958845,0,1891,510
0.26035503,0.9962191,0.0,0.99999994,0.99999994,0.99999994,0.0,0.0,0.55103016,0.25976038,1,1150,1284
0.24556214,0.9962191,0.0,0.99999994,0.99999994,0.99999994,0.0,0.0,0.55103016,0.12108421,0,935,1498
0.18934911,0.9962191,0.0,0.99999994,0.0,0.99999994,0.0,0.0,0.0,0.08896971,0,448,151
0.24556214,0.9962191,0.0,0.99999994,0.99999994,0.99999994,0.0,0.0,0.55103016,0.15429115,1,945,1552
0.22485207,0.9962191,0.0,0.99999994,0.0,0.99999994,0.0,0.0,0.0,0.031234264,1,660,727
0.21597633,0.9962191,0.0,0.99999994,0.0,0.99999994,0.0,0.0,0.0,0.051516533,0,534,581
0.2514793,0.9962191,0.0,0.99999994,0.99999994,0.99999994,0.0,0.0,0.55103016,0.68610716,1,1680,1079
0.20414202,0.9962191,0.0,0.99999994,0.0,0.99999994,0.0,0.0,0.0,0.07075167,1,383,551
0.24556214,0.9962191,0.0,0.99999994,0.99999994,0.99999994,0.0,0.0,0.55103016,0.7196398,0,2265,934
0.21893491,0.9962191,0.0,0.99999994,0.0,0.99999994,0.0,0.0,0.0,0.042868137,1,586,637
