PC1,PC2,PC3,PC4,PC5,PC6,flood_label,row,col
2.4513087,1.9507316,-3.2612529,4.150296,-0.096296206,-0.6232455,0,371,1550
9.246452,13.211624,2.5806859,-0.53755724,0.78208154,1.4874624,1,1708,1917
4.323926,-3.800264,7.59218,-0.97303635,0.20458217,0.5849859,1,2286,1941
-3.4507234,0.24661244,-0.4239682,0.034546133,-1.5665869,0.25430968,1,1038,1385
-3.7601743,0.068443835,-0.42952865,0.17405872,-0.54548687,0.08499311,1,702,1279
-3.343442,-0.116558656,0.515583,0.36865693,2.3063474,-0.3652058,0,279,368
-2.399395,0.57818586,0.24993646,-0.20815104,-2.026188,0.34039727,1,1669,835
-2.5386634,0.17125134,0.9276112,-2.149578,-0.69559574,0.15105361,0,1993,1387
6.2339506,-2.3872886,1.1739309,-2.4446788,1.4432712,2.6102974,1,2149,1787
-2.9497302,0.22217761,0.2799981,0.039051235,-0.17150337,0.041515496,0,1312,390
-4.159604,-0.23194604,-0.30004334,0.47337177,1.3646728,-0.22647148,1,566,491
-2.3773158,0.57719857,0.2859559,-0.21239221,-1.9013063,0.3181478,1,1763,870
-3.413127,0.2559584,-0.40163952,0.02944354,-1.6305946,0.26699406,1,1171,724
7.1795015,-1.3694441,1.3858975,2.318065,-0.041185062,2.6450796,1,875,1687
-3.3574355,-0.11647282,0.5113632,0.35310388,2.4613953,-0.39644092,0,76,447
-2.2045507,0.32087147,1.3154454,0.021817796,0.95134985,-0.122347176,0,1393,256
-3.6185844,0.111628786,-0.3567304,0.14120053,-0.7799876,0.12876406,1,1043,630
-3.064285,0.123508364,0.36414224,0.11826013,0.66798246,-0.09803136,0,365,1306
1.7206084,-2.4624245,2.1490517,0.1307384,-1.6913011,2.1522088,1,1406,1344
-3.928888,-0.04184288,-0.41545415,0.28135464,0.009933887,-0.0026583334,0,635,1076
-3.3452435,-0.11699106,0.5085858,0.37615287,2.228276,-0.34995613,0,290,460
-2.357337,0.56587255,0.33991998,-0.20884195,-1.7269392,0.28940612,1,1852,984
-2.4258895,0.1284054,1.3644472,0.21221988,1.9750395,-0.28126913,0,983,107
-2.5821478,0.21285512,0.77384037,-2.1220958,-1.1524276,0.22410253,0,1918,1117
-3.414797,-0.10493026,0.3775884,0.34865105,1.9191959,-0.30345237,0,673,158
-0.62513095,-2.9844782,0.32977,-2.9780958,-0.7137969,1.6540534,0,2076,1036
-4.245034,-0.29334378,-0.2517633,0.5167462,2.0931013,-0.35661355,1,489,107
-3.1163743,0.39835778,-0.32719338,-0.19043162,-2.3204856,0.37971723,1,1483,1152
-2.150413,0.30980912,1.4406853,-0.0076676714,1.6512231,-0.2519631,0,2177,231
4.4181414,-1.0420454,2.1074095,-0.50858164,-1.4171273,-2.5272706,1,1634,1482
-0.73571646,-3.7973273,-0.16508497,-2.362999,-1.1452981,-2.914285,1,2007,1540
-3.5249817,0.2028573,-0.42020106,0.06387166,-1.272403,0.20428552,1,926,1407
-2.3731983,0.17325325,1.354559,0.1663042,1.7232456,-0.24149169,0,1137,131
-2.6189992,0.2590458,0.65471697,-1.5497549,-0.6732996,0.124997936,0,2144,681
7.532138,-2.4779048,9.940522,1.4237853,-0.821946,2.7574031,0,1679,1862
-2.6214197,0.23300846,0.6938157,-1.9763827,-1.0164174,0.1910884,0,2004,740
-2.502849,3.0926137,-0.47052565,-1.2033205,-1.1177319,0.042439237,0,1792,1452
-3.0956242,0.3296796,-0.15550478,-0.65281653,-2.040729,0.3378224,1,1620,1143
-3.0949957,0.36635613,-0.23080778,-0.3897233,-2.1236522,0.34849894,0,1572,1177
-3.5460007,0.19936462,-0.44834292,0.07589527,-1.4150614,0.23170033,1,957,1282
-3.323377,0.33793455,-0.47706646,-0.011073823,-2.394068,0.3985163,1,1205,996
-2.7639673,0.34376433,0.25587457,-0.044230744,-0.9945366,0.1806033,0,1256,582
5.227911,-2.0007691,1.5358518,-0.9263766,-0.9084445,-2.7600346,1,1721,1570
-3.4861102,0.23336326,-0.45196557,0.0553695,-1.6845914,0.2787798,1,1080,848
-3.186092,0.47199902,-0.5623741,0.6808124,-2.3004448,0.3657595,1,1265,1294
-2.5058641,0.35606623,0.7913041,-1.9637758,-1.0007596,0.1928431,1,1920,1265
-1.6673672,-2.2160497,-0.87007207,-0.23244564,-1.8150826,-2.7262647,1,936,1426
-4.2445264,-0.2948983,-0.246766,0.51711917,2.1244035,-0.3622236,1,483,91
3.41565,-0.3645606,-3.4894953,0.8973671,-0.26449764,2.430031,1,1058,1623
-4.2941794,-0.28910282,-0.3501309,0.54874814,1.5600888,-0.25714236,1,452,720
-3.9891324,-0.111912556,-0.3496122,0.35305652,0.47149143,-0.07584459,0,701,691
-3.7491117,0.071144775,-0.42831826,0.17708586,-0.63425064,0.10244452,0,746,1205
-3.9338124,-0.11131029,-0.2758283,0.341162,0.6879384,-0.11413596,0,811,421
-4.256974,-0.27701792,-0.32891718,0.53199095,1.5386995,-0.25389144,1,487,623
-3.0978432,0.32655972,-0.15134107,-0.65389305,-2.0138948,0.33329687,1,1625,1161
-4.106227,-0.19644076,-0.3110656,0.43609634,1.1065418,-0.18290387,0,618,531
0.3025918,-6.460037,-1.8585182,0.15723537,-1.5782319,2.3741338,0,1305,1347
-3.3791869,-0.1242091,0.49315783,0.3715058,2.389341,-0.3815211,1,83,626
5.105782,3.4912856,-3.5898905,3.2923384,-0.40420488,-3.2433012,0,448,1761
7.1977687,0.8746936,0.09012758,2.4007,-0.7333932,-3.3178897,0,787,1777
-2.7860634,2.60268,-0.0017192864,0.20210616,2.766126,-0.58807725,1,147,121
3.150182,-4.2779403,-4.2385464,-0.69802976,-0.15316826,-1.3821188,0,865,1451
4.4319553,-5.371238,-3.007693,1.1459913,-0.89479166,-2.7340324,0,1025,1583
10.155734,-0.8639868,-3.7268639,2.8884432,0.53861713,-3.3310997,0,576,1623
8.533148,0.88186026,2.4240983,4.061782,-0.6620301,-3.062209,0,537,1789
-2.522582,0.31640998,0.63077456,-1.4836408,-1.408417,0.26137617,1,1791,1166
-3.0904212,0.25515443,0.010174954,-0.98876554,-1.6268892,0.27274475,1,1731,1291
-3.2005413,0.48532698,-0.6041182,0.9049983,-2.2004273,0.34558398,1,1223,1333
3.0057971,-1.2386857,-1.7505221,-3.1668172,0.34754208,2.0114865,0,2284,963
4.3923435,-3.1988232,0.12636216,1.9371866,-1.1993488,-2.791463,1,913,1707
-3.6976163,0.107769534,-0.44438624,0.149479,-0.9039507,0.14797707,0,818,1192
7.372098,1.6167818,2.1460023,0.37032375,-0.30417645,1.9492977,0,1459,1593
-3.061556,0.12699245,0.38461253,0.09042731,0.9848545,-0.16065615,0,103,1328
-3.3404636,-0.119239576,0.5229918,0.3739026,2.3114784,-0.36520177,0,370,276
-4.196878,-0.24572054,-0.3174501,0.49084976,1.407605,-0.23343784,1,541,529
-3.6556969,0.12305857,-0.43182755,0.14148298,-1.0469787,0.17460144,1,945,841
-2.6443558,0.28165102,0.58543974,-1.0282183,-0.3012207,0.05375761,0,2253,599
-4.2916975,-0.28913677,-0.34563804,0.5470428,1.5839231,-0.261618,1,443,699
-3.4894373,1.2166265,-0.6832764,0.10181717,-0.77165335,0.067977384,1,788,1248
-0.9172134,-4.1466875,-0.25331113,-2.2027612,-0.49648938,1.945604,0,1958,1517
5.162437,-4.3038306,-0.4539695,-0.38741037,-1.7483513,-2.2872872,1,1392,1298
-3.3689644,-0.11964106,0.50475425,0.35587817,2.4828544,-0.4004565,0,34,513
-4.0784326,-0.1589229,-0.36057812,0.40307307,0.73107547,-0.11893625,0,637,716
-4.042585,-0.12272341,-0.39230746,0.36670792,0.45566282,-0.073536485,0,629,881
6.3976264,-3.7560956,-3.293993,-1.9921438,0.59562385,-2.8452704,1,1837,1730
-3.7100234,0.09051809,-0.4319319,0.16987967,-0.87742513,0.14720619,0,856,1003
-3.093987,0.24805976,0.020730117,-1.0276353,-1.6042466,0.269344,1,1740,1293
-3.6562529,0.11948699,-0.423414,0.14250919,-0.99250513,0.16498516,1,954,794
7.306499,2.2844243,2.9650185,-2.1874647,1.5598782,1.4889574,0,2376,1931
8.694123,0.283536,1.4315457,3.0244782,-0.5917674,-3.1403754,0,703,1838
3.7423973,-2.9875422,-2.3471408,-3.4383366,0.4089207,-3.558458,0,2281,1602
-3.3744943,-0.120379366,0.50251395,0.35334828,2.5207555,-0.40800542,0,1,515
5.168067,-4.388002,-2.6973438,-0.97883433,-0.18058437,3.1008618,1,1507,1264
5.8975368,-2.0679014,3.5747614,-2.5712318,-0.69591844,-2.4443166,0,2133,1145
9.517474,-4.437955,5.673459,-1.1754695,1.5257679,2.9645538,1,2302,1953
-2.8967588,3.4578354,-1.0487992,-0.045101613,-0.91472685,-0.01856282,1,1110,648
5.841573,3.4831364,-0.48651055,0.07799085,-0.35786533,1.4878767,0,1369,1646
6.424031,0.6948165,-4.8471184,-0.640963,-0.19968987,1.9307096,1,1314,1326
7.148539,-0.9650939,9.234255,0.97850436,-1.3683196,-2.5220358,1,1742,1936
-2.5251038,0.24033888,0.81361234,-2.1928453,-0.9174407,0.17365472,0,2194,904
4.7158327,8.730734,-3.2465274,0.23430102,-0.7918268,-2.4225607,1,1198,1599
-3.2473917,0.38452032,-0.4739812,-0.046299353,-2.5653474,0.42376226,1,1282,1018
7.283987,-1.3061913,1.9144709,-2.9398835,0.12015354,-3.3336835,0,2235,1386
-4.21227,-0.27451587,-0.25619778,0.500107,1.9151778,-0.32512444,1,551,151
4.9965587,0.6217001,-2.7836292,0.1026658,-1.3231859,-3.3572037,0,1242,1456
-3.9296455,-0.050977524,-0.40449262,0.29588833,0.004313806,0.0012737283,0,718,881
-4.1472583,-0.21160245,-0.33173722,0.4564341,1.1343707,-0.18676984,1,582,610
-3.469303,0.3581951,-0.5061228,0.053716704,-1.8491961,0.30287656,0,1062,1044
-3.3663633,-0.12032032,0.49502409,0.3737279,2.2966375,-0.36372674,1,175,565
-3.06402,0.19694577,0.1701181,-1.1910433,-1.1720579,0.19933222,0,1820,1474
-3.0325809,0.1522461,0.3169605,0.10373626,0.2138394,-0.01871009,0,1176,364
-4.049123,-0.090628706,-0.43809485,0.31081852,0.4982926,-0.0925433,0,403,1214
-2.9194562,0.23300503,0.2912509,0.037064616,-0.2936094,0.06481996,0,1225,451
-4.062732,-0.19104223,-0.26006037,0.41805762,1.2707909,-0.21344222,0,726,284
-3.3574266,-0.118280865,0.5055047,0.36665916,2.3456402,-0.3733023,0,154,511
6.0683675,-0.76711094,-3.0875597,-3.5859652,1.1239733,1.6388416,0,2075,1187
-3.709203,0.089835525,-0.4286781,0.16955325,-0.858176,0.14370728,1,901,855
-3.614887,0.15583856,-0.44561654,0.11230807,-1.2058758,0.19876374,0,896,1202
-2.3193636,0.19092722,1.4035571,0.12566149,1.9321564,-0.28387618,0,1820,97
-3.0938792,0.21814446,0.08353968,-1.2103102,-1.5012784,0.25444016,1,1781,1299
-1.219567,-3.2527895,-0.07215952,-2.380873,-0.42315996,1.7860906,1,2006,1540
6.6794157,3.771434,0.0981532,-0.47999072,0.32810998,2.2226105,0,1591,1721
3.1624207,1.7853715,-4.401448,0.58242327,-0.542989,1.0654392,1,1150,1580
-3.0934231,0.10659273,0.3291397,0.15292466,0.4050519,-0.046662893,0,973,437
6.8225393,-0.7030725,-1.4818323,-3.5046263,0.5198467,-3.042139,0,2193,1422
8.265853,-2.6300015,4.4892325,-2.4086163,1.0270456,2.9524224,0,2314,1328
5.226267,4.342929,-2.6276212,-2.4668832,1.4952726,1.8821057,1,1927,1948
-3.513433,0.21439002,-0.44039357,0.06446205,-1.4929686,0.24490297,1,983,1287
-2.5605745,0.45745233,0.30532518,-0.14910151,-1.1535434,0.19298339,0,1826,644
-3.1991086,0.48570952,-0.6028096,0.898765,-2.2010388,0.34558412,1,1227,1336
-2.366998,0.17565434,1.3445003,0.1562407,1.7287846,-0.24330254,0,1348,91
-3.4566483,0.25150692,-0.44736797,0.037116658,-1.7047235,0.27942064,1,1060,1306
-3.3141599,-0.11308758,0.5634345,0.34096462,2.5917675,-0.4199899,1,255,62
-2.3946393,0.5713748,0.270488,-0.20374957,-1.9719789,0.33242702,1,1701,908
9.73843,1.8521886,5.3498516,0.02313399,0.41461137,2.1239417,1,1762,1901
6.7509174,6.4512196,2.5791452,-2.793139,0.6907324,1.3641913,0,2165,1323
-2.562017,0.18744846,0.85733724,-2.1865704,-0.94355303,0.19159427,0,1962,1234
-3.7428958,0.027978944,-0.3363979,0.21390314,-0.2819125,0.047388714,0,941,595
-3.1883156,0.031111406,0.42270723,0.18526,1.5490732,-0.2509598,0,18,1137
-2.6123166,0.24482198,0.68585736,-1.8220876,-0.8889336,0.16653635,0,2062,720
7.606782,3.6080558,0.73686314,-1.0006776,-0.93953615,-3.3671536,0,1657,1410
10.126215,-0.2460982,-3.3166053,-0.013718113,0.21886206,-3.620456,1,1363,1788
0.41444346,-4.205446,-0.97278184,-2.1239595,-1.1869143,-2.9797177,0,1910,1540
6.9844313,-2.2259436,4.2500086,-2.5304422,0.5570792,0.3443497,0,2362,1305
-3.3206599,-0.104753755,0.5512333,0.3165705,2.6826553,-0.4406605,0,84,74
-3.3385713,-0.11501139,0.5251918,0.3584853,2.3955116,-0.38274774,0,241,296
-3.922567,-0.038095098,-0.4140995,0.27639824,0.006674094,-0.0027022238,0,625,1102
-3.34,-0.11249207,0.5264311,0.345836,2.4830332,-0.4006833,1,146,287
-2.5823462,0.40716925,0.41169536,-0.14837427,-0.3096101,0.040925384,0,2282,565
-3.2649994,0.4515505,-0.6230902,0.8688727,-2.2243197,0.35420913,0,1160,1234
-3.5830107,0.1276213,-0.3458226,0.12681094,-0.8446465,0.13928956,0,1071,622
-3.3665776,-0.119895205,0.47838953,0.39221865,2.0778809,-0.32116172,0,326,638
-3.9682863,-0.09170224,-0.36583814,0.33296305,0.32654548,-0.052150138,1,727,702
4.3878713,-0.9717587,-3.855298,-3.19734,0.38968664,-3.598225,0,2119,1602
-0.46952948,-1.5400871,0.20505138,0.7019362,-1.3137883,1.4204488,0,1288,1654
-3.9872203,-0.10952321,-0.35251108,0.3510093,0.44911054,-0.072057515,1,701,703
8.760617,0.113364704,4.534486,-1.6470182,1.0310416,-0.9124917,1,2270,1894
-3.0079677,0.1709802,0.3185467,0.075222,0.24924044,-0.029770581,0,1467,304
-2.1785748,1.2967408,-0.86497116,5.8431687,-0.824637,0.03489436,0,146,1673
-3.3553772,-0.11609356,0.51401585,0.3515304,2.4742432,-0.3989239,0,65,445
-3.1005557,0.29289195,-0.08290047,-0.8090359,-1.8415605,0.30625793,1,1674,1220
-3.127372,0.41486207,-0.37578073,-0.060925767,-2.3841743,0.3889702,1,1441,1168
5.9221783,2.3716576,0.41442713,-3.194788,0.7231828,0.36575806,0,2274,1206
-3.8103127,-0.023529788,-0.30976358,0.25833374,0.086486086,-0.014042757,0,914,512
6.5627666,-0.7933969,2.4235806,-2.754331,-0.47484732,-3.0907526,0,2138,1165
-3.6983082,0.11139655,-0.44404054,0.13952845,-0.82449764,0.13118993,0,777,1302
-1.5514232,-2.3082376,-1.109077,1.1949713,-1.6877674,1.8145202,1,1129,1490
-3.0626874,0.17216448,0.22380783,-1.3336097,-1.0771722,0.18540934,0,1853,1487
-2.3867075,0.57902545,0.27027267,-0.21437941,-1.9178488,0.31989798,0,1757,839
-3.156641,1.3495215,-0.69399494,-0.03839079,-2.1803916,0.31009558,0,1174,955
-3.961154,-0.08193707,-0.37889582,0.32525685,0.22891013,-0.03551195,1,719,774
-3.8630118,-0.030451624,-0.36308628,0.2710485,-0.008089734,0.002507518,1,831,647
5.0749507,0.5661692,-5.807728,1.849565,0.56356037,2.6267538,0,760,1605
-4.161823,-0.22742368,-0.31589466,0.4729174,1.2668146,-0.20887265,1,560,582
1.0426592,-0.63814867,-2.165747,-0.64879555,-1.7497909,0.5161015,1,1453,1217
-3.341463,-0.11139657,0.5263255,0.33997095,2.524751,-0.40925288,1,107,275
6.2039227,-4.3744764,-4.274351,-3.5473967,2.1378124,1.639694,1,2290,1662
-2.4966114,0.5612098,0.13988325,-0.17983417,-2.3634634,0.4035182,1,1345,850
-2.5565221,0.47242573,0.2731444,-0.15224351,-1.3627301,0.22970729,0,1726,666
-2.2464845,0.21148093,1.4787893,0.073128454,2.2737427,-0.35170037,0,2289,81
-3.10387,0.37488335,-0.26297152,-0.44763133,-2.3132057,0.38111204,1,1524,1037
-3.1270492,0.41475984,-0.374284,-0.04590022,-2.357006,0.38401935,1,1446,1185
-3.5908716,0.17412643,-0.4616285,0.10473553,-1.4225315,0.23748465,0,963,1059
4.5959315,1.4365396,-4.024558,0.37697765,-0.24458691,2.0067158,0,1148,1532
7.3418174,4.8136973,2.498172,-0.20577271,-0.44318074,-0.80459714,1,1625,1619
4.9690614,8.98059,-5.1050124,4.198426,0.49086213,0.80960196,0,248,1730
-3.3184173,-0.06911975,0.4613275,0.30013165,2.097376,-0.33692065,0,3,937
8.48989,1.7693942,1.1654353,-2.662464,1.9663945,2.5262496,1,2252,1765
-2.3795865,0.56480336,0.3031977,-0.19781944,-1.9234483,0.3265114,0,1709,989
-0.7311426,-4.113827,-1.1732414,-0.47283864,-2.1642938,-2.6799295,1,1105,1392
-3.3743281,-0.12362241,0.47940174,0.39321962,2.1374056,-0.33218613,0,247,750
-2.5956151,0.20246123,0.77776706,-2.2351353,-1.1780373,0.22865947,0,1926,1052
-3.3700936,-0.1211808,0.49067265,0.37668836,2.2763412,-0.35975778,0,183,590
6.456673,0.5426281,2.8761585,0.023709062,-0.82182527,-2.536114,0,1620,1744
9.988234,-0.713929,-0.08233571,1.8151109,-0.14355327,-3.2861304,0,1014,1921
-3.7880414,0.04860403,-0.42678982,0.19479123,-0.4778601,0.07574269,0,703,1213
4.4550133,-3.3011558,-5.2363625,-0.16072205,-0.35297507,2.5542417,1,1271,1343
-2.468925,0.56315523,0.17783797,-0.18684521,-2.236305,0.38035366,0,1409,790
-3.3925278,-0.13067019,0.4811402,0.3901932,2.300616,-0.36315978,1,126,802
-4.2356133,-0.27504498,-0.2962199,0.51636153,1.7052692,-0.2855618,0,503,394
-2.3983705,0.5733725,0.2586041,-0.20196378,-2.040894,0.3450317,1,1651,889
-2.3338284,0.16606225,1.4286361,0.1384181,2.2042763,-0.3310038,0,2015,71
6.15635,9.965266,-5.88122,2.7620506,0.86519015,1.0250465,0,514,1567
-3.388346,-0.1283362,0.47714764,0.3926172,2.2274413,-0.34929323,1,177,795
4.6947656,1.4677758,-0.29467985,-0.39114884,-0.74278665,2.2641165,0,1456,1405
0.97559613,-7.285494,-1.9716619,-0.8733341,-1.2083528,2.8407931,0,1567,1229
4.0758076,-2.8436913,0.6404217,-2.5761552,0.9937858,1.8465757,0,2141,1752
6.1839914,4.0637484,0.8453582,-2.476249,0.51684654,-3.6629825,0,2141,1916
7.5314803,-1.6456747,3.7423966,4.289399,-0.03364077,2.7411132,0,537,1774
6.698661,3.0450156,-0.90538734,-3.3553493,0.26993272,-3.4140456,0,2133,1427
-2.5155346,0.28330964,0.7128955,-1.6336775,-1.226022,0.23337764,1,1841,1233
-2.4024422,0.5637283,0.2710229,-0.1930764,-2.023748,0.3445073,0,1642,979
-2.5730782,0.45198497,0.29749092,-0.14224836,-1.182944,0.19945098,0,1773,638
11.324436,2.6058373,1.1079928,0.92152405,0.5724134,0.6726353,1,1374,1837
5.604077,-0.6877036,-1.2833389,-2.3864233,1.0250144,1.5147419,0,1948,1823
-2.484933,0.07067041,1.401206,0.26885933,2.4128993,-0.35390797,0,805,33
0.14962512,-6.346526,-1.170254,-1.3746715,-1.0405905,1.624353,1,1733,1350
-2.3754227,0.5771003,0.28957793,-0.21331662,-1.8814517,0.31443432,1,1778,872
5.554743,-0.28217098,-1.21688,-2.8275256,0.91549087,-1.6352165,1,2146,1764
-0.7798677,-4.5157237,0.0838233,-2.72947,-0.21577173,-1.1307898,1,2249,1628
-2.110144,0.58144397,1.6120782,-0.26942486,1.7753164,-0.35276356,0,2077,396
3.2775817,7.6593323,-1.6562771,1.9171407,-0.0024107525,0.2314765,0,836,1928
-3.3902307,0.2837838,-0.4341659,0.013984631,-1.8740264,0.307924,1,1124,1300
-3.8067725,0.03425612,-0.42227912,0.20923875,-0.41505763,0.06644318,0,700,1172
-3.3931851,-0.1295749,0.4770875,0.39013347,2.2757473,-0.358678,1,139,806
-4.2375765,-0.2660759,-0.32333893,0.51359963,1.5337853,-0.25490856,1,511,520
-3.092435,0.25129482,0.015914494,-1.0068942,-1.6108887,0.27022958,1,1736,1295
-3.0876994,0.17661901,0.18108153,-1.368442,-1.2258795,0.21030895,0,1842,1404
-3.1484516,0.06008621,0.39134228,0.17850879,1.0756153,-0.16449581,0,274,1179
4.718208,2.361351,-1.7212934,-3.0846522,1.8251721,1.6242672,1,2110,1740
-2.2551029,0.23160617,1.4314232,0.0753816,1.8993723,-0.28477183,0,2015,141
-3.340783,-0.11555058,0.52268857,0.36024335,2.3839624,-0.38048056,0,251,300
-0.7090508,-3.4855378,-0.8993528,-0.6431066,-2.648431,-2.819955,0,1543,1218
6.5093007,-1.4051229,-0.10003021,-2.6478882,1.6333761,2.096937,1,2153,1781
-3.5953515,0.13732031,-0.38308662,0.12286691,-0.98850566,0.16348183,0,1035,692
-3.3794558,0.81241596,-1.3689901,4.5528417,-0.8897964,0.05957893,0,466,1488
6.602152,-2.352065,-3.4024098,-2.4070828,1.8125198,2.2298849,0,1916,1898
7.3438363,-2.355912,-0.78752035,2.0703719,-0.45963767,-2.983677,0,843,1894
-2.1432576,0.37201163,1.3376889,-0.03163614,0.87382585,-0.1177578,0,1638,303
-2.2580767,0.26152766,1.32488,0.06765496,1.2933782,-0.17599948,0,1594,191
-3.3020742,0.40858462,-0.5914005,0.52915883,-2.4005716,0.391496,0,1180,1118
-2.5395906,0.3259567,0.5864029,-1.4861274,-1.5273018,0.2800556,1,1769,1079
-3.375808,-0.12442433,0.48908252,0.38212734,2.278147,-0.3595218,1,156,687
-2.4497328,0.56182384,0.20351449,-0.18289289,-2.2406237,0.38349962,0,1491,952
4.3436837,6.35884,-0.6028569,1.672435,-0.39163384,1.6102668,1,918,1709
-4.281306,-0.28968024,-0.32577008,0.54009527,1.6905717,-0.28157514,1,450,538
7.8398285,-4.8797326,8.368075,1.7396452,-1.4826186,-2.2881925,1,1567,1909
-2.7327814,0.37473413,0.23635943,-0.07309997,-1.1010858,0.19417003,0,1366,559
-3.4406888,0.25603712,-0.44095355,0.036143865,-1.7624662,0.29062998,0,1067,1266
-2.1144586,0.3596892,1.4212593,-0.045621373,1.3543941,-0.20593211,0,2073,282
-2.616462,0.28392717,0.6144842,-1.2247835,-0.459252,0.082431994,0,2238,642
-2.6008582,0.14676909,0.89295393,-2.4749126,-0.8864929,0.18319061,0,2023,1160
-3.0707593,0.12724641,0.37827358,0.08529754,1.042712,-0.17262271,0,52,1334
8.535433,1.7075391,4.925414,1.0661857,-0.31700653,2.2925956,1,1476,1730
-2.527636,0.35960734,0.5918807,-0.10173043,0.07641036,-0.010933,0,2193,479
-2.4618094,0.8224168,0.7555923,-2.5411339,-0.8640614,0.14568375,0,2031,1127
-2.663211,0.40851703,0.2644995,-0.10616345,-1.1072915,0.19058324,0,1624,591
-3.3343642,-0.11697927,0.53279823,0.3626226,2.398671,-0.38249063,0,311,229
-3.847445,-0.03666794,-0.33018565,0.27421692,0.09903891,-0.0153129585,1,850,582
-2.4572482,0.56552744,0.18633264,-0.18598261,-2.2691658,0.3871755,0,1469,897
-2.2070682,0.2996441,1.3668623,0.02905647,1.2846074,-0.18127447,0,1715,221
9.12912,-4.9168844,-7.0124536,-2.6061177,2.3209078,1.9770731,0,2350,722
-3.8884988,-0.05930691,-0.33234966,0.295483,0.23727272,-0.038554866,1,827,563
-2.3872426,0.13324232,1.4202882,0.1850066,2.2568953,-0.33511323,0,1806,29
7.621286,4.4427547,-3.2124228,-1.8336993,1.5255706,2.2956774,1,1783,1824
4.9172273,-3.63874,-0.22860502,-2.3006868,0.9708535,1.2957128,0,1988,1812
-3.1022255,0.43328556,-0.3804044,-0.09417712,-2.4762082,0.40291327,1,1472,1008
-2.3605082,0.17251141,1.3642979,0.15320322,1.8432647,-0.2642709,0,1581,82
-4.2597933,-0.25762406,-0.3720798,0.51055485,1.3451239,-0.22230679,0,436,868
-2.509848,0.44726554,0.36485705,-0.7474188,-1.9059471,0.33519924,1,1608,1080
11.007998,-4.3926516,-0.06699178,-2.8595095,0.9801445,-3.179788,0,2409,1061
-3.4951777,0.19611265,-0.3800761,0.07422336,-1.2851961,0.21132642,0,1116,690
-1.9821538,2.522073,-0.09859852,-0.28759503,-1.7292016,0.18990721,0,1815,897
8.722562,-0.24499841,-4.129721,-2.0972621,2.136159,2.8813365,1,1844,1824
6.8793883,-0.24525192,-3.3884008,-3.6387384,1.4699795,-3.2985039,0,2308,1710
-3.5640974,0.14758416,-0.36477026,0.11226968,-0.9982149,0.16467841,1,1071,660
-3.8406787,0.02357045,-0.4310624,0.21078849,-0.253546,0.035424355,0,621,1275
6.5406504,4.3252487,2.0273623,-2.8757217,0.7464125,2.0230181,0,2146,1327
-2.6780577,0.34474766,0.41244873,-0.09874042,-0.07843113,0.00718662,0,2195,501
-3.8571253,-0.04727114,-0.31945112,0.28338483,0.18620601,-0.029839028,1,846,557
4.880598,-2.4734046,-3.1271386,0.5850878,-1.0182842,-3.1298268,1,1126,1588
11.227034,1.6969782,4.5942965,1.1473917,-0.74320734,-3.0981421,1,1488,1812
1.4077325,-1.5978714,0.38552845,-1.4001055,-0.81874245,-2.5202506,0,1804,1692
-3.6687665,0.11458969,-0.43274766,0.15064536,-1.0297538,0.1728383,0,896,978
-3.6527867,0.13804096,-0.44444007,0.11830519,-0.9828493,0.15753947,1,823,1318
10.701589,-3.114472,5.9260025,1.6542411,-1.0549438,-2.741177,1,1441,1796
-2.5785072,0.5203589,0.14044611,-0.1495091,-2.0729034,0.35538086,0,1291,782
8.555793,-5.525222,-2.4501722,1.667838,0.47295815,0.17443877,1,949,1652
-2.6241462,0.44442496,0.23299222,-0.12249803,-1.4386952,0.24773651,0,1498,639
8.0612335,-0.28342158,-3.1598754,1.9655652,0.86816245,2.2997262,0,801,1692
3.9760973,1.1582762,-3.0147123,-2.0158706,0.20977971,-0.07521683,1,1813,1576
-2.5850832,0.19058488,0.8264604,-2.4263856,-1.0630274,0.20719112,0,2036,939
-2.434176,0.5739741,0.20511861,-0.19758931,-2.1865299,0.3701973,1,1531,830
-3.943075,-0.123973966,-0.25891265,0.35155585,0.8149352,-0.13578156,0,822,365
-2.5397027,0.30326477,0.63561934,-1.5893881,-1.4164989,0.26316792,1,1803,1123
4.682207,3.8425107,0.096207395,-1.246153,-0.28104523,0.85874325,0,1705,1501
-2.2099879,0.27674666,1.3911378,0.036870282,1.539724,-0.2248905,0,1947,199
-3.6342728,0.14691852,-0.45657063,0.124799,-1.2417467,0.20705557,0,920,1071
-3.912263,-0.08659359,-0.30267423,0.31911382,0.47343948,-0.078158565,1,821,486
6.79082,-0.9513846,-0.24377982,-2.6359835,1.5489067,0.49071628,1,2185,1818
5.510048,2.3908267,-3.7479851,1.9393581,0.18114601,0.012666973,1,768,1710
-3.324068,-0.11912467,0.5517784,0.3625841,2.4632685,-0.3937632,0,361,132
-2.4798472,0.43433353,0.43467537,-0.917063,-1.8731718,0.33256227,0,1629,1022
-3.349472,-0.117638744,0.49319702,0.39127284,2.0662582,-0.31841576,1,382,551
-3.31814,-0.11531324,0.5571931,0.35076684,2.522448,-0.40605953,0,294,111
6.25509,4.679027,-2.4645252,-1.9581825,0.28347513,-1.0339049,1,1796,1589
-3.5563428,0.18957664,-0.44095862,0.083087645,-1.3506551,0.22129475,1,937,1275
-2.6565347,0.4336383,0.20382574,-0.104639955,-1.570337,0.27433562,0,1284,684
5.641988,-2.4913266,-2.273968,-0.6618491,-0.602895,2.7633677,0,1425,1269
-3.342249,-0.11004361,0.5268651,0.33344573,2.5699942,-0.41854128,0,83,236
8.389929,-1.3767889,-3.3340135,0.9090889,0.87919956,2.8644445,0,1063,1742
-2.4372277,0.5721429,0.20451179,-0.19604203,-2.1856754,0.3703515,1,1535,847
-4.0855417,-0.1724586,-0.33753803,0.4129183,0.89382166,-0.14714538,1,644,594
5.5016313,3.9076054,-0.54558945,1.6312897,-0.18455316,1.8740835,1,942,1672
7.253187,-1.9201832,4.241248,1.0351465,-1.0347313,-2.5108473,0,1445,1940
-2.5554845,0.2663095,0.6939047,-1.8307316,-1.3271953,0.25049573,1,1849,1097
4.6354485,2.8243864,-3.52047,-0.14361297,-0.9140171,-3.024909,0,1314,1689
-2.4010503,0.57642835,0.25161624,-0.2073029,-2.0131226,0.3382446,1,1679,850
-2.5942924,0.43495807,0.31092685,-0.13718554,-0.9952609,0.16604742,0,1859,617
3.7054567,1.1545959,-2.293792,1.0007826,-0.4251298,2.0005434,0,1028,1533
-2.5418832,0.31809932,0.60010076,-1.5513053,-1.517793,0.279022,1,1778,1059
-2.4746456,0.08335674,1.3860321,0.25643724,2.2934458,-0.33369398,0,838,60
7.9652534,0.7514945,0.86131436,-2.0920038,1.3996395,2.0307548,0,1971,1871
-3.3468874,-0.113011174,0.5209563,0.34437352,2.5013618,-0.4045691,0,83,352
7.990174,-1.7815711,4.1038094,3.9120328,-0.12288777,2.5471475,0,629,1862
-2.3191762,1.15813,-0.77572656,5.4753027,-0.62422556,0.017484391,0,249,1544
-3.272287,0.44331464,-0.6171526,0.80816007,-2.2534952,0.36052898,0,1163,1213
-3.306131,-0.120292254,0.5818338,0.35676786,2.5840561,-0.41578314,1,380,14
7.2431855,1.0063987,-4.6029696,0.817128,0.72214895,1.5238147,1,1023,1786
-3.0914524,0.22592147,0.07205883,-1.104218,-1.4477746,0.24401581,1,1773,1357
7.4150662,0.4879169,2.2394533,3.21028,-0.5392347,-1.1579878,1,710,1746
-3.3615797,-0.11917118,0.48534855,0.38842604,2.1123576,-0.327773,0,322,585
-2.424337,0.57062167,0.22550565,-0.195714,-2.1414902,0.36336088,0,1573,885
-2.4082181,2.0148752,-0.004306634,-0.1351747,-0.25180942,-0.041205417,0,1892,484
-2.4580011,0.56580395,0.1842683,-0.18561864,-2.280976,0.38934702,0,1458,893
-3.098854,0.35884044,-0.21955356,-0.42582715,-2.093033,0.3436951,0,1582,1185
-1.4218549,-3.3032649,-0.008772315,-0.033110157,2.7496648,1.1774849,1,243,109
6.684092,-9.264852,-4.263928,1.0868169,0.8165545,2.2719374,1,1019,1797
-2.7356892,0.36003622,0.26986098,-0.06968963,-0.88434964,0.15598613,0,1541,533
-4.2446184,-0.2925323,-0.25316378,0.51608247,2.083145,-0.3548855,1,493,109
6.405565,4.728311,-3.4484468,0.8906911,0.28231728,-3.5834196,1,1000,1765
-3.1190405,0.39040062,-0.31128472,-0.19519886,-2.2240727,0.36291382,0,1511,1197
-3.5840867,0.17491616,-0.44111514,0.091922,-1.2304,0.20005915,0,901,1304
-2.6001801,0.32529047,0.5586539,-0.8318123,-0.27320087,0.042958044,0,2334,594
-2.4552562,0.5376751,0.26912284,-0.19277793,-1.6838336,0.2809335,0,1757,745
7.397969,0.9842352,6.0741363,2.6464067,-1.4960527,-2.5542395,0,1069,1899
-2.6401315,0.45463678,0.17773578,-0.11507063,-1.7614334,0.30661756,0,1257,740
7.53757,7.4413085,4.424034,0.04753889,-0.3812242,-2.1016188,0,1703,1918
-3.3483915,-0.11003683,0.52157474,0.33103845,2.589487,-0.42276078,0,47,254
-4.2554865,-0.28393126,-0.30805776,0.5342067,1.6707312,-0.27749065,1,478,515
3.1271951,-2.3016376,1.6496844,-2.360168,0.5612473,2.0483139,1,2065,1750
-2.1164901,0.32027563,1.4425414,-0.030407958,1.6953392,-0.26175076,0,2320,203
-2.991875,0.05847903,0.6371177,0.12160496,2.0688436,-0.3472738,0,2415,3
4.3566456,-3.6919599,-2.260822,0.61824995,0.0848887,2.8011,1,1174,1738
-4.212647,-0.2749584,-0.2557011,0.50056577,1.9191875,-0.32579994,1,549,151
1.7521917,-3.411155,-0.77619094,-2.7819536,0.70180887,1.6188033,1,2142,1697
-2.2818415,1.2065411,-0.82101375,5.6963644,-0.63132864,0.012211919,0,190,1563
-2.0197816,0.39523783,1.4477822,-0.10300777,1.4613796,-0.23117971,0,2413,249
-2.116788,0.39248052,1.4132626,-0.06526758,1.1747465,-0.18037045,0,1896,305
-4.007996,-0.07210856,-0.42683357,0.2920646,0.40852946,-0.07755155,0,422,1245
-2.959692,0.2007045,0.30481893,0.06736205,-0.13527739,0.040691257,0,1143,459
7.9736743,-0.91845834,1.8420527,2.8514085,0.20423988,2.6364913,1,787,1797
-3.4602604,0.24814008,-0.4449262,0.039477598,-1.6832712,0.2759723,1,1052,1305
4.9764576,1.1695191,-1.2297965,-3.1749551,1.4450303,2.1419995,1,2246,1711
-3.5876994,0.16855721,-0.4413398,0.10391701,-1.2992646,0.21528614,1,1006,819
8.01508,-1.0361018,1.5810759,0.45323247,-0.55112547,-2.3760617,1,1450,1865
7.4246125,-0.25529954,3.8387666,0.33835,-0.6279785,1.3630439,1,1563,1523
-3.1066308,0.37118596,-0.25738186,-0.4283196,-2.2524006,0.37048355,1,1545,1085
-3.393494,-0.12855384,0.4903455,0.3700592,2.4819832,-0.39926583,1,6,666
5.984346,-3.2612488,0.75476253,1.8985571,-0.31963453,1.8903147,1,947,1687
-2.5861766,0.47423372,0.21570481,-0.13717867,-1.6774389,0.28852916,0,1424,678
-3.0856595,0.10838786,0.38057932,0.120286845,0.9255145,-0.14523922,0,215,1283
-4.105367,-0.13294981,-0.4264797,0.359841,0.68155026,-0.11955911,0,418,1125
-2.8174834,0.31298193,0.26188847,-0.034596525,-0.6572441,0.1192588,0,1474,480
3.549641,1.6124357,-2.6235912,1.2379657,-0.37196398,1.7997913,0,969,1476
-2.8064303,0.31615564,0.27316922,-0.041150965,-0.6045525,0.10880618,0,1575,481
-2.54959,0.50252926,0.20006116,-0.15060923,-1.9025882,0.32702512,1,1347,716
-3.0646198,0.12566294,0.37245128,0.102894515,0.8343862,-0.13113289,0,225,1319
-3.067791,0.12124835,0.37844372,0.10598121,0.8785596,-0.13866372,0,207,1310
-2.5424597,0.2667321,0.72968715,-2.0866175,-1.1490481,0.21154957,0,2074,818
-3.3139954,-0.11294728,0.5633576,0.3407917,2.5909274,-0.41985676,1,253,64
0.059892733,-2.118465,-0.45469606,0.58092177,-2.4657948,-2.8741426,0,1195,1356
2.4143324,-3.33709,3.7406461,-0.2822889,-0.81939983,2.023669,0,1674,1606
-3.4470916,0.37480518,-0.45834953,0.03530181,-1.4762871,0.23129418,1,1011,1408
-3.282318,-0.04562027,0.44217366,0.29113057,1.7427216,-0.2722894,0,183,969
-4.1434197,-0.23662384,-0.25899938,0.4644774,1.5963908,-0.26921105,0,631,237
-0.400406,-5.083997,-0.21666324,-2.7103984,0.22137432,1.8783209,1,2185,1661
-2.325737,1.2919356,0.058351833,-0.21188444,-1.942274,0.29143322,1,1544,760
-2.3167312,0.21087874,1.3556849,0.11728263,1.6196414,-0.22863446,0,1552,126
11.244944,2.044174,2.0019875,1.1177838,0.32231042,0.27633473,1,1371,1838
-2.3456962,0.56523794,0.35676116,-0.20801926,-1.7053822,0.286494,0,1857,1003
-4.26557,-0.28229252,-0.3302667,0.5404154,1.5482413,-0.2547493,1,478,666
-4.313068,-0.29337955,-0.3591508,0.54890484,1.6228997,-0.269589,0,393,742
-3.0479665,0.14058308,0.36779833,0.083988115,0.8128652,-0.13019544,0,189,1353
-3.2925818,-0.04715659,0.44931257,0.27429608,1.967352,-0.3163537,0,9,981
-4.286372,-0.28962883,-0.33489382,0.5435823,1.6422224,-0.2724929,1,464,579
-3.393142,-0.13058038,0.47981364,0.39057547,2.2933242,-0.3618046,1,131,802
-3.1170995,0.39607224,-0.32227662,-0.18545207,-2.2830129,0.37311035,0,1493,1172
8.248147,-3.3519387,-0.30547282,-2.860687,1.4194318,2.7241175,0,2331,998
5.274727,-1.4418861,-3.1087554,3.516169,0.7373236,2.3235915,0,451,1686
6.9320655,-2.62129,-2.6355495,-3.3795907,0.9097431,-0.18730496,0,2176,1097
-3.1335814,0.39458236,-0.34305522,-0.27869594,-2.435465,0.40010718,1,1457,1055
-4.0596323,-0.17946522,-0.2850585,0.41141436,1.1032943,-0.18399568,0,690,401
-2.9342325,0.23276158,0.27966264,0.028011888,-0.20107993,0.045231298,0,1373,385
0.14654773,-4.363282,-0.90488815,1.4098958,-1.1223997,2.1434107,1,1029,1614
-3.3506906,-0.11070492,0.5192561,0.332886,2.579282,-0.42072377,1,50,267
-3.041762,1.1663058,-0.62292194,-0.104415186,-2.5572581,0.37965,0,1326,916
-3.3208694,-0.105068885,0.55169237,0.31684828,2.6860583,-0.44124454,0,93,62
-2.5602088,0.33521524,0.59820217,-0.080511585,0.1713946,-0.024554478,0,2150,448
-3.3721828,-0.12149407,0.4930529,0.37190926,2.334663,-0.37118983,1,139,578
-3.0898845,0.25398916,0.012174705,-1.0355778,-1.6711863,0.28084958,0,1731,1252
-3.75602,0.07343796,-0.4352967,0.17056538,-0.58964384,0.09242195,1,715,1276
-3.81927,-0.029849982,-0.30902448,0.2656646,0.10813888,-0.017005408,1,883,539
-3.8420637,0.009138667,-0.41881686,0.23659256,-0.32813582,0.05449432,0,717,1061
8.336172,9.192903,-3.3972118,-1.8429363,0.6375032,1.4678152,1,1664,1347
-3.1071186,0.37080175,-0.2569245,-0.4208283,-2.2400718,0.36829826,0,1548,1096
7.2359495,-3.6111999,-5.2680264,-2.1085958,0.8239329,-3.4605918,1,1828,1746
-3.316924,-0.1109248,0.557982,0.3357208,2.6002402,-0.4224775,1,210,80
-2.5466661,0.4521658,0.34393844,-0.15585941,-0.93240815,0.1523437,0,1980,634
-3.9920495,-0.09262697,-0.393843,0.3364431,0.26947144,-0.042534247,0,668,876
2.680715,5.1854796,-2.3898404,1.0827602,-0.71564853,0.6534756,0,1025,1572
-3.3229768,-0.1145324,0.5515986,0.3476187,2.5336635,-0.40880883,1,268,115
-3.3893564,-0.09493176,0.38812566,0.33921117,1.8624235,-0.29333475,0,706,157
-2.37877,0.573112,0.28841117,-0.20502916,-1.9508386,0.3291953,1,1714,913
4.165691,-2.3742123,-0.30103633,0.5164569,-1.5057862,-1.6435966,1,1262,1454
8.40274,-1.4763826,0.010612458,0.30403543,-0.3991241,-3.0472968,1,1419,1843
-2.6474068,0.39748815,0.32158396,-0.1133591,-0.7726503,0.12960702,0,1869,571
7.0141287,7.0937815,-2.0655785,1.5672193,-0.39561403,-2.4854774,1,907,1702
-4.284004,-0.2895211,-0.33097744,0.54188913,1.6625636,-0.27633688,1,452,570
0.105565056,-2.381518,-1.3860723,5.2044773,-1.3253077,-3.0737822,0,190,1712
5.969308,0.84167355,-1.8433241,-3.5609155,1.9878905,2.406566,0,2369,1670
-4.185665,-0.26766816,-0.23972213,0.49301663,1.8870809,-0.31970206,1,564,155
-4.0156307,-0.118190356,-0.3683725,0.3601193,0.47916856,-0.077459686,1,692,708
-3.551383,0.18378289,-0.42726368,0.09002325,-1.3451647,0.2224365,1,1034,788
-2.284077,1.7684759,-0.09582249,-0.21326794,-2.055696,0.2891496,1,1338,763
-3.7459834,0.073255524,-0.4394338,0.18475394,-0.78618056,0.13185617,0,867,907
5.475389,0.16112849,2.4476902,-0.82974255,-0.2320579,2.3301196,1,1714,1529
3.3552687,0.18604062,-3.215187,-0.0019326552,-0.81066394,2.3426692,0,1210,1345
4.3977933,1.7547749,3.1858613,-0.1964072,-0.34478673,1.9112562,1,1653,1737
6.0544276,-3.5836759,3.0065138,-1.7148015,0.8800747,2.6459405,1,1979,1861
-2.387755,0.57869655,0.26927608,-0.21386176,-1.9225127,0.32083073,0,1753,841
-3.3226898,-0.11242668,0.55170935,0.34030372,2.5717177,-0.41684857,1,226,101
-3.366676,0.3131969,-0.47938347,0.0062689134,-2.2686062,0.37810504,1,1170,989
2.814714,-0.8032789,2.2421455,-0.94153017,-0.65439373,-0.56178325,1,1770,1663
4.4263816,-1.3199866,-3.2940512,3.238816,0.6175054,2.4447947,0,516,1576
7.384178,-0.98612094,-4.762917,1.4987779,0.10102344,-2.4156864,0,822,1586
7.4664903,-1.730211,9.021679,1.9888413,-1.0960876,2.7447186,0,1474,1792
8.137142,-4.7066493,3.4897556,3.5237367,-0.94678503,-2.8555732,1,695,1752
4.5796976,-0.9575431,2.9126768,-0.4579601,-0.1788994,1.7311113,1,1706,1741
-3.0682437,0.24155687,0.13996983,-1.2020911,-1.2324331,0.20719242,1,1815,1441
7.0115275,11.684183,-0.99445266,-1.4030457,0.8588556,0.91766495,0,1728,1814
6.912023,-2.089685,2.0273905,1.5303516,-0.91590387,-2.7849631,0,1144,1888
4.3694777,-3.514052,-3.8163025,5.317187,-0.22654755,-2.1513066,0,117,1863
-2.5210338,0.5259383,0.18923703,-0.166275,-2.0154428,0.34419775,1,1405,744
-3.1016357,0.35430837,-0.21282619,-0.4300328,-2.0533814,0.3369731,1,1589,1208
-3.9501727,-0.07120703,-0.3876605,0.31492487,0.15149732,-0.022844024,1,730,785
4.0638576,3.7104626,-3.4947176,-2.1311672,0.2256927,-0.3732439,1,1816,1572
-3.1780705,0.48056957,-0.56735384,0.75342125,-2.2516222,0.3558008,0,1264,1326
5.006923,-0.49561554,-0.23014462,-2.6140847,0.95123637,0.5400919,1,2074,1736
5.210351,-4.2163053,6.463123,-1.4553194,0.51585406,2.0784721,1,2236,1866
-3.1502204,0.42982718,-0.43881458,-0.08359066,-2.6336987,0.43096927,1,1364,988
11.515022,0.49806052,2.10093,0.82562757,-0.30485952,-2.9345262,1,1421,1797
-3.334916,-0.11376388,0.53354037,0.34922528,2.479771,-0.3993233,1,222,210
-1.7087207,-1.7470472,0.049147718,-2.2155778,-0.5315144,1.5890801,1,1985,1546
-2.4024255,0.56528455,0.2669587,-0.19313407,-2.049305,0.34904146,1,1627,967
-3.3347018,0.31222472,-0.4200279,-0.010395284,-1.9459368,0.3176408,1,1217,758
3.994342,0.59152687,2.956305,-3.154529,-0.059744667,-3.1532466,0,2365,1476
-2.4689786,0.5579876,0.19133076,-0.18665943,-2.1514647,0.365302,0,1462,781
6.992244,1.2247741,-0.5132385,-1.0628028,0.7693316,2.0907924,0,1710,1731
-1.1996169,-4.598206,-1.0812376,-0.32679465,-1.0836366,1.5238601,0,972,1429
-3.0725796,0.1252845,0.38020685,0.08688635,1.058407,-0.1752298,0,47,1330
2.7073889,-7.0673923,-1.1696649,1.7260656,-0.46633726,0.5488852,0,949,1844
8.087457,0.47170368,-1.2674643,-1.3457001,0.48832235,3.0281222,1,1665,1359
-2.397554,0.5778492,0.25409243,-0.20904669,-2.002905,0.3360806,0,1688,840
4.6298866,-2.124982,0.77972645,2.6014724,-0.23648933,2.3366039,1,752,1775
1.6611162,-3.830093,-1.1326958,4.604003,-0.20266011,2.089418,0,312,1575
-2.5380185,0.5134791,0.19182523,-0.15709129,-1.9726086,0.3382951,1,1352,730
-3.0823734,0.43686518,-0.36322865,-0.097544245,-2.4656975,0.4013747,0,1479,1001
-3.1479297,0.43741003,-0.44558585,-0.09176839,-2.6110349,0.42432863,0,1356,882
-2.4170344,0.56047404,0.27107334,-0.20568603,-1.798603,0.2996322,0,1759,772
9.995153,-4.2910285,5.89856,1.2370466,-1.0727259,-2.74329,1,1541,1754
-3.5897682,0.1443849,-0.39176345,0.11837787,-1.0534003,0.17444938,1,1026,719
12.465768,-3.9145668,2.0452318,-1.5926435,1.896562,-2.0356772,1,2267,1944
3.200883,16.246767,-3.4901917,-2.8758848,-0.42298558,-4.303123,0,2357,780
-3.3571784,-0.11769157,0.50965273,0.359892,2.41051,-0.38612553,1,105,490
-3.4601603,0.25641635,-0.47653687,0.046559524,-1.9551154,0.3267666,0,1086,1033
-3.8320508,0.0054392163,-0.4026175,0.24219482,-0.318901,0.05464662,0,817,797
-4.0375824,-0.14059512,-0.34831992,0.3822565,0.6515666,-0.105924636,1,668,675
-2.5207112,0.22843786,0.8267867,-1.8723401,-0.93872494,0.18854362,0,1918,1330
-3.4684362,0.2444381,-0.44970924,0.04434916,-1.6998978,0.27973777,1,1047,1272
-3.3693864,-0.12159827,0.5036658,0.3635908,2.4367068,-0.3908902,1,57,573
-3.3145587,-0.11888187,0.5680088,0.3559548,2.5483098,-0.40979645,0,354,56
8.696759,-3.0794241,1.2518207,2.6235907,-0.5342705,-2.7885518,0,810,1850
6.1564527,-5.56558,-3.2655528,0.4568309,0.36560833,2.5381458,1,1174,1592
-2.728101,2.5537043,-0.876438,-0.16666545,-2.5011077,0.30054393,1,1384,1006
-3.0829406,0.12155175,0.32290033,0.122934386,0.48560813,-0.066704504,0,1295,266
-3.1180182,0.08569959,0.39308983,0.13592608,1.1444156,-0.18342155,0,125,1242
-4.1639414,0.40154603,-0.49308205,0.5097175,1.721406,-0.32193464,1,421,586
-3.4839342,0.235485,-0.45368308,0.053901374,-1.6991155,0.2811416,0,1034,1220
7.133017,-2.4032433,9.261149,2.5569541,-1.2838986,1.1673776,1,1371,1949
4.466732,-10.705427,-4.4806194,-1.7501225,0.61243474,3.569598,0,1751,1355
-2.5214617,1.8117001,-0.09105565,-0.08643155,-0.95082253,0.100530885,0,1155,653
-3.3292336,-0.11386333,0.5387342,0.35158655,2.4635396,-0.3957423,1,242,212
-3.0157576,0.17061414,0.36728898,0.03724511,0.91468006,-0.1566678,0,2,1427
-3.1043682,0.253771,-0.0055504907,-1.0465827,-1.7109835,0.28724965,1,1727,1226
-3.1452641,0.069095135,0.39910612,0.14657308,1.3152074,-0.21366392,0,51,1214
-3.3514094,-0.101010606,0.5034357,0.36343437,2.348706,-0.3748842,1,191,432
0.87196934,-7.069741,-1.1918389,-1.7104082,-0.49958014,-1.2956053,0,1877,1706
-3.1212726,0.083054826,0.3995486,0.13326757,1.231915,-0.1999246,0,67,1240
-2.0912552,0.4034141,1.429822,-0.08250272,1.2344129,-0.19349085,0,2024,318
-2.466982,0.55299616,0.2080039,-0.18748763,-2.049791,0.34705722,1,1528,772
-3.5414286,0.20367415,-0.45156205,0.07274452,-1.4432158,0.23624383,1,966,1285
9.165948,-4.492848,-5.844922,-0.83648825,0.03477721,-2.247376,0,1389,1379
3.2651637,-3.624145,2.5111363,0.002964322,-1.9278593,-1.3463742,1,1491,1341
6.822361,6.1890154,-2.4014077,0.1599151,0.16504517,0.9806129,1,1286,1714
-2.5183868,0.53145534,0.17943238,-0.16785598,-2.081221,0.35560727,1,1368,753
-3.3844419,-0.1256511,0.49313134,0.36920485,2.4402075,-0.39137205,1,42,634
-3.312185,-0.112423465,0.5651882,0.33932605,2.5989804,-0.42146373,1,247,59
-2.6826856,0.21715789,0.6534457,-1.628897,-0.6407381,0.12407572,0,2058,653
7.7675743,-5.315104,3.6325998,-2.726207,0.33510754,-2.7781343,0,2364,1402
-2.415851,0.5647606,0.24448253,-0.18646675,-2.169852,0.37178093,0,1538,968
-2.3502965,0.16583379,1.4000105,0.14904162,2.052729,-0.30247352,0,1831,71
-3.9196935,-0.042462576,-0.40924704,0.28719538,-0.0450534,0.009060566,0,706,933
-2.124442,0.3614696,1.3988457,-0.040189415,1.2295966,-0.18278667,0,1963,285
-4.3078084,-0.2840243,-0.37447697,0.5408588,1.5123583,-0.25046435,0,411,823
-3.3496192,-0.11765447,0.4929781,0.3913824,2.0651522,-0.31820494,1,383,551
-3.9983594,-0.12690201,-0.3265093,0.3642502,0.63819414,-0.10454541,0,714,579
-3.6448348,0.1358377,-0.43544108,0.12355348,-1.0148524,0.16514553,1,839,1259
5.800373,-1.5344704,-4.9655313,-1.8432181,0.5300409,3.1881375,0,1673,1298
6.5060625,-2.9506505,-5.03993,3.9472625,1.126099,2.9019122,0,306,1951
-4.245598,-0.2940837,-0.25081483,0.51747847,2.1004424,-0.35786268,1,485,107
-3.500419,0.21081816,-0.4180662,0.06636609,-1.4457918,0.23781183,1,1098,744
-3.3227813,-0.11446012,0.5517543,0.3474533,2.5342622,-0.40893418,1,267,115
-2.2191117,0.26923317,1.4023691,0.04427384,1.6082088,-0.23653948,0,1943,187
-2.4903154,0.5438404,0.1906189,-0.17555723,-2.1230168,0.36239055,1,1395,765
-2.5408528,0.5334169,0.14059028,-0.16359967,-2.221539,0.380566,1,1305,813
-4.1860075,-0.26915666,-0.23640734,0.49392325,1.9092584,-0.3236082,0,562,144
-3.318589,0.34349263,-0.48317975,-0.014034356,-2.4403322,0.40625,1,1214,1011
-3.1192968,0.38886893,-0.31066108,-0.26336536,-2.3019676,0.3771996,0,1502,1133
-4.108563,0.557936,-0.49673617,0.49436992,1.8078762,-0.34519166,0,422,490
0.7676082,-6.491232,-0.9982647,-2.0269914,-0.9040538,-2.8130538,0,1908,1656
-3.547636,0.1972289,-0.43508416,0.068403125,-1.2542843,0.20067641,1,918,1409
-2.923833,3.5811985,-1.157951,-0.053885814,-1.1406189,0.011953743,0,926,1267
-3.897213,-0.0012904614,-0.44178754,0.22871031,-0.05818579,0.00045219145,0,550,1310
-2.3657494,0.15983044,1.3883965,0.16113515,2.0086339,-0.29312667,0,1711,64
-2.3730714,0.57039267,0.30568552,-0.20776606,-1.8510854,0.31092057,1,1782,936
-3.330878,-0.11431707,0.5370118,0.3529136,2.4558465,-0.39421538,1,249,215
-2.72054,-0.97820556,-0.69921374,-0.0045720334,-0.6949328,0.2097859,0,781,1078
-4.2589374,-0.27553183,-0.3363167,0.53265166,1.4949175,-0.24592276,0,488,673
-2.0689309,0.4306359,1.1331702,-0.12263807,0.44200066,-0.05300971,0,2260,442
-2.3992903,0.56537336,0.2722966,-0.19468802,-2.0205922,0.34363148,1,1648,967
-4.2121754,-0.22752063,-0.37986305,0.4793395,1.1150845,-0.18301263,0,502,878
-4.2128353,-0.27517903,-0.2554529,0.50079614,1.9211923,-0.32613775,1,548,151
-3.3748922,-0.1244071,0.49066174,0.38148755,2.2864363,-0.36108354,1,150,686
6.376849,-0.4747263,-1.1188008,-0.6563743,-1.3319901,-2.4449189,0,1452,1332
-2.7410104,0.3391478,0.3153627,-0.064027146,-0.5874827,0.103817314,0,1718,501
-3.6373184,0.14129919,-0.44719303,0.1275567,-1.1768663,0.1958392,1,966,856
-3.3224561,-0.111857384,0.550624,0.33989266,2.5642078,-0.41553733,1,215,117
8.685849,-2.0828578,4.163167,1.1263795,-1.0020076,-2.87908,1,1439,1819
-3.4770014,0.24520211,-0.46693397,0.04886574,-1.7945727,0.2973967,0,1092,882
6.9732637,-2.116599,4.3813534,0.5260898,-0.4435673,0.22439392,0,1612,1797
-3.4257584,0.26694372,-0.4431247,0.026835795,-1.8009506,0.2959741,1,1127,801
-2.4477637,0.56733865,0.20443809,-0.19739687,-2.1016734,0.3543391,0,1560,790
-2.5231564,0.49469116,0.26763743,-0.16355763,-1.5188503,0.25627282,0,1694,693
6.4375367,3.672416,-0.8368099,0.15729217,-0.22016823,2.1712022,0,1326,1558
-2.045182,0.48432365,1.4673249,-0.16118875,1.1952361,-0.20629296,0,2083,383
6.989608,-3.0943255,5.8050094,-1.9482373,-0.39979804,-1.5283588,0,2230,1233
6.294512,-1.4384451,-5.426685,-0.24342878,0.23971622,2.833326,1,1270,1397
-2.2668204,0.1975557,1.479363,0.09030192,2.3166132,-0.3573141,0,2260,81
0.25149146,-6.094698,-1.91264,1.1609418,-1.7230526,-0.9533089,0,1118,1514
-3.3544145,-0.11752891,0.5037167,0.370488,2.2898607,-0.36243594,1,234,454
3.3256416,-3.0528393,-3.151905,4.2272058,0.013980865,-0.8584204,0,361,1552
3.9155338,1.3158196,-2.4450774,-3.3486059,1.5250775,1.7966691,1,2246,1685
-2.1156504,0.4104478,1.1052374,-0.10134933,0.41443583,-0.045322716,0,2159,432
2.9063785,-6.479776,-2.6051412,-0.6145486,1.1345959,1.8491982,0,563,1447
6.6163116,4.875813,1.102743,1.3224099,-0.21240334,1.7747759,1,1100,1801
-3.0868263,0.26215887,-0.00024662353,-0.95349795,-1.6530547,0.2767907,1,1722,1286
-2.4054456,0.1442673,1.373683,0.19811635,1.9108849,-0.27165815,0,990,128
-2.5062246,0.053491447,1.4010472,0.28315365,2.5333045,-0.37414986,0,739,10
-3.5489905,0.19422413,-0.44012785,0.07832019,-1.3579181,0.2218533,1,941,1297
8.823929,0.22098851,0.37457812,1.6349924,0.4065812,2.3671405,1,1032,1844
-3.3627684,0.30585432,-0.4434362,-0.0027650257,-1.9774386,0.32354122,1,1184,790
2.7586055,-4.4099874,-2.070204,-2.920209,-0.3444795,-3.2923229,1,2056,1533
-2.3092172,0.19354378,1.4146751,0.11834588,1.9837475,-0.29403478,0,1906,100
-2.6126583,0.28856263,0.6107539,-1.1874855,-0.44122794,0.07860124,0,2249,638
-2.2003348,0.3024183,1.3715122,0.024233133,1.3017825,-0.18498826,0,1761,224
-3.2413087,-0.009418144,0.43000984,0.23881768,1.659685,-0.26409408,0,93,1050
-4.08022,-0.16075888,-0.3589152,0.40493602,0.74537426,-0.1213007,0,635,713
-2.429452,0.1252021,1.3559822,0.20924264,2.006984,-0.28723103,0,1254,43
-2.4916403,0.3252941,0.68932927,-1.7183336,-0.92933244,0.16275796,0,2266,785
1.0385535,-7.577645,-1.3956829,-2.0380938,-0.3514058,-0.072590694,1,1919,1564
8.8855915,-2.1833382,0.35339826,3.3571565,-0.16426323,-2.5232196,0,603,1570
8.128636,-1.6604309,0.5459802,0.30652243,-0.40363255,-2.735871,1,1450,1877
-2.510948,0.3611965,0.54875964,-1.2729684,-1.6064253,0.29187462,1,1728,1101
-2.6194322,0.43434194,0.26788706,-0.12407025,-1.2262018,0.20954882,0,1651,621
6.6484694,0.5472607,-0.47867113,-1.316303,0.41606182,2.6485116,1,1712,1514
-2.0791306,0.60061854,1.6167018,-0.2899581,1.7511858,-0.35155907,0,2158,420
7.2052917,2.12712,3.6354034,3.3476357,-0.25698617,2.1669207,0,717,1880
9.982539,-0.720507,4.869144,-0.28723913,0.7762117,1.6006021,1,1843,1924
3.0318332,0.3201288,-1.8927137,-2.6380787,0.17115045,-1.7378083,1,1984,1657
-3.3457413,-0.10929399,0.5243195,0.32892326,2.6017199,-0.42519233,0,35,251
-2.4414377,0.11678626,1.3568827,0.2204749,2.0371099,-0.29140905,0,1110,56
-2.5056002,0.39643243,0.47961918,-1.0860229,-1.7461828,0.31282383,1,1678,1066
-2.0969174,0.40828696,1.1441936,-0.11133144,0.629424,-0.08535008,0,2308,398
-3.1188402,0.3830665,-0.29965597,-0.38050726,-2.3743927,0.390754,0,1492,1037
-3.3094568,0.33991858,-0.44802028,-0.025921177,-2.163188,0.35368192,0,1216,813
-2.405959,0.9506355,0.3586207,-1.1500902,-1.7117255,0.2788437,1,1684,1054
-3.9903257,-0.15154281,-0.25885716,0.3802178,0.98287946,-0.16374312,0,761,365
-3.3776088,-0.1243406,0.4963039,0.37048277,2.4063828,-0.38470212,0,69,630
-3.1303062,1.6364883,-0.7120027,-0.035625536,-1.7116641,0.21170896,1,1156,770
-4.115863,-0.21379457,-0.28244328,0.44968006,1.3110824,-0.21829262,0,612,423
-4.300844,-0.29259935,-0.33952263,0.54006845,1.7240973,-0.2887561,0,407,548
-3.3500881,-0.11614934,0.51290816,0.36066335,2.3781102,-0.37978554,0,158,439
13.0494175,0.7036998,3.2045474,0.9706945,-0.17459096,-3.2387934,1,1516,1823
5.91573,0.9664376,-0.4554409,-3.2520065,0.094040744,-3.1226127,0,2131,1430
-2.0676653,0.46925226,1.4670597,-0.14564624,1.2328644,-0.21074362,0,2032,364
-3.5068884,0.22479539,-0.45614463,0.05942851,-1.6037383,0.26391554,1,1012,1258
6.758392,-3.1229753,-5.539195,5.5848384,1.1116495,2.5068126,0,21,1757
-3.359008,-0.116492294,0.50862414,0.3541861,2.44697,-0.39372522,1,95,434
-2.9828973,0.18536182,0.35058445,0.049676243,0.4694442,-0.07199348,0,318,1440
3.8394008,-3.2025058,-2.5713544,0.43161577,-0.5127463,0.100431226,1,1247,1662
-2.4545035,0.55942374,0.21327372,-0.19385976,-2.0358636,0.34333506,1,1575,779
-3.3528552,-0.11651998,0.5089756,0.36272576,2.3584774,-0.37602827,1,187,421
-3.4291675,0.26194072,-0.43601882,0.029252011,-1.750384,0.28733766,1,1078,1306
-2.383531,0.13783374,1.4147805,0.18083484,2.2139628,-0.32785162,0,1790,35
6.7771235,-3.0760615,-4.0997787,-1.0599419,-0.44581577,-2.1649063,1,1528,1330
-3.3610988,-0.11726448,0.50694996,0.3559602,2.440525,-0.39237648,0,91,457
-3.3618536,0.31763723,-0.4824962,0.003304925,-2.2960985,0.38250387,1,1177,990
-3.2158477,0.3960019,-0.4573713,-0.055907957,-2.579522,0.42553523,1,1296,1005
-2.148573,0.36542058,1.345601,-0.026961088,0.9339048,-0.12789966,0,1659,294
1.8056313,-2.1533432,-1.8877236,0.38964432,-1.2767806,1.7718748,1,1165,1357
4.7006865,-2.5804255,5.6188736,-1.6870264,-1.1011325,-2.5620775,0,2404,927
-2.3496292,0.5710366,0.34564668,-0.21929874,-1.635984,0.2703956,0,1939,938
-2.663331,0.41097942,0.2578089,-0.10634936,-1.1493376,0.19805858,0,1597,595
-3.5158393,0.19452043,-0.4025721,0.07732267,-1.3213779,0.21725832,1,1099,713
-3.1273813,0.07551102,0.39813367,0.15005073,1.1551708,-0.18314813,0,156,1218
7.5878553,1.4006265,0.88848364,1.285265,-0.75539505,-2.4072351,1,1102,1802
-2.3887906,0.5821956,0.26414755,-0.21996818,-1.8850771,0.31214675,0,1789,800
-2.741758,0.358596,0.26287067,-0.06623256,-0.9184425,0.16264227,0,1484,533
2.3124154,-0.018437004,-1.0820564,-3.3184052,0.77874666,-1.0090637,0,2351,1651
-2.3027084,1.236644,-0.9008105,6.204698,-0.36141565,-0.04069305,0,58,1472
-2.6735513,0.36151934,0.3763331,-0.10318389,-0.31425855,0.048599564,0,2085,524
-2.8697648,2.647648,-1.0317198,0.18428238,-2.3847306,0.2779692,1,1201,1034
8.236932,-2.7952826,-3.0529463,-0.85536563,-0.0974419,-0.25948504,0,1513,1305
-3.3268952,-0.11351565,0.5419661,0.34983477,2.4795473,-0.39881378,0,240,195
-3.921087,-0.042970058,-0.4103847,0.28820282,-0.04969568,0.010022151,0,721,899
-2.4783843,0.5644661,0.15758409,-0.18220688,-2.3489983,0.40130195,0,1386,870
7.6347365,0.17543054,-2.6080968,-2.7729073,0.73935133,-1.5514619,0,2373,871
-2.4449666,0.5621505,0.22305067,-0.19863984,-1.9890766,0.33407572,1,1628,781
-2.5808334,0.17205538,0.8648101,-2.29347,-0.93565917,0.19076042,0,1978,1205
-3.5900412,0.17318426,-0.45767456,0.10443284,-1.3988756,0.23320262,1,994,911
6.100202,4.986386,-1.9420927,1.44312,-0.051628586,1.381281,0,922,1700
1.6868902,-0.59287083,-0.3237671,-3.1650157,-0.2483794,-3.3360505,0,2228,1555
-3.335334,-0.11734804,0.5222632,0.37547573,2.259948,-0.35536352,0,353,346
2.5614321,-1.637836,1.6924504,-2.1761823,0.43521056,1.4597986,1,2019,1833
3.434312,-5.3843775,-1.0873461,-0.69063795,-0.62565666,1.9634554,1,1530,1360
5.672315,2.8859458,-0.50456756,-2.8635511,1.4535693,2.0437896,1,2134,1783
-3.3645425,-0.1195535,0.4762552,0.3966689,2.023833,-0.31057492,0,348,690
-3.3443549,-0.11465344,0.5191382,0.35606647,2.4063785,-0.38536596,1,166,377
-3.578961,0.18082999,-0.45811588,0.09699805,-1.4207348,0.23598297,0,1013,869
1.4398994,-6.244083,-2.0598624,3.9431398,-0.20330065,1.9436723,0,406,1847
-4.092691,-0.17568907,-0.3417154,0.41886896,0.8813428,-0.1442292,1,625,654
0.8757854,-6.801019,-0.84243804,-2.7456367,-0.5133716,-3.119873,0,2138,1623
-2.407206,0.13042657,1.3816969,0.19263792,2.1278076,-0.31086847,0,1654,32
-3.7421956,0.07196006,-0.4292978,0.18284231,-0.72842366,0.12122664,0,801,1082
7.3961287,-3.9648316,-3.8866723,-0.20135687,-0.3589486,2.5291018,1,1306,1393
-0.56606376,-5.1827016,-0.321331,-2.2888262,-0.6119072,-0.10075006,0,1993,1536
-2.3661451,0.5756238,0.30423924,-0.21129426,-1.8707415,0.31371453,1,1778,899
3.5014536,-2.6281323,-0.2310247,-0.22076021,-1.284181,2.359444,0,1366,1291
-3.3481216,-0.11740078,0.50455916,0.37832257,2.208284,-0.34612432,0,296,480
-4.001727,-0.08459928,-0.4079827,0.3160539,0.35444367,-0.06251961,0,523,1146
-3.1079295,0.31543344,-0.118866354,-0.7598363,-1.908208,0.3159035,0,1657,1195
2.189549,-7.294566,-3.2882247,3.9483519,-0.9535662,-3.0675232,0,405,1699
7.422469,-3.2295878,3.6339674,1.1776093,-0.555639,0.80625343,1,1377,1745
10.842379,2.8219082,3.6864552,0.8657008,-0.60675323,-3.194257,0,1499,1824
-4.02734,0.54905945,-0.41530427,0.45591033,1.9502877,-0.37140027,1,559,151
-2.6623201,0.4003584,0.28754294,-0.10579092,-0.9632347,0.16492379,0,1714,578
-3.324031,-0.10990463,0.5479463,0.33384332,2.5888324,-0.42103437,1,170,122
-1.646044,-3.1920826,0.09244812,0.01452398,2.741531,1.1169442,1,241,110
8.484052,-0.06268401,3.6441467,0.60868883,0.0030632897,2.0621793,1,1553,1734
-2.4146385,0.13679604,1.3770498,0.20705843,1.9511571,-0.27791113,0,902,152
-3.1007998,0.103617,0.33107418,0.14852966,0.500944,-0.06530259,0,1097,335
-3.4255002,0.26862434,-0.447087,0.026501428,-1.8264221,0.30046985,1,1095,1281
1.8256018,2.3675668,-1.4215026,1.0918727,-1.066856,0.59907925,1,1067,1499
-3.9150128,-0.06129354,-0.36287573,0.3013326,0.16713487,-0.02626486,0,783,659
-3.3736165,-0.122597665,0.5042917,0.3603945,2.489646,-0.40120938,0,13,578
8.619484,-3.624778,0.5797093,2.350463,0.5622696,3.4008236,0,872,1758
4.923488,-1.9623703,5.5600057,0.7680258,-2.0838854,-2.5037723,0,1504,1504
-3.3532534,-0.10977697,0.5180219,0.32754138,2.6183655,-0.42880148,0,6,267
-3.3561664,-0.1184012,0.48807886,0.39033473,2.082649,-0.3218388,0,348,584
-3.1513824,0.42937872,-0.43969977,-0.082994565,-2.637465,0.4317541,0,1361,992
8.029819,-2.6018984,-2.8355014,1.5067846,0.52244693,1.0425162,1,952,1651
-2.367893,0.17201145,1.3525081,0.1581156,1.7820442,-0.25267375,0,1437,84
-3.4051476,0.29117554,-0.4801073,0.02108106,-2.1397605,0.35658044,0,1141,977
-2.5682898,0.46691915,0.26671958,-0.14583088,-1.3845009,0.23474759,0,1677,660
-3.1854029,0.47619608,-0.5695143,0.74282914,-2.2711935,0.36010057,0,1253,1305
-3.3196738,-0.07214907,0.44577956,0.32690203,1.84254,-0.28636757,0,219,914
-2.008116,2.5465624,-0.1513008,-0.28013226,-1.9119946,0.22203553,1,1680,873
-3.4442027,-0.12230999,0.37964237,0.36395288,2.0665512,-0.32930622,0,635,120
-2.4191117,0.57040244,0.23536691,-0.19828248,-2.0875623,0.3532663,1,1616,891
-2.5548873,0.023479106,1.3819374,0.30363125,2.735749,-0.40929645,0,534,15
3.1578069,1.9709265,-2.7843277,-3.0863643,1.1182427,1.942311,1,2105,1699
9.198296,0.059327513,-4.5299797,0.81052923,0.3239069,-2.2745063,0,1029,1790
10.203658,5.823683,-0.9007282,0.04426218,0.028487612,-2.9272237,0,1415,1822
1.0947195,-2.2756298,0.9487951,-2.4990408,0.46851465,1.7241168,1,2064,1695
7.5218983,8.551536,6.6759324,1.0127532,-0.49774078,0.9359521,1,1608,1873
3.4452372,1.4340687,-2.1521704,-2.6666749,-0.23824185,-3.4798334,0,1950,1640
9.870936,3.094666,0.119609855,3.739829,0.8870029,2.089097,0,530,1880
-2.7244458,0.36589324,0.27442366,-0.0764775,-0.8742194,0.15306835,0,1598,539
7.012794,2.1753275,-0.71090084,1.6015896,-0.7065132,-3.3834622,0,964,1813
-4.0484166,-0.15973575,-0.3171277,0.39643976,0.8740317,-0.1443742,1,680,528
9.907738,1.7390027,3.208603,-0.36887002,0.68064827,-0.05115982,1,1782,1927
-3.7720528,0.021203326,-0.35961235,0.22289363,-0.30359563,0.051450904,1,897,655
8.265678,-3.3989668,-2.2224233,1.597741,0.2440601,-0.46201497,1,961,1673
4.0940595,-1.8742094,-3.944518,5.691551,0.3729828,2.4048567,0,51,1902
10.830001,-1.5515305,-1.670527,0.6979805,1.1581439,2.4914088,0,1259,1856
-4.0628705,-0.1748857,-0.30286938,0.41174388,0.99503106,-0.16444977,0,658,509
-4.2947617,-0.28907284,-0.35124362,0.5491378,1.5541164,-0.25602472,1,457,719
3.3448665,-4.216193,-1.7183846,4.5866704,-0.06672766,2.363578,0,257,1778
10.534714,-7.2250333,-4.8695717,2.5380678,0.8477301,-3.299788,0,655,1685
8.580383,0.1476092,0.8772276,-0.20734303,-0.36768982,-3.3442788,1,1602,1752
3.869989,0.0049591274,-3.0070858,-2.245683,0.8959865,2.1961474,1,1879,1726
4.8683186,-0.32712504,0.35866544,1.6825917,-0.2974821,1.8739216,0,978,1861
-1.2051361,-3.376591,-0.0700986,-2.397732,-0.4059673,1.8059539,1,2013,1537
-3.6206937,0.15060507,-0.4314286,0.10734711,-1.0313125,0.1656723,1,838,1333
9.001477,0.05912671,-0.9762372,-3.0714056,1.5916454,1.6107804,0,2370,1024
-4.0556793,-0.16205448,-0.32390907,0.40206102,0.8449419,-0.13849626,1,654,600
-4.28073,-0.2893186,-0.32570133,0.5395249,1.689789,-0.28149217,1,435,559
-3.6685956,0.110875055,-0.42266738,0.15130983,-0.96593356,0.16149056,1,929,840
-3.6041527,0.16054942,-0.43894857,0.105485015,-1.1821253,0.19348173,1,887,1255
-2.6820056,0.36943534,0.33391953,-0.091868825,-0.6377872,0.10911641,0,1835,535
-3.9500003,-0.10216093,-0.3173557,0.33663586,0.5269182,-0.08671946,1,775,526
-2.1991117,0.24273114,1.4658699,0.029962815,2.1838312,-0.34062076,0,2390,63
-2.0662248,0.35411832,1.4427147,-0.06748569,1.6057887,-0.2508227,0,2398,207
-2.5161843,0.52717257,0.19460675,-0.16876476,-1.9892261,0.33905944,1,1444,744
-2.6918306,0.40286514,0.22852698,-0.09045782,-1.2876331,0.22544853,0,1344,596
-4.1469274,-0.23550786,-0.2681649,0.46636114,1.5444255,-0.2596381,0,609,294
4.5947185,-2.5503986,3.3372943,2.4113858,-1.4647963,-2.367066,1,949,1778
-0.90055555,-4.3678427,-0.36816606,-1.6457989,-0.8306786,1.0228966,1,1853,1522
-3.0819223,0.13111077,0.28352514,-1.648102,-1.0637628,0.18703064,0,1905,1415
4.8460717,-2.2223825,0.815058,-0.2337924,-1.6909834,-2.5734193,0,1476,1370
-3.3584297,-0.11826104,0.47894478,0.39776546,1.9929452,-0.30451986,0,381,668
-4.2815003,-0.28949428,-0.3266059,0.54014146,1.6855673,-0.28066713,1,444,552
-2.1252668,0.3924814,1.3982042,-0.060326412,1.0940796,-0.16520923,0,1810,306
-3.189228,0.4739767,-0.5707,0.73972505,-2.278857,0.36187625,1,1247,1295
6.8269024,-2.8680072,-4.3333144,0.88804007,-0.047092743,-2.172774,1,1052,1656
4.411108,2.5179682,-3.9674408,-2.184466,0.4729615,-1.871522,1,1865,1792
9.28223,-2.490778,0.7825903,3.1565917,0.4642943,1.9573469,1,672,1762
5.5318804,-0.91879547,8.787931,1.8240505,-1.3050011,1.9501816,1,1499,1768
-2.4158645,0.57611775,0.2320205,-0.2066254,-2.045573,0.34334525,0,1655,831
-3.755626,0.015193009,-0.32533905,0.22486478,-0.18775986,0.031927038,1,931,578
9.183778,-2.9680417,-2.8093598,2.894437,0.9676461,0.6780984,0,629,1695
-4.2113256,-0.27340972,-0.25743622,0.49895957,1.9051716,-0.32343912,1,556,151
-3.6726418,0.078664824,-0.35561043,0.17011641,-0.6045321,0.10036188,0,993,632
5.7539873,-3.4725385,4.0409117,-2.756416,0.77948785,2.3693542,0,2363,1371
6.990114,-0.5858378,4.677322,0.36379442,-0.7101272,0.4808518,0,1613,1609
5.99396,-2.4333184,1.6003311,-2.288176,1.249962,2.2324352,1,2114,1798
-3.5073159,0.22344698,-0.46354192,0.068290845,-1.7221755,0.28756136,0,1029,1093
7.472446,-0.39991617,-5.168884,0.7516828,0.8706103,1.9638059,1,1034,1763
-3.1420422,0.43412557,-0.4355868,-0.0878236,-2.626055,0.42879358,1,1366,947
3.0924861,-2.5487988,-2.4681773,5.4128413,-0.8167118,-2.8395,0,118,1840
-4.028031,-0.085177794,-0.4279846,0.30838102,0.4392867,-0.081041254,0,443,1217
3.8228924,-3.365659,3.455073,1.7789068,-1.6303784,-2.174139,0,1085,1788
-3.9037063,-0.015381656,-0.42843884,0.2474039,-0.0414472,0.0010765902,0,582,1230
-4.2605114,-0.28373095,-0.31750193,0.5375901,1.620212,-0.26802692,1,477,578
-2.5129862,0.35864818,0.5517364,-1.2743741,-1.5875926,0.28875232,1,1732,1115
-2.081446,0.41706958,1.4112992,-0.091057725,1.0990498,-0.17042896,0,1978,336
7.7598157,-4.99961,-1.2091178,0.043033235,-1.0268899,-2.3679733,0,1323,1409
-2.1819236,0.29474354,1.4244039,0.015221975,1.6055727,-0.24074772,0,2040,212
-2.515491,0.52208376,0.20922151,-0.16887556,-1.8983963,0.3228693,1,1504,735
-2.2040992,0.23965277,1.5375209,0.03178629,2.4514153,-0.39102587,0,2406,20
-4.204463,-0.2540908,-0.30885398,0.4997379,1.4791112,-0.24539965,1,527,516
-2.4653199,0.56204635,0.181144,-0.1818769,-2.2893486,0.39156628,1,1455,927
-4.0719166,-0.1525252,-0.3658682,0.39642423,0.683959,-0.1112063,0,645,721
2.8035898,12.933773,-4.4515185,-1.1313475,-1.1604451,0.6734967,1,1413,1215
5.061783,-3.4446778,-0.7158596,-1.6952499,0.2761143,-0.0361132,1,1834,1646
7.5135937,-2.1067848,-5.6950307,4.344307,0.42927787,-2.3543372,0,213,1777
-3.3770568,0.8221101,-1.4330069,4.8750477,-0.8602259,0.049815107,0,408,1476
-3.3200657,-0.10850312,0.55128956,0.33054078,2.6021836,-0.4237929,1,150,122
-3.016996,0.17325072,0.2965403,0.07998629,0.12531714,-0.006874938,0,1280,342
-3.9359226,-0.01512926,-0.44889432,0.23273347,0.13290319,-0.035715576,0,446,1366
-3.903204,0.00718409,-0.44953907,0.2078689,0.06898899,-0.027599484,0,427,1414
-3.1709766,0.048435096,0.35914332,0.19887272,0.8847058,-0.12890698,0,1057,261
-3.3623416,0.35929158,-0.5669261,0.3748968,-2.2973068,0.37784743,0,1149,1024
-3.0789328,0.118434414,0.32368582,0.14070873,0.34290805,-0.037055735,0,1013,424
-2.929806,2.1242826,0.029774662,0.27441594,2.4248564,-0.49734724,1,147,687
-3.3113763,-0.11210552,0.565786,0.3386343,2.601154,-0.42192876,1,243,59
-3.576179,0.18005143,-0.45112532,0.095583335,-1.3811712,0.22868288,0,943,1183
-2.7332945,0.38122252,0.21180801,-0.06583981,-1.3248167,0.23618053,1,1212,678
-4.2130237,-0.27540016,-0.25520438,0.5010259,1.9231993,-0.32647586,1,547,151
-3.7695293,1.8232341,-0.7217523,0.37910974,1.65986,-0.38284996,0,579,344
-2.3785162,0.57475805,0.29023978,-0.21175125,-1.872585,0.31317094,1,1781,889
-3.340494,-0.11879425,0.5169195,0.37970054,2.2362623,-0.35065326,0,386,342
1.7754606,-4.595323,-1.921335,-0.6640551,-0.22165452,-2.799075,0,612,1420
-2.4232752,0.56986636,0.22937866,-0.1962164,-2.1187928,0.3592262,1,1591,893
6.514387,7.561419,-7.701673,3.0053823,1.1052479,1.8084273,0,463,1653
7.1728897,-1.3843491,-3.1392496,3.1402025,1.0046852,2.0725317,0,555,1560
-2.0915642,0.4149606,1.3988845,-0.08479619,1.038041,-0.15859523,0,1905,334
6.014227,-0.95658296,2.5831985,2.6903627,-1.2047693,-2.6488392,1,810,1781
-3.4521942,0.24517916,-0.42280984,0.03551649,-1.556812,0.25272104,1,1034,1385
-2.3351555,0.5649954,0.37612778,-0.21321401,-1.59991,0.26671886,0,1931,1005
-3.1525476,0.058865745,0.39728978,0.17074962,1.1978242,-0.188246,0,183,1183
-3.3501737,-0.11680208,0.5093253,0.36724666,2.3172314,-0.36771134,1,209,452
4.7771354,-2.0501254,-3.4744718,1.0401775,0.097316675,2.8324294,0,1005,1527
-1.9598346,0.5193253,1.5268013,-0.21451639,1.4256698,-0.25567716,0,2411,353
-2.5826674,0.4111773,0.39412802,-0.14115046,-0.48921826,0.07506545,0,2153,581
-4.1811657,-0.24885893,-0.28130314,0.48157308,1.6086047,-0.2706745,0,577,305
-4.215616,-0.25403318,-0.32879364,0.507326,1.3734812,-0.22554865,1,515,668
4.553768,-4.346107,-3.1183088,1.7982582,-0.5028692,-1.8759729,0,852,1544
6.746739,1.9747759,0.226807,-0.55699193,0.34094447,2.2815914,1,1613,1709
-3.9888482,-0.111108765,-0.3512249,0.35259533,0.46056968,-0.0739328,1,699,702
-3.315856,-0.112624936,0.5592065,0.34191376,2.5679643,-0.41559625,1,245,93
-3.339294,-0.109262854,0.53005135,0.3311031,2.58444,-0.4213957,0,82,215
-2.102057,0.37356803,1.406748,-0.056045942,1.2395499,-0.18676786,0,2048,300
8.334118,-2.7739348,2.2132936,3.3362114,0.17926735,2.550988,1,677,1759
-2.3414135,0.5721038,0.35743955,-0.2233478,-1.5744706,0.2586549,0,1986,933
-3.7539084,0.07507634,-0.43585902,0.16899091,-0.59699637,0.0935183,1,716,1280
4.7579064,-0.57994294,-2.608536,1.3248996,0.11893712,2.353909,0,951,1587
-3.694537,0.102835625,-0.4368502,0.158333,-0.9363233,0.15612987,1,923,838
-3.9339774,-0.057327185,-0.3954636,0.3005087,0.070424624,-0.0100398995,0,674,954
6.270457,0.872505,2.3615105,-0.12775604,-1.0545143,-1.6659734,1,1583,1511
-2.5443301,0.20702963,0.8539029,-2.3504183,-0.91165155,0.17776279,0,2153,945
-3.991241,-0.07300452,-0.41990173,0.30592018,0.25795323,-0.04641612,0,548,1141
7.584757,2.1070292,1.7075831,3.0819714,-0.48202282,-1.412641,1,713,1747
8.830323,0.34741572,8.127911,0.3518707,0.050731886,2.129086,1,1834,1935
-3.3869438,-0.12791881,0.47853518,0.39145026,2.2334504,-0.35049725,1,174,783
-2.3685977,0.567805,0.31483102,-0.2033386,-1.8672458,0.31543556,0,1757,969
-3.5183885,0.21020107,-0.42781216,0.05921919,-1.3317418,0.21416356,1,948,1404
-2.3008094,0.23612247,1.3383967,0.10241071,1.3907119,-0.18994609,0,1270,178
9.717959,1.3245564,2.63298,0.7628253,0.04885689,1.855752,1,1428,1738
-3.3284507,-0.10900746,0.5431198,0.3300985,2.6062186,-0.42499372,1,139,126
-3.335364,-0.11375956,0.532734,0.34952894,2.475493,-0.39851967,1,220,217
-2.2008615,0.25075108,1.477298,0.03619305,2.0900793,-0.3239773,0,2289,126
-4.30397,-0.29674408,-0.32064185,0.5290521,1.9357098,-0.3292275,0,397,311
-3.3487608,-0.117654406,0.50409335,0.3788802,2.2066202,-0.3457665,0,317,452
5.5217733,-9.716026,-3.3544395,0.9530665,0.3230487,2.3107877,0,1070,1677
3.8739529,0.44040653,2.37336,0.76425374,-1.7586005,-2.4131315,0,1336,1594
-3.7088284,0.08986686,-0.42809588,0.1693298,-0.8551387,0.14313099,1,903,848
-3.3106594,-0.099216476,0.5600154,0.3010115,2.7597482,-0.456688,0,20,24
-2.4468493,0.10922016,1.3595688,0.21969992,2.1426864,-0.31056598,0,1463,12
-2.209596,1.2874672,-0.88557845,5.985618,-0.7083749,0.015280668,0,119,1617
8.113744,-2.1505508,-1.9744308,-2.614455,0.38211948,-2.9419315,0,2415,840
-3.3378742,-0.10908985,0.5321148,0.33006778,2.594827,-0.42337933,1,98,181
-3.4866023,0.2265426,-0.43489563,0.056576908,-1.575703,0.25949928,1,1089,785
-1.8245182,0.055033315,0.4102394,-1.2013777,-0.5540952,0.09660672,0,2369,663
-4.1455164,-0.20818543,-0.33764955,0.4538461,1.0926094,-0.17952237,1,583,638
2.5945275,-2.2589233,-2.319414,-3.1136665,-0.01864536,-2.9860466,1,2146,1624
-3.355917,-0.112640716,0.51508355,0.33727488,2.563195,-0.4173562,1,26,339
-3.3523054,-0.111596584,0.5187412,0.3343696,2.5793178,-0.4205725,1,17,324
-3.8609583,-0.025612948,-0.37218136,0.2683846,-0.07017565,0.013330102,0,813,702
-4.039632,-0.15094496,-0.32469514,0.38741666,0.80771023,-0.13345562,1,694,534
2.5100925,-1.2653046,-3.2285933,-1.6428925,-0.6139083,1.0405581,1,1707,1309
3.921044,1.0245756,-1.5873121,-2.936229,1.1568054,0.9991809,1,2107,1729
-2.7680757,0.2993606,0.37866277,-0.05147793,-0.071209334,0.012596797,0,1984,448
-3.5618007,0.18610407,-0.43097258,0.07784769,-1.2041777,0.19318964,0,897,1385
-3.9281628,-0.050121043,-0.4041164,0.29471204,0.0038985442,0.0012015639,0,705,912
-2.8827262,2.1311326,0.0860928,0.2127314,2.7973137,-0.5720777,0,55,126
-2.222814,0.29212308,1.3278849,0.04035489,1.159235,-0.1560623,0,1599,223
-3.365308,0.30255097,-0.43925893,-0.001110326,-1.9469401,0.3183811,0,1188,780
-4.26925,-0.29107434,-0.30070776,0.5324062,1.8273578,-0.307048,1,452,386
-3.5264642,0.20611195,-0.43139803,0.0642073,-1.3408182,0.216578,0,946,1376
6.684387,-2.806095,2.741938,2.673513,-0.30270323,1.8900223,1,873,1762
-4.0526924,-0.16336212,-0.31516346,0.40061265,0.895275,-0.14772846,0,671,535
-4.2186575,-0.23566076,-0.369916,0.48720926,1.1928232,-0.19618824,0,471,904
-3.3882227,-0.12835357,0.47741157,0.39253944,2.228889,-0.3495624,1,176,795
0.321133,-2.1865568,-0.6510662,2.8505483,-1.4519985,-2.372807,0,678,1641
-3.795074,-0.21486835,0.13527982,0.4354341,2.3807197,-0.3953748,0,474,25
-1.9183812,-1.515782,0.20240925,-2.2438064,-0.75228703,-0.15081303,1,2019,1534
-3.1972318,0.40894392,-0.45833063,-0.06599243,-2.614725,0.42992064,1,1319,1005
7.7297144,1.6062247,-1.5770686,3.2921462,0.8326712,2.6457512,0,533,1839
-2.6885228,1.2523537,0.10666765,-0.033025254,-0.052563403,-0.0331277,0,1632,390
-2.5164232,0.4005864,0.45628193,-1.0586867,-1.7757744,0.316902,1,1669,1054
-1.4842008,-3.0127287,0.04946458,-2.220309,-0.6053321,0.72612613,1,1993,1546
7.1048446,6.918921,-5.5452046,0.003486996,0.57211035,2.2194247,1,1171,1516
0.35597137,-6.480715,-0.9698235,-2.0707948,-0.22167154,2.3551772,1,1912,1561
-2.27669,0.20452939,1.44348,0.0942181,2.105472,-0.3188479,0,2119,114
8.098297,6.158156,-1.6265858,1.4423859,0.07828692,-0.86613387,1,978,1767
-3.579041,0.17550178,-0.43369502,0.08903287,-1.1919922,0.19273955,1,890,1336
-1.7765256,4.1548314,0.016015628,-2.1207986,-0.7981065,-0.035495892,1,1918,1264
5.744661,-4.344841,4.178215,-1.6294489,-0.098512284,-3.0203822,0,2075,1924
-0.479015,-5.2831287,-0.6042653,-1.6068919,-0.8223672,0.8222274,1,1838,1518
-3.3352633,-0.08450334,0.46646526,0.3241262,2.124866,-0.33882734,0,51,902
-3.325706,-0.11059879,0.546804,0.3352846,2.5849392,-0.42017946,1,181,118
-3.0832345,0.9516613,0.24792124,0.23644635,1.9674672,-0.36364684,0,67,971
-4.2255154,-0.26886895,-0.2945783,0.5066099,1.6945865,-0.2846484,0,523,351
-1.0243804,-4.1491084,-0.13508712,-2.3602967,-0.38287824,1.7681112,1,2002,1541
-3.2064645,0.416463,-0.48791373,0.09151006,-2.6021264,0.42763326,0,1296,1059
-3.3653271,-0.120532766,0.48722914,0.38555494,2.169004,-0.338676,0,256,630
-2.400908,0.56343275,0.2689168,-0.18720856,-2.1060019,0.36104667,0,1575,997
4.7403555,-1.5250789,-1.2019919,-3.2756076,-0.5031868,-2.9233236,0,2294,1004
4.7102947,14.789822,-3.3340476,-3.9602194,0.9762873,0.63021076,0,2090,1281
4.1155024,0.7826895,4.8541007,-2.2339303,0.8972002,1.7010467,0,2412,1793
-2.0881715,0.39461288,1.4584624,-0.08236675,1.4112525,-0.22519362,0,2136,306
-2.9514997,0.21465065,0.29666564,0.041649655,-0.06229553,0.022301469,0,1404,360
-3.528315,0.20673601,-0.43632686,0.06512666,-1.3689077,0.22174852,0,953,1359
6.595728,-4.094738,-1.6622608,1.6071419,0.14189562,2.1645472,1,928,1596
7.146507,4.6384225,0.7739462,-0.49540126,0.14247434,0.1510832,1,1636,1724
-2.1487458,0.35676327,1.368082,-0.024780933,1.0775832,-0.15339346,0,1766,281
-2.8430023,0.2940069,0.26649168,-0.017451365,-0.5843919,0.108861186,0,1371,459
-4.0726633,-0.20185901,-0.24918723,0.42901683,1.3612068,-0.22853044,0,701,272
-3.4255614,0.2656122,-0.43927234,0.026887957,-1.7769232,0.29168946,1,1087,1304
-2.1106145,0.5922194,1.5828887,-0.27104145,1.5908606,-0.31997025,0,1972,411
-4.0912433,-0.17564364,-0.33926585,0.4179011,0.8942056,-0.14665553,1,630,631
6.3992567,3.011952,-3.70878,1.7895097,1.3261312,2.281931,0,748,1695
5.9983697,2.7235756,-3.7104688,-2.4220028,1.5853459,0.8979597,0,1913,1917
6.0921135,-2.6470919,-3.2277884,-0.4776515,-0.20178953,2.4107187,1,1326,1330
-3.9319506,0.53878057,-0.50249,0.3670172,0.78630143,-0.16345896,0,650,666
-3.435014,2.638031,-0.92012984,0.21096481,0.5730598,-0.23285706,1,743,624
10.8139,6.373161,2.9400337,-0.21957102,1.0635861,2.5591247,0,1713,1925
10.105537,-0.17550772,0.3459992,0.539684,-0.28871182,-3.3797307,1,1393,1792
-2.869785,0.2712095,0.2721042,0.009948383,-0.57199776,0.11160058,0,1206,520
-4.1350474,-0.17603089,-0.39134502,0.4207506,0.8035829,-0.13219361,0,535,931
-3.8173244,0.041385878,-0.43649042,0.19284026,-0.33054355,0.04678699,0,627,1317
-2.9635184,2.1330667,-0.07581297,0.24044193,2.0505507,-0.43794835,0,697,139
-3.1341934,0.39109302,-0.33627245,-0.30845547,-2.4282084,0.399073,1,1463,1044
0.5140962,-4.32269,-0.96424234,1.4100105,-1.9427841,-2.9403963,1,1027,1613
-2.6774147,0.4137204,0.21912672,-0.09166283,-1.439696,0.25322923,0,1278,661
4.407819,2.244775,-1.5679896,-2.1612089,1.6264507,1.5610962,0,1869,1836
-2.5721977,0.18634583,0.8539086,-2.4489992,-1.0047243,0.19779396,0,2065,957
5.5560637,-3.0136936,6.7046127,-1.5136615,-0.13407499,-2.7216036,0,2321,1886
-3.0848467,0.43486503,-0.362365,-0.09623826,-2.456446,0.39998055,1,1481,1017
-2.3622568,0.17736311,1.3484144,0.15259911,1.7445936,-0.24657539,0,1438,91
6.907165,1.560102,1.5058372,-0.42538688,0.04977767,-0.31575093,1,1672,1788
9.394066,2.0981805,1.8168354,-2.1637359,1.4732038,-1.2791557,0,2211,1882
4.2692595,0.51434064,2.1792583,-2.8178475,0.14664061,1.1862115,0,2236,1122
-2.652764,0.36999702,0.384384,-0.10752981,-0.36713108,0.058158956,0,2069,532
-2.5398252,0.034731958,1.3815467,0.29736376,2.6276433,-0.3901048,0,572,54
-3.3343344,-0.085881874,0.4611038,0.33656228,2.0100374,-0.31594113,0,150,891
1.7146915,-3.707057,-0.84618986,4.6057534,-0.64093614,0.3406228,0,292,1812
-3.8193896,-0.004783137,-0.36433142,0.24793647,-0.17226443,0.030099066,1,849,680
-2.325681,0.15075193,1.4834223,0.13865483,2.54046,-0.3915091,0,2245,36
-3.1617513,0.05160332,0.4000778,0.17879131,1.2333965,-0.193658,0,183,1168
-3.5914543,0.1724012,-0.43685246,0.08745138,-1.1160233,0.17780717,0,865,1392
3.6973681,4.454474,-3.6192942,-2.1783545,0.30436555,-1.8460364,1,1866,1792
8.538136,-2.843487,2.5558343,0.107512064,-0.5875448,-2.3098044,1,1604,1633
5.1933575,-1.5273973,3.2526705,-2.0925705,0.9160035,1.9733045,0,2161,1807
4.4666224,0.94431585,-0.55042505,-0.36294279,-1.0170717,2.0907922,0,1402,1351
-3.1897225,0.02456762,0.40201756,0.22700386,1.1510115,-0.17146876,0,354,1099
8.354126,-4.5018573,6.1885157,-1.2189171,1.2385577,2.0369122,1,2336,1918
-3.3817885,-0.1252946,0.49140182,0.37379292,2.3834682,-0.38022435,0,83,650
1.4880097,0.18993807,-1.9362321,-2.9222093,0.21011974,1.5850569,1,2049,1530
-4.0576563,-0.11944746,-0.40303272,0.35037374,0.5748337,-0.099155806,0,478,1132
-2.4955363,0.5391323,0.19984476,-0.17959374,-1.9883461,0.33683574,1,1521,757
-3.3538396,-0.1063502,0.460448,0.38312793,1.8986862,-0.28938636,0,340,834
-2.3806815,0.5738565,0.28876287,-0.21066806,-1.8785536,0.31444728,1,1775,895
7.377517,-0.7932305,0.32057196,-0.7664286,-0.056841817,2.3648677,0,1611,1427
-2.5263994,0.5243241,0.18394914,-0.16350289,-2.0403333,0.34915242,1,1359,744
-3.6348958,0.14779182,-0.43832618,0.10656372,-0.97504264,0.15437791,0,816,1376
4.519816,-3.1255753,-0.27838507,1.6123893,-1.3328876,-2.8620963,1,951,1549
-2.4448159,0.5621724,0.22326007,-0.19871524,-1.9879928,0.33386827,1,1629,781
-3.3217657,-0.114152156,0.5527454,0.34662247,2.5385437,-0.4097938,1,263,113
-3.6547139,0.10011931,-0.38024285,0.15502739,-0.79348266,0.13213527,1,975,706
1.4051379,-0.576323,-0.0544852,5.0450716,-0.849432,0.8662362,0,230,1888
-3.1040366,0.38647103,-0.28403878,-0.22350912,-2.1753597,0.35523388,0,1528,1210
-2.3319972,2.6024053,-0.23344983,-0.13375606,-0.96368825,0.0622531,0,1201,633
-3.349139,-0.117687665,0.4939168,0.39106548,2.0702145,-0.31915095,1,387,538
-0.26192644,-4.496781,-0.46443778,-1.7687576,-1.2021248,-3.0656657,1,1882,1657
-2.4863787,0.06966238,1.4012973,0.27027923,2.4165022,-0.35440692,0,717,73
6.931131,4.9981494,1.39019,0.09613324,-0.34524712,1.978503,1,1450,1584
-4.211892,-0.274073,-0.25669384,0.49964857,1.9111717,-0.32444972,1,553,151
-2.4647043,0.5503164,0.21909715,-0.18852758,-1.9836016,0.33508196,0,1572,767
-4.10809,-0.21529919,-0.26468697,0.44511312,1.4097553,-0.23657863,0,652,306
-3.8992896,-0.03976498,-0.39165407,0.28504026,-0.047220927,0.01025314,0,747,838
3.749034,-4.1644034,2.2062824,-0.005137459,-1.6971864,-1.7770941,1,1517,1436
-3.8432167,-0.057181075,-0.27956516,0.28876728,0.34248403,-0.056263514,0,883,464
-3.747706,0.04909957,-0.38982046,0.20140909,-0.5410605,0.09121076,1,885,754
-2.371705,0.56689626,0.31169868,-0.20177948,-1.8821548,0.31839305,1,1744,975
-3.3266845,-0.108569555,0.54509896,0.32871264,2.6153395,-0.4267862,1,136,117
-0.76541334,-4.5713735,-1.2242004,-0.46066138,-1.4188024,1.9018655,0,1129,1401
8.188829,3.3150637,3.615234,-1.8864347,1.7446066,1.8572197,1,2377,1952
-3.3123872,-0.11250272,0.5650388,0.3394998,2.5984383,-0.4213477,1,248,59
7.719171,0.76305395,2.7795112,0.4930968,0.22461706,2.436676,1,1539,1915
5.843544,0.5245806,-4.215027,0.37485775,0.313206,1.810354,0,1173,1641
-3.372018,-0.12311786,0.49762368,0.3725425,2.3639193,-0.37640288,0,103,626
-4.1037183,-0.16337834,-0.3815179,0.40845308,0.72481936,-0.11828671,0,567,900
10.832517,4.0349894,-3.8858197,-0.21290772,0.4117005,-3.6218898,1,1366,1789
-3.2369184,0.3904363,-0.47093117,-0.051974162,-2.5626562,0.4222371,0,1289,985
-2.9983234,0.1733496,0.35004747,0.066225015,0.45664835,-0.06701945,0,368,1412
3.430686,-5.120633,-1.7319201,-3.4977288,1.3489922,1.5061896,0,2375,1626
7.601571,2.9613047,-1.3577517,0.3756316,0.2376492,1.9297061,1,1268,1728
-3.3456676,-0.1125372,0.521873,0.3433335,2.5047393,-0.40528807,0,130,275
-2.219237,0.2726391,1.3855323,0.043656122,1.5212246,-0.2206939,0,1897,194
-3.2799683,0.36398247,-0.46845812,-0.035523318,-2.4093025,0.39688426,1,1247,922
7.8873386,7.6202636,-0.39970684,1.6457248,-0.32722992,-1.92009,1,968,1765
5.6040597,11.12392,-3.842605,-2.2117805,0.7780207,-1.6788921,1,1809,1796
-2.6224332,0.42814848,0.27884635,-0.1219498,-1.1522137,0.19671555,0,1684,612
4.7217903,5.501922,-4.843553,3.3502612,0.5000258,1.8343105,0,415,1868
1.365872,-8.04327,-1.6710443,-2.1904166,0.18150502,2.603164,1,1931,1564
5.7632427,3.3739104,2.8707438,0.36196202,-0.76000345,2.0864482,1,1453,1549
-3.3438823,0.32776895,-0.4772225,-0.007030505,-2.291945,0.37997332,0,1195,947
5.2238383,-4.558836,-3.7610545,2.9700804,0.95238376,2.3637977,0,581,1473
-3.524313,0.20355864,-0.42085832,0.06340378,-1.2776982,0.205159,1,928,1407
-2.376848,0.5758793,0.29025656,-0.21259293,-1.8750218,0.3134361,0,1781,881
3.847949,-3.3947139,3.9171424,1.4603562,-1.635091,-2.0909503,1,1255,1772
-3.9988124,-0.12819989,-0.32389414,0.365006,0.6559075,-0.10764685,1,717,565
-4.001372,-0.13138701,-0.32004052,0.36779824,0.6857602,-0.11269779,1,716,553
6.142376,-3.9088097,4.802255,-1.4309238,0.18806443,-1.5016001,0,2081,1904
-2.9926834,0.17737208,0.3542374,0.057224415,0.5103808,-0.07829391,0,311,1423
-3.5471222,0.19565399,-0.43002826,0.06835432,-1.2231259,0.19509403,0,908,1422
-4.2648983,-0.290015,-0.29577821,0.5289015,1.8500547,-0.31150377,1,425,386
-3.4207911,0.26827827,-0.43781102,0.024032082,-1.7755698,0.29097384,0,1093,1318
8.587286,0.19202547,3.7170346,-2.6736968,1.2547019,2.6658442,0,2341,1336
0.43932888,-6.427065,-1.7509148,-0.59177756,-1.7842884,-2.3774242,1,1095,1439
-2.1474335,0.29984713,1.4413779,-0.006975855,1.7445705,-0.26743567,0,2269,203
-2.5355747,0.21882735,0.82587445,-1.9820032,-0.99093914,0.1980103,1,1926,1268
3.6464095,-2.3873997,1.8169272,0.07448262,-1.7446275,-0.98646444,1,1444,1373
-2.3650508,0.5656627,0.32125425,-0.19846472,-1.8986931,0.32274148,0,1721,999
-3.3586514,-0.11548759,0.51210874,0.34698766,2.5088136,-0.40607354,0,44,417
2.9803605,-3.2175834,-1.507496,0.399978,-1.6168575,-2.0834296,1,1210,1393
-2.5376315,0.21490772,0.83164096,-2.001354,-0.9762019,0.1957316,1,1931,1271
5.4290786,-2.390906,-4.9820814,5.4722424,-0.12226412,-3.423054,0,32,1680
-2.4492426,0.56212896,0.21551,-0.19653127,-2.0298831,0.3417463,1,1594,782
-3.404297,0.2929832,-0.48335212,0.020433493,-2.1616552,0.3603821,1,1143,987
2.4498885,-8.929443,-2.627136,-1.4571538,-0.42748666,-0.22483332,0,1763,1499
5.186798,1.5007323,0.15092532,-3.232723,0.60508716,2.1357446,0,2226,1089
9.914122,-2.546749,-3.6114402,1.6685898,0.8762313,0.031020565,0,906,1650
1.9130924,0.028291462,-0.26262563,-1.6554804,-0.05904338,0.4499449,0,1831,1702
9.087474,-4.287246,2.1353247,-1.5941364,0.57656807,-2.8432062,1,1962,1931
-3.0150783,0.17210789,0.30295336,0.079131916,0.1627262,-0.01370667,0,1314,324
8.492761,2.59004,4.176262,-1.8946375,1.5929315,2.2149699,1,2322,1914
-3.149193,0.42955127,-0.43626237,-0.0840925,-2.6192482,0.42830166,1,1375,991
9.054009,8.458358,3.561173,-2.058085,1.4960529,-0.01601736,0,2272,1894
-3.323158,0.3393023,-0.48027474,-0.011305059,-2.4146552,0.40214863,1,1207,1006
-4.2454886,-0.29607508,-0.24537164,0.5183321,2.1354823,-0.3640979,1,476,92
4.5162363,-0.8993928,-0.5454724,-1.4232128,-0.7521543,-1.6390269,1,1730,1440
-2.558663,0.4643021,0.29070595,-0.1505809,-1.2487006,0.2096821,0,1781,654
6.7268996,7.2641892,-0.7227509,-1.2765427,-0.5161731,-2.4714947,0,1670,1466
-2.3657978,0.57499886,0.3064992,-0.2114518,-1.8570855,0.31125623,1,1787,904
5.0617795,1.8527182,2.6637416,2.269076,-1.380358,-2.7460625,1,947,1779
-3.1599889,0.4278325,-0.449129,-0.037028596,-2.6333578,0.4316219,1,1351,1063
-3.217399,0.007998646,0.42130286,0.22302784,1.5169955,-0.23981577,0,134,1082
-4.205182,-0.25010994,-0.32061884,0.49844712,1.4044845,-0.23207343,1,528,578
-2.976172,0.19166042,0.29936397,0.07910488,-0.1402473,0.043203335,0,1067,509
-3.3542678,-0.11831194,0.4960563,0.38298064,2.1662233,-0.33805394,0,294,549
-2.519168,0.34405184,0.57478994,-1.3711295,-1.5538864,0.28402895,1,1750,1103
-4.147231,-0.23004971,-0.28308398,0.46422032,1.4486281,-0.24259226,0,600,363
-2.5149,0.30381122,0.6972073,-1.8737311,-1.045674,0.18680476,0,2182,795
-2.6988451,0.41444245,0.18561234,-0.08798756,-1.5472022,0.27222285,1,1224,717
8.695304,-1.6989075,1.7691158,0.28532818,-0.79451436,-2.6246772,0,1474,1636
-3.5212414,0.20373435,-0.41586494,0.061700482,-1.2512655,0.2001612,1,921,1426
-2.3678823,0.13804705,1.4419907,0.17057632,2.3578298,-0.35493648,0,1976,35
-2.384213,0.5662168,0.29126167,-0.19557464,-1.9913186,0.33902028,0,1664,978
-4.2449,-0.2954122,-0.24607468,0.5176167,2.1296763,-0.36312386,1,480,91
-2.7558448,0.31581402,0.35709563,-0.06065494,-0.22862355,0.039325323,0,1935,470
6.9707994,-2.948231,1.9987471,-2.639312,0.002929726,-1.4957277,0,2149,1124
3.7347453,5.7403293,-3.2091732,-3.56266,1.4560723,1.5128587,1,2242,1674
-4.283392,-0.29323956,-0.3068715,0.5283098,1.8986108,-0.3214567,0,407,346
-3.1675363,0.06275773,0.33501053,0.1819061,0.79370177,-0.11547005,0,1136,250
4.5702834,-0.33091056,1.8759311,0.54623234,-1.6267904,-0.8446153,0,1337,1430
-3.354562,-0.1168912,0.50692433,0.36406246,2.3487916,-0.3741413,1,190,432
-3.4171853,0.27343422,-0.4449703,0.021519858,-1.8267657,0.2997023,1,1106,1304
3.3071616,2.985775,-2.90821,-3.201144,-0.16680618,-3.6668115,1,2062,1536
-3.7809324,0.050160546,-0.42958528,0.20048915,-0.5848963,0.09682877,0,765,1092
-3.3938372,0.2804941,-0.43191838,0.016261185,-1.8538977,0.30471054,1,1116,1300
-4.0355806,-0.13620183,-0.35633796,0.37935686,0.59599495,-0.09625121,1,662,726
-3.103783,0.09168278,0.3500072,0.16368234,0.55826104,-0.07284897,0,1013,368
-2.1567748,0.33997563,1.398018,-0.015890803,1.2832488,-0.18911791,0,1873,258
3.2369363,-1.6598092,-2.32444,3.9744093,-0.3335167,-0.44680727,0,384,1818
-3.5144222,0.21198247,-0.42545366,0.05680959,-1.3234922,0.2123045,1,948,1419
-3.9062371,-0.02305351,-0.42471468,0.26218268,-0.09190665,0.013193747,0,641,1118
-2.1194944,0.5830349,1.5912856,-0.26446742,1.659528,-0.3312794,0,1982,399
-3.3069954,0.4027942,-0.5871246,0.48036456,-2.4279864,0.3971824,0,1183,1101
-3.6959915,0.10509245,-0.445374,0.15869841,-0.9879731,0.16544412,0,897,943
4.799782,-0.8153946,4.578117,3.5629933,-1.5662596,-2.6898007,0,706,1732
-4.019472,-0.16123256,-0.273549,0.39059663,1.0211257,-0.17048635,0,742,370
-2.5586913,0.50864464,0.1740393,-0.15338145,-1.9832561,0.34006,1,1335,738
-2.0855336,0.42391,1.3860383,-0.09013266,0.9455866,-0.14277768,0,1870,346
6.5688424,-0.9123775,1.8028932,2.716729,-0.39377868,0.24631123,1,814,1782
6.1971445,-3.2745392,2.1293051,-2.4930477,1.2730641,2.066674,1,2243,1750
-0.34284556,-5.6848783,-0.2775486,-2.5491276,0.16215666,1.2957354,1,2145,1680
-3.3603265,-0.11874266,0.49642557,0.37510726,2.2551334,-0.35569093,0,234,512
-2.7134974,0.34492946,0.349022,-0.0796911,-0.42057225,0.0714498,0,1909,505
-3.3484983,-0.11759041,0.49479675,0.39057744,2.074556,-0.31998459,1,381,541
7.5740952,-4.265429,-1.0408329,1.7121898,-0.41773102,-2.2158191,0,923,1729
-2.0531082,0.41081718,1.4780766,-0.10602229,1.4736125,-0.23973714,0,2266,307
1.0770272,-5.672987,-1.8719623,4.3087707,-0.15728472,2.0303938,0,351,1652
6.0644045,1.0352123,2.9448214,0.4060766,-0.7656328,2.0540118,0,1451,1563
-3.3542495,-0.09898866,0.46556616,0.34953353,2.119074,-0.3346426,0,121,868
-4.2000394,-0.23282243,-0.3570481,0.48733512,1.1581061,-0.18881074,0,526,820
-2.4129055,0.563593,0.27020943,-0.2077964,-1.8103408,0.30130145,0,1764,776
-2.0730405,0.36019453,1.4454356,-0.06519668,1.5409371,-0.24002917,0,2324,246
-3.089416,0.2298445,0.066244856,-1.084861,-1.4627826,0.24634469,1,1768,1354
-4.096979,-0.12783568,-0.42505902,0.3527895,0.67429286,-0.11909403,0,405,1136
-2.2734842,0.25473914,1.3378791,0.07962668,1.3350419,-0.1827482,0,1441,178
-2.7765129,0.3563147,0.20714131,-0.047126755,-1.2129009,0.21837226,1,1177,678
-2.491256,0.5111793,0.28095484,-0.18052724,-1.4850293,0.24707827,0,1804,712
8.308032,1.6405767,0.33785838,-0.3620879,0.66180336,2.7099257,1,1599,1726
3.4006736,4.2903314,0.5890677,0.66907126,-1.0867374,0.6429243,0,1258,1568
6.223774,-3.3603039,-4.249172,-3.0593185,1.6675813,-0.15940335,1,2096,1700
-1.0891702,-3.8576124,0.33566567,-3.1140444,0.3772929,1.5230589,0,2387,1597
5.8236127,3.4994793,1.2471104,2.2931023,-0.29987147,1.9998404,1,852,1679
7.740595,0.14882408,0.1913597,-1.0970149,0.2928119,0.62628525,1,1722,1533
-2.4129598,0.56460655,0.2500237,-0.1878947,-2.139489,0.36610255,1,1560,970
-2.2029996,0.27470574,1.4089175,0.033202752,1.6403444,-0.2434467,0,2038,196
-4.2097683,-0.2583809,-0.30695987,0.50529325,1.5025184,-0.2490404,0,518,527
-2.9685926,0.19992791,0.29799417,0.06374163,-0.09333366,0.03182627,0,1204,418
6.726172,-2.8477201,4.933252,0.7526671,-1.994931,-2.46271,0,1448,1451
5.725713,0.21079606,-2.4793901,-0.36474735,-0.64278144,1.7420721,1,1382,1388
-3.3856068,-0.12803437,0.4812116,0.3905803,2.247954,-0.35320383,1,164,782
-4.297658,-0.28794643,-0.35935026,0.550613,1.5077362,-0.24750361,1,454,806
-2.375404,0.57096225,0.30004334,-0.20663115,-1.8829451,0.31680864,1,1760,931
-2.5049458,0.35317767,0.57617986,-1.3988082,-1.617401,0.29497245,1,1737,1032
-2.512633,0.43242374,0.4641656,-1.1243906,-1.7410921,0.3095868,1,1683,1054
-3.6563623,0.1250497,-0.4382475,0.1414692,-1.0866228,0.18170571,0,889,1054
-2.996923,0.16810726,0.3245198,0.09707869,0.058036543,0.010047128,0,1083,450
8.158903,3.8859577,0.8994867,2.9063635,-0.39043254,-2.0557086,1,717,1747
9.141158,3.195052,6.1568427,0.45254293,-0.19025382,-0.7524563,0,1731,1951
-4.0021734,-0.06399475,-0.38196582,0.35478044,0.45847625,-0.07658946,1,695,713
7.6509557,-0.90020573,-5.621923,-1.2420282,0.02318541,-1.5056106,1,1532,1330
6.117299,-0.8005239,6.0441427,0.9161765,-1.5470454,-1.4974815,1,1545,1605
-2.6732774,0.43844113,0.16790752,-0.10378813,-1.7006005,0.29690072,1,1236,741
-3.3205578,-0.10720988,0.5523878,0.32397822,2.6497173,-0.4334907,0,131,78
-2.7431798,1.4984536,0.038527533,0.041066054,0.15330349,-0.0734485,0,1093,438
7.5861187,-0.053363975,-1.7490438,1.0279781,0.46838805,2.0775676,1,1101,1754
6.0162916,2.0036035,-4.1480246,-3.129232,0.76808786,-3.8039167,1,2011,1781
-3.393019,-0.13059843,0.48007894,0.39049917,2.2947824,-0.3620756,1,130,802
-2.4909463,0.38483694,0.52663803,-1.2028494,-1.7048922,0.30779758,0,1697,1043
8.129551,-0.4378169,7.0878916,1.5949184,-0.91272014,0.9262599,1,1486,1766
-2.2854648,0.1983018,1.4443041,0.10177046,2.1277556,-0.3219428,0,2100,106
-3.360878,-0.119433075,0.48728308,0.38806343,2.123403,-0.32980347,0,298,617
-3.2546308,0.37553075,-0.4538138,-0.049228527,-2.357224,0.38510782,0,1262,845
-3.4259994,0.2651993,-0.43896407,0.027171578,-1.7742485,0.29125825,1,1086,1304
-2.7754912,0.35751668,0.20579322,-0.047846213,-1.223151,0.22009023,1,1176,681
-3.8036683,0.0110629285,-0.37813854,0.23415814,-0.2897675,0.04941321,1,861,703
-3.3758795,0.3027723,-0.45862067,0.004420888,-2.0519505,0.33807522,1,1167,856
8.101726,-3.197659,0.557852,-2.4183083,2.0656588,3.0162334,0,2191,1839
-3.8131852,0.0224835,-0.41399282,0.22641923,-0.42644635,0.07188091,0,754,1018
3.363684,0.66000617,1.7503922,-0.03448341,-1.3167154,2.0795646,1,1439,1372
-2.9378128,0.21162058,0.32894337,0.03441268,0.118760325,-0.011199398,0,1658,349
-0.4795026,-4.0972753,-0.06692151,-2.7419844,-0.6501678,-3.07352,1,2196,1648
-2.2550454,0.23083715,1.4335494,0.07558618,1.9128909,-0.28717813,0,2024,140
-3.6458223,0.08544153,-0.33617353,0.16253193,-0.6005439,0.09960111,1,1020,605
-0.52093905,-3.9692872,-0.16017327,-2.5519078,-0.90391105,-2.9857404,0,2078,1617
-3.9070196,-0.07960666,-0.31176826,0.3135222,0.40491816,-0.0665051,0,816,517
-3.0995402,0.0989809,0.37575036,0.1365327,0.8826214,-0.13503845,0,281,1260
-0.5092687,-3.234168,0.4262138,-2.8387578,-1.1449066,-2.4041634,0,2218,1041
2.4879217,1.7758356,-1.714447,-3.1358874,0.28349543,-1.8715951,0,2170,1592
-2.4959247,0.53602165,0.2073357,-0.17927705,-1.9406593,0.32841113,1,1547,752
-4.2446504,-0.29506916,-0.24653575,0.5172853,2.1261597,-0.3625234,1,482,91
0.31837073,-6.7509756,-0.6025139,-2.8017442,0.5396706,2.1872633,1,2222,1662
8.817608,3.1968975,-3.2098129,3.4749575,1.2181259,2.4489932,0,439,1921
-4.00262,-0.13677526,-0.30806494,0.3705554,0.7652735,-0.126697,0,733,489
4.5336423,0.31547076,-2.7346206,3.2082593,-0.18593113,-2.6047199,0,542,1515
-2.3408775,1.1375272,-0.7633974,5.4141335,-0.6007064,0.015946953,0,267,1527
7.676233,-0.95203763,-1.5167931,-3.2698996,0.41061735,-3.0844264,0,2128,1191
-0.516339,-5.061113,-0.52007097,-1.7846153,-0.5273471,2.0758944,1,1870,1559
-3.3420582,-0.1142854,0.5222429,0.35433176,2.4216466,-0.38830206,1,194,315
-4.1886883,-0.24348249,-0.30881718,0.48431078,1.4463485,-0.2411189,1,556,456
-2.5201807,0.50087816,0.25665444,-0.16541609,-1.5926492,0.26907334,0,1663,702
5.9730706,3.7949448,-6.1127167,5.346917,0.9307136,-0.33016443,0,33,1578
8.181866,-2.226055,1.6951905,3.1104238,-0.72973067,-3.0370686,0,693,1718
-3.3245304,-0.11234649,0.54823405,0.34151936,2.5530841,-0.41335917,1,220,126
-3.1928914,0.022302123,0.41691765,0.21362998,1.3637167,-0.21250652,0,199,1105
-2.4571211,0.5589713,0.19788888,-0.17912735,-2.264582,0.38849172,0,1470,975
-3.637525,0.1444303,-0.44507176,0.117872536,-1.0887412,0.17753814,1,860,1253
5.0447564,-3.2821085,8.765678,-0.7910162,-0.033204783,0.0034474176,1,2276,1904
0.4987572,-4.980731,-0.8603042,0.6177034,-1.1011431,2.1790328,1,1252,1647
-4.0122523,-0.1457651,-0.3014803,0.3800845,0.82681966,-0.13668363,1,714,492
6.926739,-3.2565703,3.6506226,-2.0287626,1.0961745,0.32946706,0,2294,1812
-4.006363,-0.07809867,-0.42087418,0.3049056,0.36136195,-0.066288486,0,488,1209
-3.090664,0.16753577,0.1945386,-1.4858303,-1.2800995,0.22098824,0,1852,1344
6.1974654,-3.8495777,4.501171,0.51114327,-1.829023,-2.3131475,1,1493,1485
-3.7081575,0.06459984,-0.37111953,0.18438402,-0.5668468,0.09454884,1,951,668
3.9544158,-1.9404217,0.83972263,-2.46683,0.70951277,1.9956653,1,2037,1741
-2.2708046,0.2274426,1.4145144,0.08646045,1.8211035,-0.26932806,0,1897,136
3.0466638,-3.3006146,-1.227247,1.2420145,-1.4775748,-3.0693269,1,1018,1542
8.250482,-2.1027305,2.3516655,3.3906236,0.27513748,2.889211,1,681,1792
-3.1488106,0.43018326,-0.4372458,-0.08430736,-2.626021,0.42946535,1,1370,985
1.6961105,-3.4752538,-1.1584426,-2.1802557,-0.16637814,-0.16022918,0,1923,1593
-3.2220817,0.023847075,0.34066367,0.22897528,0.93568844,-0.135325,0,856,374
-2.2284997,1.2116222,0.19002686,-0.2335106,-1.7860307,0.2679421,1,1803,943
4.2902865,0.33546877,-3.292185,-0.8726283,-0.7107766,2.4086244,0,1412,1236
-4.210438,-0.25582898,-0.3148729,0.50459886,1.4527045,-0.24012643,1,519,569
6.0891285,0.82514226,-3.653386,4.7205114,-0.14599094,-1.9027127,0,210,1932
3.8252378,-3.4207294,-1.9037313,3.4665275,0.20352532,1.3204691,0,502,1657
-2.2333012,0.21700348,1.4729192,0.058507778,2.2936528,-0.3567552,0,2356,50
-3.8465722,-0.035666775,-0.33127248,0.27338266,0.09042503,-0.013869229,1,850,585
-2.1086006,0.3980551,1.4131277,-0.07127841,1.1591725,-0.17841542,0,1917,312
-3.695336,0.10208346,-0.4362902,0.15894985,-0.9313394,0.15532416,1,922,838
-3.8656497,-0.0005830883,-0.423567,0.24256347,-0.23797444,0.037990823,0,677,1114
-3.3667374,-0.12030956,0.47435525,0.3985479,2.016194,-0.30900437,0,338,738
-2.1068816,0.40945545,1.3861744,-0.07477884,0.984461,-0.14756577,0,1812,328
-2.457646,0.10133441,1.3688302,0.23750845,2.1473107,-0.30939788,0,1009,50
-0.7380899,-4.49032,-0.07000371,-2.6429617,0.14395103,1.8868203,1,2167,1658
7.90449,-4.2914796,-7.4646926,-1.4977695,0.83767486,2.8645797,0,1559,1257
6.184099,5.7355437,0.58409905,-3.465855,0.337892,-3.7079818,0,2267,1467
-2.0963216,-0.015807545,0.18592016,-0.179354,-0.085657336,0.02356833,0,1924,422
-2.6104043,0.26425663,0.65520793,-1.5786582,-0.7128853,0.13131823,0,2150,693
-3.3672783,-0.121104844,0.48033455,0.39327118,2.0919776,-0.32359767,0,291,706
-3.4467366,0.2668133,-0.48004508,0.038062554,-1.9996223,0.3333303,0,1097,1118
-2.1481838,1.8371944,-0.008187096,-0.2529086,-1.9483156,0.26433855,1,1679,873
3.6448927,-0.7984175,0.064825654,-0.248376,-1.3195735,1.1101053,0,1415,1323
-2.5180821,0.26384827,0.77526987,-2.080894,-0.9543386,0.17660642,0,2201,870
-3.138692,0.4339266,-0.4291098,-0.08948178,-2.590526,0.42215225,1,1397,952
-3.341008,-0.1186813,0.5157106,0.380003,2.2295196,-0.34940553,0,384,351
8.5737295,-0.31757596,7.2714295,0.51858157,0.04741353,2.7346795,1,1752,1923
5.156536,0.41958213,-3.1938865,3.4027326,0.67043865,2.3847125,0,445,1856
-3.4248462,0.26635417,-0.43995404,0.026419315,-1.7824147,0.29259297,1,1137,787
-2.4186277,0.5714162,0.23356181,-0.19854745,-2.0996382,0.35536095,1,1607,882
7.158243,1.0354173,-0.36823738,-2.5878994,1.6589106,2.1049786,0,2065,1883
-2.5387328,0.28250942,0.6822652,-1.6815704,-1.3091105,0.24668947,1,1834,1165
4.1024733,0.3126722,-0.8651336,-0.35471144,-1.0133845,2.1058435,1,1413,1394
-3.8678114,-0.03521305,-0.35906878,0.27539185,0.026708527,-0.003199148,1,826,642
7.850118,-2.735962,-2.5630624,-0.32263595,0.2609191,3.470328,0,1386,1397
-2.588601,0.15244772,0.9012901,-2.5983407,-0.94678074,0.19228655,0,2054,1014
-2.4670284,0.5535947,0.20634656,-0.18748438,-2.0601325,0.34889728,1,1522,773
10.270717,-0.8010933,4.6767483,1.7004997,0.11778909,2.2493112,0,1373,1938
3.5234683,-4.0796556,-1.9914538,0.19655184,-0.6754527,2.7136996,0,1242,1401
7.5279007,-1.5261416,-1.9205902,-2.3319337,0.18877217,-3.3686724,0,2398,768
9.472277,-1.5920948,3.6447284,-2.5809453,1.1849483,2.2195888,0,2318,1326
-2.269311,0.25356975,1.3483657,0.07740519,1.3942708,-0.19367684,0,1548,174
-4.213212,-0.27562162,-0.25495547,0.50125605,1.9252077,-0.3268143,1,546,151
-4.286447,-0.28959537,-0.3351143,0.54361814,1.640952,-0.27225995,1,463,582
0.7441526,-3.8298116,0.33842322,-2.8269377,-0.06716903,1.5375574,0,2099,1473
1.9079425,-4.1878643,-1.7176636,0.3203223,-1.1353413,2.5218382,0,1190,1349
-4.258459,-0.28338876,-0.3147623,0.53600866,1.6336015,-0.2706053,1,478,557
-0.7442957,-0.3128,-1.6119639,-0.4095367,-1.5498661,-0.786961,1,1058,1409
-4.2120485,-0.26195824,-0.2888951,0.49430054,1.7030724,-0.28746894,0,557,277
-2.4815075,0.55109406,0.18719563,-0.1802145,-2.1581469,0.36774313,1,1409,774
5.6651897,3.7290514,-1.3733939,-3.521515,0.8137285,1.9412925,0,2185,1122
-2.2734804,1.5597599,0.5289834,-2.0038536,-0.9459174,0.122746065,1,1917,1263
5.962781,-0.57827103,0.11849088,-0.9824801,0.48936114,1.9543576,0,1716,1731
9.545698,-8.008412,-0.47541836,2.8997314,0.3014122,-1.642881,1,734,1797
-3.3156571,-0.11254963,0.5593612,0.34174466,2.5685487,-0.41571948,1,244,93
-3.659927,0.11858493,-0.42756468,0.14478649,-1.0124141,0.16888395,1,941,833
1.1059068,-6.388169,-1.4551784,1.2309546,-1.0762343,0.71327376,1,1082,1628
-3.3801343,-0.12542385,0.49467817,0.37271598,2.4011924,-0.38353398,1,69,653
5.7032084,0.8835616,-1.3810431,-1.576637,-0.11888089,-1.4989599,1,1758,1562
-2.1612892,4.1790338,-0.5158406,-0.1347381,-0.07362817,-0.17455594,0,1248,439
6.3759403,2.670735,-5.213981,0.1445433,0.38644084,2.6764922,1,1165,1519
1.1173042,-7.7299366,-1.4828845,-2.181235,0.10287551,2.646078,1,1930,1564
6.503533,-0.6889772,-0.6552031,-1.212013,0.043664236,2.6407802,1,1655,1350
-3.1497211,0.43034783,-0.43929553,-0.08386056,-2.6374955,0.43159306,0,1361,983
-2.5112941,0.5323058,0.18979888,-0.17144397,-2.0270648,0.34528542,1,1439,751
8.493558,-2.56999,-3.754795,-3.3046641,0.7094463,-2.905938,0,2307,934
5.573877,1.3996218,-1.5578586,-1.7160572,0.49626788,2.3567123,1,1764,1566
4.457321,-3.5389817,0.9316164,-0.107083,-1.1284078,2.033264,1,1426,1374
-3.1467392,0.43077162,-0.43511152,-0.08536114,-2.6158092,0.42744556,0,1378,980
-4.2936935,-0.28909746,-0.3492823,0.54840857,1.5645536,-0.25798288,1,453,710
-1.7395866,-1.8209192,-0.08482111,-1.5905263,-0.8395978,1.3710672,1,1859,1549
2.717689,-0.5421503,-2.7150023,1.0026524,-1.4413778,-2.979961,0,1066,1579
-3.825743,-0.03902867,-0.2963464,0.27237737,0.201597,-0.032964163,0,898,493
-4.2813196,-0.28961858,-0.32595634,0.5400756,1.6893933,-0.28136447,1,448,542
-3.309672,-0.07049327,0.4443275,0.3371253,1.701901,-0.2587392,0,328,907
-4.261479,-0.29037535,-0.288762,0.5267082,1.8882582,-0.31862333,0,481,290
3.2625785,5.2609663,-3.3116891,0.73783904,-0.61464685,1.6539049,0,1059,1470
-4.245237,-0.26683238,-0.33493638,0.5191975,1.4748462,-0.24369214,0,504,608
5.915031,-2.391059,-3.4168894,0.11063524,0.40785763,1.7441549,1,1306,1708
-3.119219,0.38029277,-0.29401353,-0.40283808,-2.3655567,0.389368,1,1498,1030
8.573821,5.9709806,2.6624088,-2.1555085,1.9533435,1.8101397,1,2357,1943
-3.9219635,-0.0029786287,-0.45609516,0.22139694,0.061353177,-0.024389891,0,464,1392
-2.311732,0.22164048,1.3362166,0.11061358,1.4850302,-0.20522028,0,1419,143
5.3792796,2.9830468,-2.252063,0.82070404,-0.28248838,0.64718693,1,1117,1747
-3.0493536,0.13963354,0.36783427,0.08505312,0.815642,-0.13055149,0,190,1351
7.3625665,-2.9178872,0.7902541,-0.8679573,-0.5291426,-3.2151668,0,1700,1607
-3.179033,0.42559233,-0.46053421,-0.0827256,-2.5875306,0.42085794,1,1334,880
-2.9595394,0.2075587,0.29398364,0.056773428,-0.13514271,0.038353804,0,1219,420
-3.1491253,0.43708655,-0.4468602,-0.0911674,-2.617204,0.4255433,1,1350,884
-3.3192167,-0.101461954,0.55074805,0.30769485,2.7175398,-0.44835487,0,15,90
1.2312298,0.98653215,-2.0195093,-2.2798731,-0.025632098,1.5302275,0,1908,1566
4.529209,2.1315181,-4.0264716,-0.4932854,-0.49092403,2.4983435,1,1335,1377
5.111923,-0.41872057,-3.3616369,1.8992081,0.25711945,1.9282154,1,773,1708
-3.47405,0.23966481,-0.44712305,0.04799955,-1.6741551,0.27572697,1,1037,1266
-4.2622647,-0.28615984,-0.31421044,0.5399557,1.6452895,-0.2723111,1,472,570
-4.2124586,-0.27473706,-0.25594947,0.50033617,1.9171826,-0.32546216,1,550,151
3.0018773,6.2141356,-3.2129724,3.7558947,0.010650383,1.4302467,0,383,1790
-2.464561,0.6748289,0.16656177,-0.17973779,-2.0890431,0.3499247,1,1407,761
6.2845836,-0.7537646,-0.90253633,0.1856906,-1.0595022,-3.2335823,0,1345,1621
-2.160592,0.3035266,1.4391532,5.6106994e-05,1.6602345,-0.25255853,0,2148,223
-2.1756732,0.33976597,1.3169758,-0.000252131,0.90794915,-0.11749194,0,1566,276
3.812579,-9.392614,-2.428217,-2.7390592,-0.3717917,-2.4170425,0,2265,856
-4.102651,-0.15405034,-0.39175296,0.39138418,0.736048,-0.12337255,0,489,1045
12.600948,-1.1496679,-0.44777554,1.594729,0.43319842,-2.8824368,0,1106,1879
-3.3219776,0.3883082,-0.5781651,0.43040586,-2.4182334,0.39732134,0,1172,1069
-2.464204,0.53003263,0.2733212,-0.18802905,-1.6436075,0.27469042,0,1753,735
-2.3263686,1.2172542,-0.83339137,5.741545,-0.49971852,-0.00935175,0,191,1496
0.89458376,-7.2729154,-2.1467779,-0.5202608,-1.3544995,-2.9931276,0,928,1438
-3.9011936,-0.07251604,-0.32009855,0.30757734,0.34022456,-0.05558909,1,815,542
-4.082032,-0.16041842,-0.33722487,0.41190246,0.9117755,-0.15104128,1,649,572
-3.3060973,-0.10940796,0.5731956,0.32771146,2.6760433,-0.43699884,0,206,0
6.0990543,-0.13222112,1.6627252,-0.7287887,-1.2730798,-2.9881392,0,1646,1417
-3.3660781,-0.118331425,0.5064246,0.353319,2.4876032,-0.4015815,1,39,483
-3.370345,-0.12172677,0.47653118,0.39568615,2.0738525,-0.32007918,0,296,737
-3.2330189,0.4039028,-0.49493247,0.049598552,-2.594415,0.4268203,1,1288,1029
-3.5902843,0.169764,-0.4491076,0.10515143,-1.344095,0.22350161,1,999,863
-2.1888413,0.27358085,1.4693202,0.022762682,1.9217602,-0.2966625,0,2215,185
4.9576316,2.1769981,-5.0194774,3.8120883,0.5766446,-0.07467512,0,383,1591
-3.154243,0.05924167,0.39845178,0.16622894,1.2476393,-0.19818576,0,142,1187
-3.1171694,0.39528003,-0.31881845,-0.15058608,-2.219312,0.36159018,1,1503,1214
-4.257322,-0.28488415,-0.30880365,0.5359261,1.6698048,-0.2771473,1,476,525
-2.6715834,3.1474857,-0.09164069,0.18943584,2.7838519,-0.61645997,0,285,49
-3.3195267,0.3902817,-0.5792533,0.42295253,-2.436268,0.40031585,0,1177,1071
10.095671,0.71564317,1.4063126,0.59951514,-0.4028736,-2.895318,1,1412,1803
0.21818507,-6.3291183,-1.6901895,-0.40326,-1.7901087,2.5292869,0,1394,1193
-1.1795818,-3.0771937,-0.21275505,-1.6393166,-1.3682345,-1.7704989,1,1863,1503
5.83718,8.128385,1.8597561,-3.4021976,1.0332388,0.35135132,0,2330,1447
-3.1435287,0.4220039,-0.41457295,-0.062818974,-2.539197,0.41578153,1,1391,1097
9.894609,3.4857676,4.24854,-0.13775195,0.29186794,-1.1867678,0,1773,1948
-3.3192277,0.34353846,-0.4844346,-0.013705681,-2.4472163,0.40753564,1,1214,1016
-3.714555,2.6635754,-0.95567,0.40253264,1.7679106,-0.44231498,0,468,637
-2.117763,0.39839283,1.1332046,-0.09825177,0.59538007,-0.07723505,0,2244,408
-3.330578,-0.1142451,0.53735465,0.35267672,2.4574356,-0.39452693,1,248,214
-2.9284847,0.2181841,0.3282333,0.027688187,0.09767752,-0.008380195,0,1686,357
6.7045608,-2.3051138,-1.1860725,0.2846145,-0.6740429,-3.2733715,0,1350,1786
-3.2495973,-0.023640355,0.4372892,0.2668511,1.6073185,-0.2502107,0,198,1011
8.894626,2.4054914,4.0152373,-1.8965423,1.6983997,2.3180656,1,2323,1915
7.459044,0.29281455,-0.4836085,-0.03837538,-0.7006472,-3.3060634,1,1452,1658
6.4937043,-3.776405,0.5315496,-2.719463,1.7078247,2.0558662,0,2268,1737
-4.2192655,-0.27249822,-0.27392662,0.5039792,1.8151295,-0.30667037,0,531,247
-2.4143987,0.13874075,1.3470308,0.19414589,1.9189457,-0.2730681,0,1288,57
-3.484375,0.22951572,-0.428576,0.046589985,-1.4670215,0.23740575,1,998,1389
-2.6307175,0.79612964,0.12528339,-0.09443004,-1.3621079,0.22111058,1,1246,668
-3.1131096,3.0357344,-1.0416942,0.02735803,-0.8005396,-0.015713554,1,927,839
2.035437,4.682656,-1.7417221,0.74431413,-0.66831183,1.0295758,1,1157,1748
-4.2458715,-0.24581079,-0.37850904,0.49586138,1.2744162,-0.21110494,0,436,892
5.368714,4.546744,-3.3652508,4.8715334,-0.5358215,-2.7754023,0,187,1945
7.625673,3.5415995,1.0020107,0.15284987,-0.9772443,-3.2746837,0,1446,1623
4.8880305,0.7659798,-2.0249891,-3.4894369,-0.008926172,-3.2949493,0,2072,1254
-4.2816615,-0.28977582,-0.3261495,0.54038656,1.68887,-0.28123817,1,454,535
-2.8195882,2.6103926,-0.04954301,0.23451473,2.5275505,-0.5419558,1,147,488
-3.3119826,-0.112343624,0.5653373,0.3391533,2.599522,-0.42157972,1,246,59
-2.462637,0.17988415,-0.7341616,0.5004627,-2.3772252,0.38530642,1,1281,1303
10.343018,-4.1358027,1.0951375,0.94253784,1.0065341,3.3670623,1,1399,1910
6.583149,0.83298224,8.130471,1.3318653,-0.75048536,2.1963987,1,1611,1877
-3.4892237,0.2234535,-0.42123985,0.05002953,-1.4124628,0.2282033,1,979,1397
-3.3574328,-0.002881848,0.44774666,0.3876884,2.1574447,-0.3420873,0,237,754
2.9104383,0.13752568,1.7833446,-3.001616,0.4574565,1.7131245,0,2221,1474
-4.2460723,-0.29661754,-0.24497813,0.51898825,2.1392715,-0.3647141,1,471,95
-2.1228285,0.30942687,1.4613607,-0.026503,1.8433224,-0.28785974,0,2369,159
4.009722,-3.2216814,-4.129824,0.20989631,-1.4161117,-2.7740226,1,1139,1341
-2.356336,0.58558834,0.31289655,-0.23578618,-1.6283121,0.26332286,0,1996,803
-2.118653,2.323084,-0.08039347,-0.25427914,-1.3519505,0.13233763,0,1845,713
-2.5147905,0.5269226,0.19774215,-0.16945297,-1.9716803,0.33580577,1,1461,743
-2.4268224,0.571487,0.21881516,-0.19451132,-2.179699,0.370391,1,1541,874
8.185383,-5.3896213,-1.9738312,2.4467094,0.17349228,-1.8170284,1,752,1749
0.1226483,-6.6198106,-1.7504919,-0.505226,-0.9709076,2.5488358,1,1101,1421
-1.5050696,-2.9469957,0.054143626,-2.2155743,-0.6063281,0.7606925,1,1992,1545
-3.3992224,-0.13319464,0.48678827,0.38286063,2.430406,-0.3881909,0,37,776
10.20655,-1.9347554,3.583298,1.4516879,0.35627478,2.2318804,1,1389,1944
-3.2716415,-0.041922737,0.4365379,0.29985082,1.573438,-0.23963782,0,303,966
-2.4963713,0.06745003,1.381749,0.2702933,2.3878734,-0.34927806,0,868,15
-3.6902473,0.061638627,-0.34205377,0.1843479,-0.48632467,0.08111488,0,977,616
8.698494,-0.5417804,7.409717,1.6919533,-0.75102437,2.7233264,0,1454,1759
-3.1170735,0.3962067,-0.32338157,-0.20396361,-2.31224,0.37841275,0,1488,1151
-4.247228,-0.29566124,-0.24954951,0.5193408,2.1121042,-0.35977542,1,476,111
6.375777,-0.35836694,4.456034,1.4629724,-0.64055586,2.1480324,0,1292,1848
-2.4679751,0.5528162,0.2067119,-0.18698934,-2.0563788,0.3483259,0,1521,772
7.916885,9.587925,6.2722907,0.8838407,-0.31889144,1.3525699,1,1609,1873
-3.344628,-0.11368418,0.52135944,0.3495202,2.4599164,-0.39612556,1,167,294
-3.3936,-0.13057074,0.47897577,0.39088845,2.288869,-0.36096856,1,134,803
-2.3797646,0.5652163,0.30179632,-0.19774428,-1.9319783,0.32804307,0,1704,986
7.7077436,-1.3219285,3.4802036,0.5676621,-1.062112,-0.7668917,1,1484,1500
6.6596045,1.1884955,0.8325039,-0.6814017,-0.17337711,2.5232866,1,1607,1431
-4.266466,-0.2798037,-0.3384156,0.5398603,1.4973234,-0.24561693,0,481,720
-2.2436857,0.28860667,1.300089,0.05399138,1.0205444,-0.12937725,0,1283,248
-4.281797,-0.28950036,-0.32711646,0.5403501,1.6828897,-0.28016257,1,445,554
-4.199735,-0.24826223,-0.3158237,0.49391714,1.4241028,-0.23608951,1,536,532
-3.8507433,-0.0676571,-0.26533797,0.2967793,0.44817746,-0.07429286,0,900,415
-3.6420968,0.14620583,-0.44694102,0.110864006,-1.0172663,0.1625887,0,832,1339
-4.1844387,-0.26005384,-0.25761145,0.48875976,1.7687237,-0.2987974,0,569,220
-3.2156615,0.0061839614,0.40915772,0.24484506,1.2844341,-0.19378981,0,323,1064
3.4160502,4.463113,-1.673859,1.0719665,-0.4655028,0.4831793,1,1044,1648
-2.2707396,0.23113267,1.4049134,0.08525063,1.7594165,-0.2583798,0,1853,141
-3.32515,-0.118635125,0.5485678,0.3631029,2.4447618,-0.39037022,0,355,153
-4.126636,-0.16422929,-0.3948065,0.39765063,0.8448753,-0.14338765,0,433,1052
-2.9090333,0.23985894,0.2849123,0.0383843,-0.4215693,0.08878416,0,1131,532
6.955198,2.2762709,0.43339443,-2.895242,1.6554676,1.9017795,1,2238,1747
-2.3837266,0.57019967,0.28726023,-0.20251217,-1.950482,0.32962885,1,1709,934
4.1424303,-1.8897368,4.8004684,-1.6991922,0.46052784,1.0720353,0,2161,1861
-4.2461057,-0.29461125,-0.25032428,0.51807576,2.1046994,-0.35856944,1,482,108
-3.0901678,0.116101965,0.30556092,-1.7081014,-0.99030685,0.17523171,0,1924,1438
5.722712,-0.3142108,-0.6187579,-0.47288853,-0.73569965,2.0555499,1,1441,1347
-3.0017948,0.17096911,0.3152681,0.09005867,0.07699137,0.0048668184,0,1154,405
4.7459464,-3.073518,-4.617046,-0.8098242,-0.5751144,2.2934103,0,1385,1206
0.6197096,-5.5706725,-0.9339286,0.76502293,-1.2915542,0.40201437,1,1234,1640
6.625352,0.50333935,2.2551012,-0.119447716,-0.9811808,-1.6162641,1,1581,1510
6.552078,6.9316955,-4.3970766,-0.30660194,-0.5685565,-3.733461,1,1292,1643
4.238548,-3.311979,-0.73245454,-0.27090973,-1.0791444,2.1963687,1,1385,1353
-2.4440057,0.5573105,0.21975277,-0.17888321,-2.2148101,0.38047042,1,1497,1008
7.5926757,-5.222381,-7.024176,4.5511036,1.8287059,3.405488,0,188,1677
-3.3970366,-0.1316482,0.48659128,0.38063282,2.424491,-0.38735303,0,42,749
-3.176606,0.4797416,-0.5635578,0.7296427,-2.2577872,0.3568955,1,1272,1327
-3.328743,0.38073403,-0.57119805,0.41280392,-2.3895535,0.39304438,0,1165,1055
7.23032,-3.733093,3.064699,0.458258,-0.9732748,-2.6351848,0,1537,1692
-3.1040184,0.38653848,-0.28383633,-0.2154464,-2.1644034,0.35323617,1,1529,1218
-3.0185776,0.16247429,0.36235192,0.061254166,0.7244702,-0.11740398,0,185,1399
1.64355,-0.39415208,-3.304067,-0.7806056,-0.32151178,2.1976483,1,980,1435
-3.451459,0.24589626,-0.4233904,0.035031345,-1.5617075,0.25351682,1,1036,1385
4.605246,-3.386993,-2.7486203,0.61706257,-1.0715437,-2.9175973,1,1128,1588
7.1227975,0.6118126,4.8718424,0.68702173,-1.1759601,-1.6848807,0,1554,1636
-2.3864787,0.5712054,0.27972573,-0.20118394,-1.9935849,0.3375544,0,1679,925
-3.3709874,-0.089638546,0.4850674,0.36844015,2.3805468,-0.38170025,1,99,593
-3.363322,-0.11828714,0.50570065,0.35794115,2.4371133,-0.39155373,1,82,488
8.746155,0.18188418,-3.0986056,1.2381885,0.6974051,2.0165768,1,974,1671
-1.0678934,-3.868274,-0.12364716,-2.3805618,-0.38367763,1.8574644,1,2004,1540
-4.248063,-0.29633802,-0.24924672,0.52023226,2.1158383,-0.3603575,1,472,114
-3.6570008,0.09730896,-0.3769072,0.1569468,-0.7681736,0.12786816,1,978,695
-2.5514011,0.44554874,0.35292807,-0.15292555,-0.868197,0.14141984,0,2000,625
4.198803,6.090788,-2.694418,0.23159938,-0.33206737,0.33065104,1,1244,1682
8.143395,8.586334,-5.5281534,-1.4665409,0.85329556,1.5554233,1,1535,1410
8.096804,5.4965315,0.5464487,-1.1899478,0.9705463,1.1860551,0,1782,1843
-3.7618146,0.054291848,-0.41762882,0.19841218,-0.61859244,0.10366604,1,876,797
4.8535075,-6.203245,-2.386494,-3.3451247,1.7150047,1.9185268,1,2294,1663
-4.3046846,-0.2926231,-0.34627253,0.54273725,1.6885198,-0.28206217,1,406,599
-2.4259782,0.12788141,1.3656697,0.21248433,1.9831004,-0.28269222,0,1002,99
0.057724915,-2.658831,-1.503169,6.383357,-0.7393163,0.6408564,0,21,1917
-2.7265463,0.38547733,0.21260217,-0.069977686,-1.3309991,0.23660581,1,1229,668
1.6374468,-2.0235386,2.2362404,2.980301,-1.0042135,0.7432564,1,744,1783
4.955158,-4.087536,-2.8124971,4.0800343,-0.38424984,-2.4243026,0,348,1856
5.401825,-4.158373,-0.9944328,1.5282215,-1.059855,-2.7353747,1,950,1549
-3.3634233,-0.118032925,0.5103485,0.35137486,2.5074263,-0.40536168,1,21,485
-2.4455779,0.5567983,0.2183058,-0.178082,-2.2214746,0.38181075,1,1491,1012
-3.3478973,-0.11546274,0.5149855,0.35885417,2.3869479,-0.38156903,1,200,357
-3.380977,0.8211884,-1.4363796,4.90698,-0.8393562,0.046312686,0,404,1465
-2.8965468,3.3630905,-1.0811627,-0.0784022,-1.1959641,0.030146243,0,962,1419
-3.2059298,0.44501588,-0.539122,0.40144715,-2.4727464,0.40017572,0,1284,1190
-2.3507912,0.17781924,1.3675632,0.14511362,1.8451043,-0.26555097,0,1649,88
-2.399116,1.0469946,-0.66200393,4.9054966,-0.6116134,0.029608717,0,367,1518
4.057009,-0.19826774,-2.2040248,-3.5565424,0.4189733,-3.6613998,0,2273,1568
-4.0674534,-0.19546202,-0.25679424,0.42295775,1.3014756,-0.21843061,0,710,288
-3.344264,-0.11215909,0.52336633,0.34221092,2.5114632,-0.4066194,1,123,274
3.5947232,-1.5472931,1.0881987,0.67345697,-0.9388293,2.1961167,1,1275,1557
-3.2048476,0.028282912,0.35957026,0.21652989,1.0234315,-0.15259995,0,1063,224
-3.4209988,0.24659418,-0.3909864,0.03486049,-1.5500988,0.2534888,0,1179,700
10.994837,-2.3071241,-0.23485863,-2.113409,2.4969423,2.9442666,0,2049,1949
-3.3070214,-0.12084541,0.5817119,0.35763186,2.585146,-0.41588998,1,386,11
-3.3366015,-0.10863914,0.5331848,0.32901052,2.5990968,-0.42426196,1,88,186
4.397385,13.605992,-2.874402,-2.2501602,0.7510336,0.27775156,1,1809,1703
-2.5985637,0.39322963,0.41955066,-0.13860913,-0.23377109,0.0290824,0,2278,547
-2.6985052,3.2210507,-0.15525077,0.17939305,2.7570586,-0.6182545,1,33,335
-3.108699,0.3651986,-0.24643311,-0.4530041,-2.2115924,0.36361352,1,1563,1097
-2.5428314,0.22905944,0.79376006,-1.9259212,-1.0459082,0.20610699,1,1910,1253
3.7253923,-2.8270802,3.9122875,2.442565,-0.95670146,2.0411336,1,950,1778
6.7979527,6.886253,-1.9721292,2.1531231,-0.50181973,-3.3777335,1,749,1757
-3.3418024,-0.10820558,0.52844155,0.32578933,2.620178,-0.42885554,0,14,251
-3.3421123,-0.114283875,0.5221429,0.35436913,2.421115,-0.38820228,1,193,317
2.1006851,3.491023,0.0070378846,-2.297072,0.829254,1.3580555,1,1938,1774
4.216206,-2.2490964,-1.2658427,-2.7921395,0.29118952,-2.9467192,1,2027,1780
-3.048776,0.14044584,0.3192731,0.11649246,0.25850844,-0.025043186,0,1121,380
-2.4114852,1.0611705,-0.705575,5.1753345,-0.5052298,0.009069929,0,327,1465
-3.3763945,-0.124370225,0.48789942,0.38250533,2.271724,-0.35832372,1,161,686
-2.4369843,0.11739811,1.3737565,0.2239421,2.0576375,-0.29485455,0,926,104
3.564553,-4.974413,-2.8000765,-2.96127,-0.0936153,-3.4089246,0,2057,1548
-3.5073407,0.22433864,-0.455747,0.05973766,-1.6004599,0.26337865,1,1011,1258
-2.425872,0.5695578,0.22557585,-0.19492736,-2.1386971,0.363019,0,1575,894
1.3858699,-6.403311,-0.74547195,-2.1656058,-1.0864786,-3.003142,0,2342,784
10.400283,3.489395,1.1914372,-1.242182,1.688064,2.3059382,1,1862,1922
1.6350868,-8.338794,-1.8748306,-2.214678,0.26027218,2.4809043,1,1935,1564
3.6843758,-2.1634793,7.779354,-1.0709367,0.2026057,0.83817714,1,2309,1910
-3.0744982,0.123208985,0.31898803,0.13668096,0.3045604,-0.030683458,0,1013,434
-3.5185359,0.20973901,-0.42685807,0.059365503,-1.3254509,0.2130614,1,946,1406
-3.76295,0.05634174,-0.42503887,0.19859295,-0.6637771,0.11180096,0,820,972
-3.3260858,-0.108358115,0.54560494,0.32821497,2.6173637,-0.42720422,1,133,117
-2.1308055,0.318144,1.4535567,-0.021451678,1.6973566,-0.26209086,0,2254,225
-3.33578,1.8201159,-0.8057546,0.059524093,-0.90374666,0.06103327,1,834,1241
5.507299,0.22105093,2.4160223,2.2639804,-1.1646273,-2.1794856,1,946,1779
7.703747,-0.75717384,0.16355063,-0.60963273,0.12042201,2.3661187,0,1598,1444
2.9474363,-3.094999,-4.261962,-0.81636125,0.44961387,2.757126,0,857,1436
-3.3298266,-0.1066514,0.53996915,0.3235698,2.62887,-0.4302118,0,67,166
-3.4969385,0.23409109,-0.4731145,0.06114242,-1.800277,0.3003935,0,1047,1095
6.3364587,-3.6423624,0.99510556,0.32488874,-1.4601297,-2.9807823,0,1380,1510
-3.9816473,-0.10393141,-0.35734725,0.34554207,0.40712267,-0.06514773,1,707,710
-3.6354885,0.1448489,-0.4532842,0.12586552,-1.2187525,0.203094,0,964,886
-3.9614263,-0.1108482,-0.3147547,0.34688997,0.56601393,-0.09254103,1,744,559
-3.3659132,-0.1202836,0.4957257,0.37340108,2.3002288,-0.36440846,1,172,565
7.955132,-0.14120853,2.8263512,0.014700346,-0.37344497,-0.47044152,1,1620,1621
-3.2726498,0.3675572,-0.46485817,-0.039517425,-2.39825,0.39419112,1,1252,902
10.562025,5.5633664,-2.9059694,2.347237,0.9277315,-0.5217395,1,722,1770
-2.1910865,1.9156781,-0.057291955,-0.24010982,-1.8634448,0.24551877,1,1597,761
-3.538027,0.17343725,-0.38650292,0.093065485,-1.1814029,0.19461302,1,1083,694
6.5374312,-1.1767143,3.3448956,3.396272,-0.35425064,1.710293,1,704,1745
2.7128007,0.24247256,0.7974162,2.1244545,-0.7750319,1.8297045,1,877,1586
-2.5156093,0.30939692,0.6564362,-1.4777331,-1.3196579,0.24694192,1,1805,1225
5.8753533,4.8261013,3.6040723,0.11304589,-0.24707477,1.3947283,0,1624,1782
-2.439367,0.5722938,0.20031305,-0.1949932,-2.2087688,0.37466443,0,1513,842
-2.3112211,1.2289019,-0.8964503,6.1912265,-0.3425157,-0.04308034,0,61,1463
7.504414,-1.0860342,-4.875126,-1.903497,0.81019706,-0.4977822,0,1734,1479
-4.2451487,-0.2957552,-0.24561283,0.51794785,2.1331966,-0.3637249,1,478,91
-3.0844758,0.23906036,0.0525092,-1.0477512,-1.5087367,0.2537514,0,1756,1339
-3.0086462,0.17311089,0.29746512,0.09358143,-0.0240733,0.02348862,0,1061,484
-3.3564975,-0.1180031,0.5012712,0.3721366,2.2784233,-0.36020124,1,227,485
-2.397347,0.5785071,0.2527305,-0.20916134,-2.011768,0.3376329,1,1681,834
-3.130196,0.073074296,0.39955285,0.15252152,1.169615,-0.18543601,0,154,1213
-2.638216,0.4509358,0.19087252,-0.11574956,-1.6816704,0.29226866,0,1290,703
-3.3546638,-0.11454226,0.51669073,0.34385362,2.5301108,-0.4102455,1,28,407
9.093294,-3.2480123,1.991114,3.3541417,0.36940837,2.634126,1,678,1795
-3.9156308,-0.0149545735,-0.43851537,0.24324948,-0.0033228397,-0.007471324,0,550,1277
-3.674467,0.12505479,-0.43764633,0.12344905,-0.82560223,0.12902194,0,766,1374
3.5573542,2.0958219,-1.2001222,-1.7995776,-0.41000536,-3.3074439,1,1811,1690
-2.2974224,0.23752312,1.3407196,0.099848844,1.399087,-0.19176638,0,1303,170
-2.5217552,0.31791797,0.62858945,-1.4768876,-1.4147415,0.2623698,0,1789,1164
-3.4855957,0.23795263,-0.46312666,0.054469123,-1.7560972,0.29142216,1,1081,888
-3.979309,-0.10108531,-0.36069307,0.34308767,0.3810604,-0.060748823,0,707,724
-3.307223,-0.1209331,0.58158624,0.3578102,2.5847573,-0.41580138,1,387,11
-3.231835,0.39057025,-0.46225214,-0.054557115,-2.516025,0.4134523,1,1285,935
5.8231726,1.5400853,-3.0601573,-2.0901754,1.5825796,2.332619,0,2403,659
6.8103538,-1.9733741,-0.84382683,-0.98288494,0.048488423,2.959264,1,1606,1341
-2.359473,0.5844263,0.30446625,-0.22775055,-1.7445836,0.28641677,0,1899,816
-2.618229,0.47244635,0.16980533,-0.12779824,-1.8465171,0.31953186,1,1281,742
10.852496,-0.2881375,-0.62909704,0.3152069,0.08304181,-3.498062,1,1433,1829
8.368048,6.9936633,2.6765132,-0.059815157,0.19099455,1.3919939,1,1620,1811
-2.4169497,0.57353425,0.2309734,-0.19942641,-2.1184566,0.35853255,1,1592,863
-2.3397765,0.5662068,0.3647315,-0.21096802,-1.6644005,0.27862749,0,1889,997
4.8074446,-1.6097898,-2.701455,-3.0557318,1.5574178,2.490302,1,2097,1720
-3.7144494,0.082198575,-0.41789418,0.17426664,-0.780114,0.13036682,1,905,804
-3.2866583,-0.05366651,0.43607694,0.3202738,1.5653915,-0.23557387,0,361,938
-2.5498405,0.29539368,0.6717002,-1.6720327,-0.85432047,0.15296906,0,2200,745
-3.8431072,0.03752764,-0.4479006,0.1875634,-0.19554438,0.019493159,0,546,1408
8.773914,-2.567322,2.9017725,2.8620627,-0.44940376,-1.0638232,0,876,1839
10.452224,2.257755,3.1662228,0.1475273,0.07824027,-2.5089445,1,1677,1921
-2.6894517,0.40374413,0.23044181,-0.091811664,-1.279441,0.22375718,0,1366,594
-3.4389997,0.27028075,-0.47542405,0.033509966,-1.9832252,0.32964894,1,1118,933
-2.27868,0.24898915,1.3437957,0.08460383,1.3828677,-0.19072977,0,1459,170
-2.5504868,0.23635636,0.7669938,-1.9097338,-1.1146969,0.21693972,0,1897,1216
9.412187,-2.4016397,0.4861421,2.3589258,0.61926657,3.0950625,1,867,1764
4.006131,-2.4014618,-0.87137103,-0.60744137,-1.8136564,-2.5036597,1,1524,1366
6.385644,-2.147678,1.0816255,-2.678403,1.6374553,0.9143225,0,2364,1807
5.839398,5.2134857,2.9426255,0.29055354,-0.9549793,-1.7850587,1,1540,1681
-0.59399915,-5.2109394,-0.12121042,-2.652502,0.11471463,1.2170861,1,2185,1640
-3.447912,0.2595843,-0.46311504,0.039578695,-1.8906137,0.31409702,1,1105,909
-3.3676438,-0.1205873,0.4832624,0.38717866,2.1482165,-0.33475766,0,273,629
-3.4425402,0.2516878,-0.43279946,0.03768341,-1.7078123,0.28111255,1,1112,794
-4.2543564,-0.2822708,-0.2974858,0.5180352,1.8166355,-0.3065941,0,504,296
-3.361147,0.3182641,-0.48289007,0.0028743858,-2.2997327,0.3830785,1,1178,990
8.559253,6.791989,-1.6923726,1.4656014,0.45330313,1.5499358,0,937,1755
-3.7140985,0.05976342,-0.36893737,0.18900606,-0.54216903,0.09075458,0,938,677
-3.1913893,0.6194825,0.36915416,0.33411908,2.3795853,-0.41434437,0,328,284
-2.3766274,0.5746266,0.29394126,-0.21267572,-1.8522294,0.30936897,1,1796,891
6.088907,-2.0998118,-5.3070183,5.5282936,0.52987933,-1.2528088,0,36,1663
-3.3136544,-0.11965583,0.5716528,0.35568872,2.5700004,-0.41373762,0,362,33
7.9278235,8.08258,1.158437,-0.6596514,0.6437665,1.9173994,1,1673,1808
-3.2322958,-0.0043238904,0.42216158,0.2427138,1.5132744,-0.2364363,0,187,1053
-2.7120483,3.887553,-1.1878929,-0.12952974,-1.655362,0.08599502,1,1110,1301
-3.3300924,-0.114114255,0.5378711,0.35228583,2.4597576,-0.39498672,1,246,213
-3.3811295,-0.12533535,0.4981768,0.36678737,2.4658883,-0.39625674,0,23,629
-3.8896618,-0.056906596,-0.34073383,0.2954568,0.18576023,-0.029292773,1,802,620
-2.503403,0.26472852,0.7724865,-1.642131,-1.0178524,0.19932312,0,1873,1350
-3.3638308,-0.120477736,0.49478173,0.37831992,2.2519023,-0.35477558,0,200,599
-3.9688447,-0.1213658,-0.3002215,0.3553263,0.6740354,-0.11099738,0,749,505
-2.3449855,0.16140158,1.4211104,0.14722204,2.1779158,-0.32522765,0,1949,65
4.3717704,-0.51062495,-0.6745531,1.5826194,-0.7824439,-0.48740792,1,977,1630
2.4890852,-3.0252945,-0.40112263,-2.9132993,0.26034284,1.5690801,0,2042,1440
-3.8904002,-0.033609707,-0.39207977,0.27776223,-0.06678317,0.012851488,1,785,756
-3.3751109,-0.12187226,0.4942316,0.3676384,2.3876889,-0.38162488,0,98,569
-2.9089935,0.24601187,0.28253698,0.019768244,-0.29769215,0.062207047,0,1332,408
1.1204334,0.86554384,1.1490537,-3.753268,4.5030437,0.22610448,0,2068,1223
-2.373478,0.5814502,0.29331687,-0.22741435,-1.7252476,0.2822458,0,1906,796
5.2681084,-0.33652112,-4.7509303,0.50279343,-0.044408936,0.6704557,1,1142,1583
-2.4968784,0.52905416,0.2239617,-0.1785143,-1.8346634,0.30969453,0,1603,741
-2.6931133,0.39860532,0.23745485,-0.089310996,-1.229123,0.21519043,0,1393,586
7.128543,-0.9589928,5.2768974,1.5469563,-0.97033584,-1.0690662,1,1393,1919
-3.7534618,0.08361161,-0.44599056,0.15690996,-0.5842862,0.088388376,0,692,1353
-4.2406945,-0.29744458,-0.23325774,0.5156622,2.2038016,-0.37670106,0,469,43
-2.8553932,1.7876304,-0.67472196,-0.07935611,-2.3295507,0.31026992,1,1431,1174
-3.3666747,0.31225434,-0.476902,0.0063612186,-2.2529433,0.37532476,1,1169,981
5.7480574,-2.7757661,-2.9343972,-3.4834964,1.9171236,1.4602528,0,2298,1679
-3.9352376,0.56798226,-0.48623562,0.37952033,0.98698604,-0.2003196,0,650,551
5.5632143,-0.69337153,-0.17877506,-1.3104774,-0.5622737,-1.3692548,1,1719,1434
5.958049,8.321687,-3.9893556,-3.7484806,2.1320958,1.7491138,0,2224,1694
3.6923084,6.7741904,-3.239796,-3.6095219,1.3775293,1.0988123,1,2247,1670
8.5995865,-3.5332086,1.8960452,3.3953934,0.27228564,2.2602868,0,659,1827
-3.5369437,0.20167951,-0.44870877,0.07922385,-1.5057884,0.24951646,0,1042,842
2.3895314,-8.969192,-2.5282845,-1.7875978,0.25481808,2.0788283,1,1842,1582
-2.4940279,0.5559664,0.15825962,-0.18094607,-2.2519932,0.38347608,1,1357,786
6.2584224,1.7739297,-5.266182,1.7415249,0.45158067,0.056184877,0,789,1611
8.172621,1.2308378,-3.4403539,-2.1503427,1.6439912,0.025596224,1,1880,1894
-2.5420897,0.22966681,0.793228,-1.9320278,-1.0572718,0.20808591,0,1909,1244
-4.09156,-0.18405841,-0.31765902,0.42142692,1.0341505,-0.17148061,0,648,506
-2.3389723,0.57220024,0.36152235,-0.22454585,-1.5525603,0.2545217,0,2002,933
-2.60637,0.15640186,0.86289215,-2.4853575,-1.0092953,0.20353052,0,1989,1084
-3.516502,0.20950566,-0.42263144,0.05829059,-1.3021171,0.20871691,1,940,1421
6.1354136,-3.5284348,-5.328063,0.22775005,0.7383897,3.4574018,0,1214,1652
-3.702895,0.093269944,-0.42651635,0.16516759,-0.8556809,0.14263982,1,918,809
-4.1770635,-0.19424546,-0.392267,0.42860442,1.0443134,-0.1769587,0,389,999
-2.2339373,0.28679228,1.3221734,0.04858258,1.1435213,-0.15217541,0,1508,218
-3.7537243,0.042988617,-0.3844204,0.20646141,-0.49562663,0.0837383,0,882,743
7.961453,-2.832637,1.2065128,2.6674802,-0.3727199,-1.3666885,0,823,1756
-3.3673713,0.31349677,-0.48140717,0.0066032954,-2.2802508,0.3802414,1,1170,997
2.4280055,-1.905284,0.5274559,-0.006582356,-1.5230339,2.2533529,1,1354,1335
-2.471717,0.08640036,1.3832097,0.2531729,2.2691503,-0.32966453,0,942,34
-2.6639009,0.42258433,0.22627202,-0.10719644,-1.3474923,0.23328824,0,1456,615
3.91105,7.2618966,-1.0010269,-0.41484082,-2.1114416,-3.4038913,1,1377,1334
-3.0952291,0.33041856,-0.15659203,-0.649452,-2.0438557,0.3383149,0,1619,1142
-3.3521318,-0.113868505,0.5194088,0.3418348,2.5424001,-0.41267544,1,20,398
7.766307,-6.6903543,-5.0294795,-0.5903519,-0.5780838,-2.534801,1,1318,1314
-2.3780527,0.57226586,0.29190892,-0.20536071,-1.9299724,0.3254203,0,1728,920
-2.441864,0.10745655,1.4060338,0.23696163,2.1936932,-0.31832728,0,809,121
-3.3544114,-0.11790392,0.48513412,0.3948144,2.0245066,-0.31051794,1,383,611
-3.5868979,0.17142545,-0.44746435,0.10298119,-1.3395091,0.22235124,1,1005,844
-0.17890841,-6.261662,-1.5712408,-0.4340581,-1.1739776,1.611918,0,1110,1421
6.0603805,-1.1402844,-0.39768848,1.7328905,-0.0011745909,1.5773153,0,957,1920
9.420622,4.5014243,2.057151,0.90007055,0.09971545,0.60401654,1,1380,1840
5.992481,2.0833578,-3.8208556,1.1097909,-0.31418887,-3.0892825,0,986,1825
9.44821,-2.9147418,-4.7001224,2.9968529,0.62110496,-3.583581,0,543,1578
-3.2362938,0.3831772,-0.44134426,-0.058991835,-2.3076186,0.37446958,1,1285,787
2.4682066,-8.030561,-2.4489276,1.096434,-0.37708363,2.9630713,1,1074,1614
-3.3523924,-0.09633462,0.46186727,0.34710568,2.0912728,-0.32988536,0,130,873
5.6080365,1.7544315,-1.1427997,0.10926694,-0.55993444,1.5364938,1,1326,1486
-3.8171875,-0.0057541635,-0.35786644,0.24687257,-0.13504256,0.023272546,1,875,628
4.542989,-1.1858428,-2.5263102,-2.7611554,1.2318586,0.8289222,0,2015,1800
-4.14094,-0.17583825,-0.38961357,0.41130984,0.9069441,-0.15301001,0,433,1028
-2.158161,0.3522985,1.363118,-0.018133733,1.0630912,-0.14988996,0,1712,276
-2.5335588,0.22276287,0.82004195,-1.961467,-1.004626,0.20009938,1,1921,1266
6.4266076,-1.8819652,-1.4155408,-3.0178192,1.6082684,1.4263297,1,2196,1747
-2.4082444,0.13728595,1.3617853,0.19069017,2.001624,-0.28835538,0,1499,43
8.45395,9.681602,6.6360054,1.4631277,-0.9034993,-0.06996279,0,1466,1772
-2.2164865,0.27932575,1.3728107,0.040090937,1.4346881,-0.20559849,0,1849,203
8.156057,-3.0749676,-4.8123183,1.0519956,0.22126879,-2.809398,1,945,1552
-0.52858984,-5.3209214,-0.1784013,-2.5446687,0.14570326,1.4423594,1,2146,1680
7.361297,-0.8105264,0.20749992,-2.5658047,1.7515635,2.0727806,1,2154,1789
-4.029375,-0.1709888,-0.2654236,0.40082738,1.09342,-0.1823569,0,719,368
-3.8911018,-0.061482035,-0.33124277,0.29778033,0.24935718,-0.04044478,1,821,567
-2.7394483,0.33001664,0.3421618,-0.06360078,-0.42043865,0.074008524,0,1824,487
-3.5315914,0.21270306,-0.46820617,0.074627355,-1.6384199,0.2725293,0,1046,911
5.990062,3.506107,3.4697917,-2.668887,-0.5123409,-3.1099727,0,2168,1266
-3.638718,0.14329939,-0.44421476,0.118746236,-1.0812259,0.17632231,1,858,1252
-3.3384445,-0.11824305,0.5239476,0.3720532,2.313396,-0.3657392,0,351,289
1.4864169,-7.8523583,-1.5208119,-2.6914902,0.18132618,1.9173172,1,2040,1532
4.297869,-0.7034306,-2.9614356,-2.030757,0.49349505,0.91521466,0,1823,1591
-3.3183768,-0.11141118,0.5566872,0.33692244,2.5949,-0.42138723,1,216,82
-0.52545947,-4.966905,-0.57199806,-1.6288819,-0.6072803,2.0991244,1,1836,1557
-3.2966955,0.3470608,-0.44413292,-0.03305287,-2.1590965,0.35168082,1,1239,787
4.222582,-2.3532054,1.1153077,-0.1623441,-1.2724689,-0.076381095,1,1493,1400
-3.3186564,-0.110538095,0.5538898,0.3367261,2.5773888,-0.4182494,1,197,115
-3.3720167,-0.066055395,0.47016773,0.37945902,2.295484,-0.3659387,1,145,690
7.752638,-2.4114602,8.366871,1.7830968,-1.4252765,-1.6718742,1,1551,1882
-3.3013356,0.35550693,-0.47459036,-0.031292804,-2.3436198,0.38489598,1,1238,889
-2.4774597,0.5646195,0.15882213,-0.18267062,-2.3426442,0.40008163,0,1393,870
-2.3520813,0.56608343,0.3431934,-0.20489055,-1.780804,0.30051926,1,1806,997
-3.7680256,0.025759222,-0.36445582,0.21930702,-0.3419539,0.057864364,1,896,669
-2.6101608,0.2871883,0.6158652,-1.2565552,-0.494608,0.08825739,0,2241,652
7.1313496,2.6786454,-0.816155,2.2277372,-0.53450125,-3.4068134,0,805,1914
-3.8465147,-0.093619905,-0.20689511,0.32159978,0.7220599,-0.1185827,0,849,380
-3.5183167,0.20697089,-0.41918635,0.059640158,-1.2772397,0.20448124,1,931,1425
-3.0942698,0.16036434,0.20516983,-1.525936,-1.2584316,0.21777251,0,1861,1345
-1.654349,-2.762778,-0.8943264,-0.3471923,-1.4159039,1.8961818,1,1077,1399
-4.14748,-0.22337258,-0.3011196,0.46154034,1.3326007,-0.22195853,1,592,449
-2.7976313,0.29911557,0.3268165,-0.035140596,-0.34942496,0.06492397,0,1716,452
-4.0599446,-0.18269575,-0.277102,0.41289416,1.1552249,-0.19318871,0,702,361
-2.483213,0.0747724,1.3934494,0.26591,2.3591654,-0.34453118,0,711,100
-3.949812,-0.05045448,-0.41794813,0.28528038,0.11208031,-0.021640839,0,584,1139
8.527513,-3.8205717,-1.1167665,1.5508108,-0.3064645,-2.7899525,0,1012,1710
7.133131,-2.1183965,1.3151243,2.6682837,-0.1544918,0.623303,1,815,1783
-2.2273946,0.22841032,1.4680977,0.05607604,2.1687448,-0.33493313,0,2292,102
-2.4756548,0.55865675,0.17770787,-0.18337607,-2.2267795,0.37933758,0,1387,785
8.745479,1.8405814,-2.9820085,-3.3375444,1.5282991,-3.3961272,1,2211,1772
-3.0847735,0.20901574,0.11508973,-1.2293141,-1.4049824,0.2387247,1,1797,1346
6.2756577,-1.7334504,-1.0887827,-1.4222897,-0.30190703,-1.3921456,1,1722,1435
10.332332,0.6460269,1.3911623,-2.6012993,0.522698,-2.770899,0,2408,986
-3.5785112,1.3544548,-0.7054407,0.18174298,-0.26901484,-0.022273704,0,744,994
-4.303918,-0.2926845,-0.34475118,0.5422346,1.6967474,-0.28359836,1,413,576
10.541755,6.2783904,0.94137746,0.08830848,0.80635667,2.6689446,1,1524,1736
8.164156,-1.205299,2.2617111,-3.068165,0.49885413,-3.2834818,0,2374,1367
-2.5244257,0.2672459,0.7362114,-1.7012637,-1.1530818,0.22178556,0,1862,1257
-2.488469,0.56395763,0.14712445,-0.18394512,-2.330486,0.39684966,1,1344,810
8.995752,1.7999767,2.425375,1.0187918,0.13621965,0.54970187,1,1406,1953
-4.245316,-0.29371375,-0.25128913,0.5171124,2.096771,-0.35723794,1,487,107
-2.543721,0.22753195,0.7959334,-1.9315219,-1.0382117,0.20486905,1,1912,1256
3.061266,-1.2777344,-1.6190568,-2.3346715,0.6588487,2.1528947,0,1921,1720
-2.1140263,0.4032394,1.3898481,-0.06928018,1.020643,-0.15328266,0,1807,320
-1.8271842,0.2322707,-0.023055801,-0.31022745,-2.1944063,0.38235152,0,1320,774
-2.9185297,1.0797931,0.15081234,0.1330884,0.7137822,-0.1485179,0,986,359
3.890362,-0.59526867,-4.1472645,-1.7486626,-0.17948638,1.5099944,1,1695,1307
-2.381042,0.5697948,0.29309478,-0.20382535,-1.9179537,0.32358685,1,1732,938
6.6946225,0.74909234,6.585699,2.688535,-1.0071189,1.3677893,0,1085,1852
-3.3423948,-0.108412296,0.5279351,0.32627767,2.618133,-0.4284345,1,12,258
1.4642774,-3.4629998,1.7952003,-0.02777981,-1.6463586,2.1451743,1,1437,1335
-3.4247458,0.26907736,-0.44693953,0.02604707,-1.8267351,0.30045027,1,1096,1283
5.4977818,7.3394976,4.304865,0.30278003,-0.38026738,1.1829051,1,1619,1802
2.5191855,-7.6579847,-2.2148871,0.865816,-1.429414,-2.3399389,1,1113,1600
-3.4297657,0.2615017,-0.43592733,0.029623922,-1.7488145,0.28711864,0,1077,1305
-2.6855726,0.38089088,0.29744738,-0.09131395,-0.862439,0.14934969,0,1692,553
-3.1441884,0.41771063,-0.4044642,-0.0625,-2.4748504,0.40442857,1,1414,1127
-3.3363998,-0.118740074,0.5288858,0.37087741,2.3410585,-0.37085238,0,360,253
8.1892,-0.8317122,3.332863,0.31005505,-0.60232633,-1.1866572,0,1588,1633
5.960388,-0.25697562,-3.4307172,1.0941952,-0.28512043,-2.5543659,1,1011,1762
-3.350342,-0.11059708,0.5195903,0.33260378,2.5807188,-0.4210129,1,51,263
4.691775,-0.06933589,-3.040623,-2.4644241,1.2012749,2.2024841,1,1917,1801
0.24898851,0.06332363,0.91240567,-2.9221394,0.04947005,1.2126287,0,2166,1451
3.6215606,2.2480574,-3.2580478,-1.7887399,-0.28728104,1.4881313,1,1695,1318
-2.5179658,0.36980596,0.5205323,-1.243806,-1.6683236,0.30129492,1,1712,1064
-2.4423854,0.57373714,0.19115505,-0.19354412,-2.2616577,0.38435343,1,1450,815
-3.531461,0.20188926,-0.43952334,0.07617925,-1.4569046,0.24029347,1,1056,791
6.537145,6.0589156,-4.8814244,-0.20614818,0.6349507,2.322983,1,1278,1681
-4.2574153,-0.27851257,-0.32576105,0.5329953,1.5600911,-0.2576485,1,485,608
6.1836715,-4.2579,-3.8311133,-2.1773136,0.9872069,-1.8284961,1,1887,1815
-3.345627,-0.112499446,0.5218444,0.343289,2.5044696,-0.40524408,1,125,282
4.1964803,3.5730608,-1.7710656,-3.2382352,1.4816515,1.7775661,1,2188,1718
5.5968475,-1.8476802,-0.14233302,-0.4360116,-0.6367719,2.8147001,1,1459,1328
-3.3616467,-0.11817063,0.5029882,0.36316782,2.3767729,-0.37969705,1,138,483
3.0459437,-0.80364394,4.263785,0.16650331,-1.0620064,-0.7292158,1,1649,1749
-2.5067933,0.53734213,0.18455191,-0.1739079,-2.06704,0.3519295,0,1431,758
-2.4464583,0.5221989,0.325451,-0.19656697,-1.3434144,0.21963517,0,1952,720
-3.1939747,0.4102135,-0.45588183,-0.0676921,-2.6044068,0.42776325,1,1317,976
-3.329167,-0.06382726,0.39695945,0.30940035,1.6533087,-0.2571273,0,800,173
-2.5148857,0.51858765,0.21949159,-0.16901049,-1.8347454,0.31151175,1,1544,729
4.435525,-2.9345934,-2.8861845,4.287473,0.33564594,2.5721536,0,283,1818
-3.7572887,0.07286939,-0.43605328,0.17142153,-0.5921938,0.093000256,1,717,1271
-2.6869414,0.40314743,0.23646979,-0.09307603,-1.2454809,0.21747884,0,1416,591
-2.4204447,0.5709464,0.23156771,-0.19764036,-2.1093802,0.35727203,0,1599,885
-2.129121,0.35316578,1.412397,-0.0354701,1.3244892,-0.19917284,0,2004,274
3.8868866,0.51870006,-1.6822422,1.7516415,0.23369215,2.0025551,0,891,1941
4.2756796,3.2991705,-1.3905941,-2.9051192,1.8979198,1.2076143,1,2023,1821
-3.6825,0.1205377,-0.4400257,0.12882206,-0.82669324,0.13001244,0,770,1350
-4.2784333,-0.3007118,-0.26487973,0.51331055,2.2428725,-0.38627955,1,416,19
-3.123096,0.43373474,-0.4098506,-0.090500556,-2.5616324,0.41782564,1,1417,980
-3.8977602,-0.09560033,-0.26430824,0.32436812,0.6183025,-0.102578685,0,852,404
-3.1304622,0.40658185,-0.36249703,-0.12860112,-2.379535,0.38889927,0,1455,1147
7.613002,4.874284,1.0724494,2.8660774,0.18605077,1.9036852,0,717,1811
-4.0189137,-0.06892611,-0.44161487,0.28572008,0.41838163,-0.08132699,0,389,1260
-2.787802,0.34571016,0.21498984,-0.039496616,-1.14419,0.2072979,1,1170,668
5.2426467,-0.22569539,-2.9639728,-3.365578,1.94197,2.4275937,1,2230,1693
-3.1622188,0.41967574,-0.43459356,-0.1039372,-2.620738,0.4300409,1,1361,1039
5.1789517,3.5986688,-0.55337983,-3.5223029,1.1381425,1.9395149,0,2229,1446
4.200985,6.261853,-0.32625985,0.5291445,-1.6040355,-3.3442535,1,1222,1583
-2.5121386,0.5298254,0.19482026,-0.17091215,-1.9941795,0.33953348,1,1457,747
-3.438112,0.27067673,-0.47488886,0.03298905,-1.9813105,0.32922056,1,1119,929
9.977918,2.0572603,2.0248964,1.1307845,0.46522966,2.8579643,0,1303,1873
7.294463,-1.724059,0.7718321,-0.8499701,-1.0505029,-2.4983594,0,1619,1367
5.0577807,-2.7242327,-4.8891873,0.6787487,-0.062748894,1.2881572,0,1103,1491
6.243046,9.514887,-3.4875555,-3.7393734,2.0700622,-0.28494325,0,2278,1714
-4.2139897,-0.27642977,-0.25420508,0.50215554,1.9317042,-0.3278925,1,542,152
-2.516118,0.23708747,0.81408036,-1.8313806,-0.97327644,0.19393809,0,1907,1322
-3.59584,0.16645555,-0.42899573,0.09083977,-1.0586877,0.16806416,0,845,1399
-2.6830862,0.22164254,0.6463154,-1.5047833,-0.53568774,0.104681,0,2087,632
-2.626262,0.3889669,0.38155997,-0.123625465,-0.428474,0.06640566,0,2111,556
1.9433366,0.342991,-1.1685371,1.1772501,-1.4989051,-2.101441,1,1063,1555
-2.2820873,0.2550564,1.3202571,0.0874341,1.2223332,-0.16142811,0,1216,225
-2.3982382,0.57591355,0.2579655,-0.2086705,-1.9775504,0.33164963,1,1707,857
-2.524242,0.24386184,0.78763485,-1.8161952,-1.0414388,0.20473948,0,1895,1288
3.8106742,-1.3942571,1.2618122,-0.22186343,-1.3770286,0.9824494,0,1466,1308
-2.4359484,0.56308955,0.21887347,-0.18309245,-2.232769,0.3828506,1,1494,961
-3.0725138,0.13083805,0.316964,0.11417743,0.42832157,-0.057561047,0,1307,274
-3.3254564,-0.1058234,0.54554075,0.32026288,2.6558108,-0.43542385,0,82,112
-3.583271,0.17717104,-0.45614135,0.09999679,-1.4008042,0.23287271,1,1007,874
-3.8151658,0.02366084,-0.42060882,0.22729667,-0.46504208,0.07892962,0,804,901
-4.1599855,-0.22325572,-0.32361782,0.46989298,1.2130942,-0.19950983,0,562,618
5.7720866,-2.5359066,3.7335224,-2.0556695,1.1100127,2.404155,0,2238,1844
-4.0856824,-0.16852915,-0.3481398,0.41148695,0.82578576,-0.13504763,0,634,663
3.002591,-1.2807775,2.7382352,0.82239056,-1.2882547,1.4668667,0,1332,1571
-2.516698,0.3508074,0.56368893,-1.320102,-1.5643126,0.28529742,0,1742,1115
0.35907352,-2.7514827,-1.5722542,5.7892027,-0.6041755,1.5121256,0,89,1912
-2.4016325,0.5622487,0.2707438,-0.18680716,-2.093404,0.35888335,1,1581,1006
4.5066805,-2.2627702,-3.884922,5.581079,-0.42793015,-3.32646,0,26,1669
-2.5267072,0.33398744,0.8222982,-2.385298,-0.95553005,0.18022612,0,2112,944
2.6172714,0.87988114,1.3121482,-2.3635962,0.42447546,1.6998496,1,2020,1743
5.3570466,-1.2635359,3.7332747,-1.9129336,0.6022928,-0.23697348,1,2181,1848
9.300212,1.1919445,6.251947,1.3102303,-0.56365186,0.53648406,0,1543,1787
-2.5555618,0.1890577,0.8778206,-2.422863,-0.83864105,0.1664315,0,2179,976
-2.5800924,0.2536027,0.70617205,-2.0095391,-1.093194,0.20285258,0,2032,768
0.6360775,-6.9287677,-1.3398895,-1.3448155,-0.85870767,0.12945403,1,1765,1507
-2.4999979,0.37067991,0.60606956,-0.110280655,0.050489232,-0.006892804,0,2212,490
-2.5882108,0.22089891,0.7480067,-2.1111634,-1.2221415,0.23492771,0,1903,1068
-3.3224251,-0.11408994,0.55141157,0.34704322,2.5312946,-0.4084418,0,261,122
5.621929,-1.4540569,-3.7197878,0.07541412,0.119440354,0.40120348,1,1313,1712
-3.401798,0.2957441,-0.48617488,0.018814476,-2.183584,0.36402547,1,1147,991
-3.1419778,0.4213542,-0.4075622,-0.004470046,-2.4264538,0.39524025,1,1419,1168
-2.5432172,0.46337995,0.32057163,-0.15843041,-1.0851125,0.17910287,0,1911,650
-4.085529,-0.15175247,-0.3798612,0.39227808,0.6990947,-0.115499996,0,526,991
-2.810122,0.30747455,0.28945315,-0.03779556,-0.49507627,0.08973856,0,1637,468
-3.8456645,-0.010066188,-0.38596314,0.25465992,-0.18706359,0.03257894,1,824,728
-4.268682,-0.290966,-0.29998425,0.5319635,1.8308395,-0.30772188,1,449,385
-2.3768916,0.57612544,0.2895315,-0.21257696,-1.8795065,0.31423634,1,1778,879
-3.3722477,-0.11214148,0.46829152,0.36768606,2.1744604,-0.34272566,0,137,841
-3.3415759,-0.10812638,0.5286341,0.32560167,2.6209517,-0.42901507,0,15,248
-2.491136,0.5374555,0.2120722,-0.18172075,-1.9183012,0.32396358,1,1575,753
6.916216,3.7568688,-6.2031713,1.8593417,0.02302205,-3.7875266,0,715,1595
8.742248,-1.982122,6.8781343,1.3110775,-0.45609888,1.1616546,1,1598,1869
-4.1533856,-0.2229862,-0.31261683,0.46534055,1.2705224,-0.21035507,0,576,530
-2.7420168,0.35962558,0.2597015,-0.06622708,-0.93806106,0.16615064,0,1466,535
-3.5149455,0.21297984,-0.43936914,0.065489806,-1.4839263,0.24344817,1,980,1286
3.601113,-2.4093294,0.29703665,1.811203,-1.3271519,-2.0187998,1,952,1549
-3.3055773,-0.11456209,0.5775032,0.3418596,2.627523,-0.42594945,0,290,9
5.6514072,-1.635795,1.4681696,-2.93571,0.6652122,2.5047383,0,2248,1135
-3.090445,0.19794421,0.13147303,-1.2875869,-1.3672346,0.23298523,0,1811,1351
9.165783,-0.4273969,6.861036,1.4859437,-0.7771525,-0.25158396,1,1549,1826
8.110315,8.235416,-4.2407,0.9586776,0.44411647,-0.49076322,1,993,1768
-3.312953,0.3298425,-0.42772937,-0.023287352,-2.0296423,0.33032724,0,1243,757
-2.2292633,0.2940639,1.3113252,0.04371918,1.0654039,-0.13876478,0,1451,229
-0.15213493,-3.2197957,-1.9123915,4.0725756,-1.5060544,-2.7793152,0,410,1707
-3.264994,0.37044626,-0.46823925,-0.036388323,-2.5013075,0.4141555,1,1255,989
-2.350348,0.56399506,0.35176396,-0.20568511,-1.7296318,0.29126382,0,1836,1011
-3.9931269,-0.12484089,-0.32265157,0.36016008,0.6526615,-0.10762802,0,736,533
-4.199682,-0.2535396,-0.30182344,0.4962331,1.5145819,-0.25216675,1,534,465
5.1474156,2.7155368,-2.0019047,0.09224362,-0.6363159,1.6992217,1,1291,1477
-2.3046348,1.4753971,0.0034056269,-0.21520436,-1.9667641,0.28668112,1,1504,759
8.745572,-4.176586,-1.3909687,1.9071767,0.10994105,-1.8330399,0,926,1810
-3.013539,2.514335,-0.9325309,-0.05465944,-1.6770581,0.16141869,1,1110,835
-2.5010867,0.52959985,0.21505015,-0.17643408,-1.8841579,0.31890023,1,1562,743
-3.4481132,0.2633707,-0.4734344,0.039219428,-1.9555372,0.32564184,0,1106,949
8.122562,2.4660208,1.6798888,0.13010854,-1.2050543,-3.2080243,0,1463,1518
-3.3341687,-0.11352661,0.5342416,0.34860966,2.4827414,-0.39992392,1,218,210
-2.969658,0.20136906,0.2993784,0.055022705,-0.012576282,0.015271451,0,1325,355
-2.5041215,0.46003792,0.34501597,-0.6681486,-1.9401453,0.34016883,0,1592,1085
1.9960135,-0.33003706,4.902253,0.13739336,-0.951032,0.5084408,1,1686,1746
-2.397377,0.5640011,0.27369687,-0.18897998,-2.0814095,0.35632828,1,1594,993
-3.9362688,-0.04189719,-0.41643625,0.2745031,0.096191294,-0.020153502,0,570,1179
-3.366345,0.31489488,-0.48326194,0.0059280493,-2.2936277,0.38251343,1,1172,1001
-2.8433564,0.25758016,0.3617171,-0.01091529,0.020610945,0.0014894771,0,1840,399
-3.377558,-0.124153316,0.48526365,0.38320795,2.2571156,-0.35561535,0,173,681
6.775982,-1.3478234,-0.17777795,1.3011253,0.1649549,2.838702,0,1075,1746
3.5871258,-2.206276,-0.119064696,-0.46381736,-1.182103,2.032312,0,1452,1283
-3.2456415,0.402746,-0.51080394,0.13799953,-2.5759385,0.42428228,0,1263,1042
-2.6336615,0.45700565,0.18299891,-0.11862091,-1.738646,0.3019269,1,1281,720
8.770676,5.811776,4.088144,-2.6428952,0.69432575,-1.0216472,0,2313,1364
-2.3623247,0.17219134,1.3619176,0.15448105,1.8315468,-0.26201165,0,1554,82
-4.1400695,-0.19603176,-0.3600055,0.44522116,0.93714136,-0.15244053,0,582,772
-4.273605,-0.16147058,-0.38711435,0.5463198,1.5147625,-0.2548086,0,466,785
-4.2844524,-0.29236677,-0.31105277,0.5286345,1.8737664,-0.31694007,0,390,388
-3.3325884,-0.111911565,0.5380516,0.34053898,2.542707,-0.4120062,0,187,164
-3.383138,-0.12573747,0.4743899,0.39410084,2.1607542,-0.3367034,0,226,775
-3.6345537,0.14420773,-0.42828733,0.10699496,-0.91192013,0.14313768,1,793,1398
-4.085501,-0.16348916,-0.361095,0.4094261,0.7419484,-0.120175004,0,622,763
-2.5081065,0.41861853,0.42849955,-0.9511556,-1.8281054,0.32464087,0,1646,1056
8.066017,3.8026671,-2.8457963,1.3284559,-0.1818475,-3.7114613,0,975,1939
4.216789,-0.24934688,-2.7897828,1.180992,-1.1211632,-2.9585166,0,960,1480
-3.3413708,-0.101415314,0.5205916,0.34859833,2.4710104,-0.39876866,0,191,252
7.661445,8.275014,1.825265,0.6480312,-0.49029186,-1.8646432,1,1400,1857
3.134319,3.290404,-2.4158394,-2.635541,-0.30650192,-3.6424985,0,1941,1643
6.4925117,1.2432266,1.9607664,-3.056864,0.083603464,-2.8111453,0,2216,1396
-1.7953911,3.0827994,0.7754286,0.031511676,2.0372324,-0.44277686,0,1521,72
6.441345,5.512435,-4.1760883,4.0513797,-0.387333,-3.7918518,0,278,1911
6.2270603,-1.2600895,3.7772565,3.5176666,-0.3607684,2.4593039,1,682,1756
-3.10735,-1.0936526,-0.5528819,0.24804592,1.0749764,-0.10166798,1,612,524
-2.151552,0.28406337,1.477134,-0.0029077192,1.9968655,-0.31228712,0,2363,126
-2.365859,0.14351228,1.4311856,0.1672176,2.2842185,-0.3420609,0,1932,42
-3.3079088,-0.038365345,0.36760634,0.28531203,1.4209152,-0.21793088,0,818,241
12.140809,-4.948572,3.5389082,-1.2771008,1.4483331,-2.4428008,0,2254,1950
-3.3160305,-0.11705009,0.5605719,0.35612983,2.5032592,-0.40165046,0,332,109
2.5168378,-1.90393,-1.1946778,0.16877778,-1.0857925,2.2884874,1,1254,1390
5.316613,1.9516193,-0.63466674,1.6284809,-0.19283451,2.1459134,1,941,1627
7.463252,-1.6522912,6.135841,-2.1984918,-0.07506512,-2.0321925,0,2387,1315
-2.4093843,0.57983154,0.23377049,-0.20987195,-2.0444489,0.342496,1,1655,801
-2.1765158,0.3424791,1.3083378,-0.00042959637,0.8543703,-0.107895285,0,1507,281
-2.3740065,0.17220263,1.3411536,0.1619701,1.721117,-0.24125339,0,1274,101
-2.5904174,0.15114258,0.897018,-2.420952,-0.8784412,0.18241297,0,2005,1199
6.0589623,-2.5132678,-0.404333,-3.3807938,0.5651671,-3.4844723,0,2295,1549
-2.9050338,2.5758917,-0.91516286,-0.10044557,-1.8855299,0.19249108,1,1201,781
-3.7154036,0.07986298,-0.41344064,0.17533928,-0.7500381,0.12512125,1,918,771
-2.5336602,0.33841693,0.5674312,-1.4142306,-1.5651124,0.2856923,0,1753,1078
-3.3795562,-0.12523326,0.4952018,0.37223104,2.4033618,-0.3839757,0,68,649
-2.3309126,0.1514682,1.4722506,0.1417563,2.4789648,-0.38007444,0,2204,53
-3.3190808,-0.111392915,0.5553891,0.3373923,2.5879745,-0.42008832,1,214,91
7.2388697,0.1647095,1.1145461,-2.5716898,1.6372666,1.9782249,1,2227,1831
-1.7156483,4.506373,-0.59528595,-0.3363677,-1.7847148,0.099053785,1,1542,760
-2.3942573,0.5663021,0.2787969,-0.19720444,-1.9874903,0.33725244,1,1674,961
-3.249621,-0.020344494,0.42361805,0.27125892,1.4820796,-0.22675455,0,279,1013
-3.3936548,-0.13009493,0.477624,0.39070097,2.280222,-0.35942712,1,138,805
-3.4313533,1.23852,-0.67126393,0.079629555,-0.94083923,0.09718366,1,835,1253
10.103474,-5.778317,-6.4274907,-1.4984447,0.49474838,-2.521071,1,1560,1305
8.132252,3.5942526,7.7816777,1.3804576,-0.5182197,1.9485593,0,1599,1910
-2.1177037,0.3263216,1.455292,-0.031225063,1.6844773,-0.2610984,0,2279,223
-3.9615333,-0.03478455,-0.44261944,0.2532251,0.22033192,-0.048712183,0,441,1324
7.779775,-4.464121,-5.6619234,5.705142,0.34112585,-2.9627101,0,0,1772
-3.1858926,0.42499533,-0.47619212,0.02498468,-2.6275692,0.43044493,0,1332,1070
5.867735,-1.9657356,3.7295742,-1.3964618,0.6993556,2.0757034,1,1958,1917
-2.503357,0.4047698,0.46494424,-1.0121522,-1.7513081,0.31302905,1,1669,1093
-1.9629773,0.4757268,1.4673275,-0.16870217,1.2482883,-0.20867553,0,2382,346
-4.273184,-0.29886276,-0.2604403,0.5088568,2.2605345,-0.38992855,1,394,11
6.137479,-2.5914092,5.7773232,0.18586598,-0.23958145,2.198454,0,1721,1880
-3.1818976,0.42177013,-0.45557344,-0.08115338,-2.5519228,0.41482523,0,1326,860
-3.789144,0.058426622,-0.4430654,0.18291709,-0.501989,0.077309385,0,690,1275
-2.3277185,1.196813,-0.85770077,5.942838,-0.4306753,-0.022810586,0,136,1479
-3.3849037,-0.123565435,0.48131856,0.37513715,2.3247426,-0.3694889,0,71,823
-0.6940513,-4.8068247,-1.3305942,0.43585294,-1.8998947,1.4018209,1,1257,1350
-2.3391104,0.20448379,1.3328046,0.13355526,1.516308,-0.208085,0,1209,159
-4.1949196,-0.25984228,-0.27676472,0.49581057,1.6667602,-0.27966315,0,539,339
-3.784487,0.059387777,-0.4373262,0.17999785,-0.47379577,0.07184289,0,675,1299
4.776208,10.902907,-4.5550785,-3.6836393,0.25664183,-3.8944063,0,2049,1494
5.389078,1.3235102,-4.2369404,0.143099,0.30128676,2.566149,1,1231,1655
-4.281878,-0.2898211,-0.32641366,0.54055846,1.6876187,-0.28099483,1,456,534
-2.3183327,0.21283941,1.3476785,0.1176413,1.5713615,-0.21990307,0,1480,130
-2.4242032,0.13201378,1.3473521,0.20314103,1.940754,-0.2759815,0,1199,63
-3.6457055,0.13352102,-0.44161725,0.13377056,-1.1267642,0.18777595,1,955,858
-3.3565006,0.3118089,-0.44796526,-0.0066121626,-2.016195,0.32979515,1,1187,796
5.3797092,-2.9312444,-2.7031589,-2.1330147,1.302018,2.5232987,0,1869,1813
-3.5274074,0.18211557,-0.39047807,0.085712574,-1.22489,0.20127854,1,1101,688
3.1610239,0.17173184,-2.0652316,4.249139,-0.30876514,0.5305547,0,343,1715
-3.407551,0.2896089,-0.4802544,0.022527575,-2.1367404,0.35628387,1,1138,984
-2.5168147,0.5524376,0.13328329,-0.17633122,-2.3046815,0.39291465,1,1332,817
4.376049,-2.5696986,1.331966,-0.2076011,-1.3199599,0.20053986,1,1494,1342
-3.209344,0.4797878,-0.6057853,0.89627564,-2.2133098,0.34883684,1,1210,1311
-2.3424249,1.1622341,-0.81221277,5.749356,-0.4570052,-0.012795704,0,194,1473
-2.5951986,0.4747919,0.19820908,-0.13258657,-1.7733026,0.30644572,0,1323,703
-3.8125467,0.024096878,-0.41710663,0.22562483,-0.44750243,0.07555662,0,765,999
-3.71007,0.08783683,-0.42495662,0.1704903,-0.8329313,0.13931094,1,905,831
-3.3939347,-0.13057874,0.4784034,0.39112282,2.28587,-0.36040324,1,136,804
3.149772,4.8069196,-0.5473501,-3.04903,0.4012787,-3.6818495,0,2202,1786
-3.9169493,-0.03877606,-0.414083,0.28441626,-0.08121748,0.015212279,0,733,885
-2.318501,0.22021626,1.3279525,0.11532062,1.4450964,-0.19746315,0,1297,156
-3.3223069,0.34010643,-0.4713421,-0.019292321,-2.289609,0.37740445,0,1215,902
-3.708146,0.08757742,-0.42085743,0.169433,-0.810274,0.1350978,0,917,793
-2.0399153,0.3985909,1.4512349,-0.09721964,1.411923,-0.22352469,0,2312,291
-3.9093819,-0.08063923,-0.31324172,0.3153424,0.40003535,-0.0654058,0,804,535
-4.015704,-0.14988503,-0.2967551,0.38385782,0.86413264,-0.1429723,1,711,480
8.320724,-3.9694097,5.382293,3.3180108,-1.3094665,-2.7019446,0,852,1836
-3.3213139,-0.10889917,0.5501183,0.33156055,2.5972118,-0.422788,1,155,124
7.4187427,5.112888,0.20319697,-0.109169,-0.8664961,-3.022729,0,1445,1634
-2.3654072,0.18123008,1.3473762,0.15842083,1.6616157,-0.23131023,0,1136,145
11.845724,5.008789,2.438001,0.7631574,-0.3377117,-3.439033,1,1455,1809
-2.2910137,1.2119223,-0.8420617,5.802673,-0.5813004,0.002323085,0,167,1543
5.9920187,-0.74895924,5.461988,-1.5188351,-0.017362837,-2.9642832,0,2211,1914
-2.5072358,0.39350563,0.48379022,-1.0994556,-1.7347085,0.31104276,1,1682,1070
-3.3343174,-0.10594316,0.53576136,0.31976336,2.651954,-0.43523052,0,35,168
5.4423623,7.3393035,0.6086742,0.0881109,-0.64951986,1.4388237,1,1394,1536
-2.0703766,0.42915782,1.1364212,-0.12895548,0.53519565,-0.07126158,0,2330,419
7.6508646,3.1142726,-1.5198433,-2.9697862,2.0607085,2.038618,1,2157,1781
-2.6089478,0.42125067,0.320945,-0.12835667,-0.9084235,0.152097,0,1862,599
-3.520908,0.21361612,-0.45163494,0.068653084,-1.5515339,0.2560429,0,1062,816
6.52493,4.1601768,-2.3805833,3.0908384,0.5008559,1.5289874,0,548,1720
-3.2847712,-0.050506722,0.43109953,0.31770122,1.529375,-0.22936094,0,374,944
5.009743,6.486922,-1.9398344,-0.61527073,-1.9723376,-3.0640793,1,1366,1315
-4.1055574,-0.19510469,-0.31339896,0.43510854,1.0901188,-0.18005224,1,618,541
4.771339,-1.7897338,-2.9113884,-3.2361825,0.21771556,-3.577832,0,2090,1531
-3.180767,0.03289262,0.39598447,0.21840464,1.0946589,-0.16233963,0,364,1116
4.675232,-8.908864,-2.6137533,1.219785,0.19957303,2.4129677,0,1018,1779
-2.362938,0.14193355,1.4405273,0.16591354,2.3385231,-0.35199192,0,1984,40
-3.341384,-0.11287447,0.5249841,0.34694913,2.4765704,-0.39940035,1,155,285
-2.3670707,0.5669976,0.31966773,-0.20406947,-1.8392099,0.31030685,1,1775,975
5.6101418,0.93658686,0.30542457,-0.61855614,0.14872566,1.7525542,0,1635,1692
-2.5180576,0.3698984,0.5202284,-1.2413883,-1.6672348,0.3010958,1,1712,1066
10.971846,-2.498383,-0.2287522,-1.9284667,1.2450814,-3.4424756,1,1965,1939
-3.3227293,-0.11198604,0.550478,0.3401341,2.5638332,-0.41544417,1,217,116
-2.5365179,0.17522748,0.921804,-2.131346,-0.71201575,0.15362903,0,1988,1383
8.432099,-2.4504352,-0.059168283,1.9451094,0.11614625,0.10312659,1,966,1771
-2.5202098,0.3651706,0.5275458,-1.2700107,-1.6538484,0.2991259,1,1718,1065
-2.328254,0.19303142,1.3822358,0.13058288,1.8125904,-0.261769,0,1671,101
-3.7455547,0.050176833,-0.38883626,0.19987959,-0.5387016,0.0905793,0,896,735
11.883454,-0.6684267,0.67454565,0.9654941,1.1228069,3.2652137,1,1359,1819
-3.4039655,0.45284075,-0.5236669,0.026754918,-2.0353646,0.3301852,0,1108,1117
-4.2069807,-0.25995523,-0.29786608,0.5041011,1.5555265,-0.25872824,1,520,474
-3.461664,0.24716829,-0.44486332,0.04035483,-1.6805362,0.2756266,1,1050,1302
-3.5387979,0.17303444,-0.38681138,0.093564026,-1.1820307,0.19480097,1,1080,697
7.923334,-4.2704544,3.0803638,3.4978118,-0.043468993,1.8675092,1,700,1748
-3.5162694,0.21315445,-0.43181938,0.05764966,-1.360686,0.21909085,1,958,1399
4.051977,-1.8137499,-1.1614006,-2.767036,0.87441885,-0.5771337,1,2076,1711
-3.576202,0.18291508,-0.4481581,0.086279884,-1.2885513,0.20959917,1,919,1306
2.5122669,1.5373906,-2.2503774,-2.9205296,0.19549435,-1.4733015,1,2064,1600
-3.5577536,0.17390971,-0.41259944,0.095195875,-1.2411999,0.20461254,1,1059,732
-3.3147426,-0.11223807,0.5601632,0.34098357,2.5718224,-0.4163902,1,240,92
8.270271,0.85814905,6.280703,1.9325722,-1.4334174,-2.711271,1,1308,1929
-2.6901906,0.23450454,0.61542606,-1.2951964,-0.39259398,0.07642304,0,2144,606
-4.278242,-0.2992194,-0.26847437,0.5124915,2.2191844,-0.38209027,0,402,44
7.129819,-1.0872099,-0.9121337,1.1556768,0.24383362,1.8449006,1,1104,1760
-3.0786002,0.11161886,0.37003168,0.1302446,0.73241735,-0.10806176,0,356,1281
-2.3743067,0.5742442,0.29336315,-0.20725337,-1.9265677,0.3244405,0,1734,906
-3.3770638,-0.124238625,0.48636484,0.38290745,2.263203,-0.3567448,1,168,683
8.63408,-2.5749223,-1.478787,-1.4358915,1.2904112,3.462576,1,1751,1582
-3.4170172,-0.107820585,0.38126555,0.35140055,1.94758,-0.3082775,0,665,152
6.4254746,0.7182378,-4.847009,-2.0972204,0.7910838,-0.262735,1,1783,1544
-3.2286613,-0.0007782265,0.43508402,0.22170432,1.707416,-0.27511883,0,22,1072
-2.58616,0.40627053,0.4072841,-0.14630668,-0.33127633,0.045151774,0,2263,568
7.0851555,7.6607404,-0.2114974,-1.0085143,0.18677093,1.9386152,1,1630,1530
-3.7580612,0.008843311,-0.3129454,0.22802834,-0.1040498,0.017303172,0,962,522
-2.266125,0.22759084,1.4224308,0.083496705,1.8628669,-0.27720478,0,1946,136
7.147159,-6.0610366,-0.6131292,3.0385528,0.7621186,2.8703265,0,655,1510
-3.6356375,0.14785157,-0.43980032,0.106967576,-0.9831166,0.15588489,1,819,1371
3.521079,0.22603872,-2.413886,-2.5038357,-0.27425137,-3.5393817,0,1925,1638
9.968469,6.551613,0.7033567,-3.2639475,1.9012537,2.279167,0,2303,1311
-3.3407254,-0.109611526,0.52843016,0.33222535,2.5769396,-0.41992375,0,77,233
-2.5239103,0.33493096,0.58822685,-1.4175618,-1.5212072,0.2790171,1,1762,1110
3.5154464,5.9746614,-2.7450154,-2.970973,1.098349,1.228784,1,2015,1790
6.1417603,3.9454117,0.89743626,-0.76091224,0.07557114,1.9085374,0,1654,1609
-3.0470254,0.22985254,0.12272385,-0.99329215,-1.2466805,0.20955223,1,1779,1483
-1.067533,-4.671244,-1.1025897,-0.38025835,-1.2129546,1.9509405,0,1055,1421
-3.7068577,0.09206191,-0.43037474,0.16771612,-0.8731671,0.14613685,1,904,855
5.627635,0.32391828,-0.1991461,-0.39883265,-0.526641,2.5575762,0,1470,1406
-4.2378488,-0.26690257,-0.32164228,0.51416266,1.5453453,-0.25693557,1,510,513
-4.099574,-0.005816005,-0.33904642,0.44929144,1.3921453,-0.24358688,0,604,396
-3.0727873,0.20665352,0.13733104,-1.1746387,-1.2805061,0.21722108,1,1805,1424
6.289749,8.938331,-4.427105,0.1953326,0.5071909,0.44083276,0,1187,1850
-3.3443534,-0.11215837,0.52320534,0.34227234,2.5106103,-0.40645912,1,118,282
-3.127706,0.43283698,-0.41568023,-0.08817153,-2.5911431,0.42352486,1,1394,987
-2.4652598,0.6240983,0.19090825,-0.18286915,-2.0225887,0.33969724,1,1491,760
-4.0101504,-0.10927622,-0.38212284,0.35352993,0.3800485,-0.06039426,0,667,832
7.8616295,14.284478,-3.145601,-2.1331747,0.63390464,-2.561182,1,1768,1643
-3.350912,-0.11827592,0.49707082,0.3866457,2.1297565,-0.33071876,0,373,479
-3.614413,0.14081141,-0.41576934,0.12388636,-1.0905124,0.18087655,0,992,770
-3.0653725,0.22102053,0.11626734,-1.0967327,-1.3255575,0.22395067,1,1787,1420
2.8351839,1.3996818,-2.300763,1.1156702,-1.3602161,-2.74852,1,1034,1566
-2.5548573,0.51713294,0.15852891,-0.15577589,-2.0868623,0.35806492,1,1309,774
-2.5089622,0.41721675,0.43040878,-0.95664686,-1.8219647,0.3236747,0,1648,1059
2.6294188,3.035926,-2.6826763,-3.0222297,0.76464266,0.31854787,0,2103,1672
5.471954,-3.2897315,3.995648,0.97637665,-1.2789103,-2.3710856,0,1418,1910
-3.5591824,0.17436035,-0.41632295,0.09591611,-1.2623607,0.20851114,1,1044,754
-3.3491178,0.32570562,-0.48109502,-0.0041136253,-2.3079102,0.38332963,0,1191,966
9.471827,-1.8256607,-1.1914454,2.0358045,-0.043016635,-3.2292843,0,887,1864
-2.1102366,0.58070993,1.6138448,-0.2692424,1.7866929,-0.35477406,0,2083,395
-3.3645651,-0.119116336,0.500301,0.3655962,2.3655236,-0.3774142,0,136,512
-2.5524182,0.2735271,0.6824925,-1.7836365,-1.3448511,0.25301057,0,1840,1102
-4.3096366,-0.29278466,-0.35463294,0.5462443,1.6448739,-0.27382663,1,413,653
-2.1057727,0.41299906,1.3788155,-0.07618579,0.93563265,-0.13900618,0,1784,333
-2.3911116,0.5806079,0.2641979,-0.21881138,-1.8812428,0.3116991,0,1785,798
4.5050135,-1.3383578,-1.8981862,3.0870655,0.047192007,1.594468,0,594,1496
-3.6652143,0.11778243,-0.4348421,0.147966,-1.0493569,0.17596677,0,893,1004
8.846301,-0.6855379,-0.5422657,1.8532798,0.29702896,0.41754955,1,965,1765
-2.4610066,0.098535284,1.3702419,0.24090758,2.1633224,-0.31191343,0,921,70
-3.0861657,0.23285319,0.061739642,-1.1411514,-1.5617452,0.26393038,1,1762,1284
5.181043,4.4648046,-5.730859,3.1320522,-0.16554844,-3.8611348,0,492,1552
4.959788,7.5405703,-4.828275,-0.77531004,-1.4340199,-3.1301682,1,1303,1314
7.4129047,-1.7334467,1.8980892,2.549862,-0.16615845,1.2187765,1,875,1762
-2.3887186,0.56546134,0.28524262,-0.19331944,-2.0222006,0.34495255,1,1640,983
1.7699009,0.23841347,0.4883793,-2.7246168,0.77217066,1.4540757,1,2125,1734
5.4621515,-1.2784897,-3.0110285,-0.47063237,-0.56297153,1.8842015,1,1324,1324
2.472097,3.6929812,-0.94356537,-1.7552149,0.062411018,0.24256599,0,1818,1696
-3.2609475,0.36421067,-0.4352665,-0.045273356,-2.2304306,0.36323497,1,1254,792
-3.132866,0.39898667,-0.35084,-0.22078101,-2.4152107,0.39606848,1,1458,1093
-3.564655,0.18870144,-0.44287646,0.07901732,-1.2747625,0.2060038,1,918,1349
-3.1230137,0.07802689,0.39420643,0.15190938,1.083161,-0.16955313,0,203,1220
-3.23602,0.4723594,-0.62423855,0.9003305,-2.2202,0.35027814,1,1197,1294
-3.960757,-0.05998955,-0.41227114,0.29485595,0.16919978,-0.030706313,0,577,1125
6.5068455,5.1390347,-5.883948,-0.07420253,0.2969405,2.4665325,0,1170,1430
-3.6894925,0.10724127,-0.43948835,0.15452626,-0.9620566,0.16019905,0,853,1088
6.516251,-3.045961,-1.6789834,1.295604,0.30531138,2.9731379,0,1021,1649
2.2243981,-2.4263613,2.6349251,-0.14204338,-2.334076,-2.3952684,1,1499,1334
-3.3616364,0.3184335,-0.484205,0.0031143764,-2.3072374,0.38445935,1,1178,995
-2.624939,0.40940753,0.32368973,-0.1188596,-0.8651447,0.14601062,0,1837,584
-3.3560708,-0.11846582,0.48841885,0.39029822,2.0846484,-0.32220328,0,373,539
-3.3924432,0.27491328,-0.41476196,0.016148003,-1.7477826,0.28573537,1,1186,738
-3.864798,-0.028820975,-0.37055054,0.2716664,-0.052491482,0.010568118,0,805,710
-2.5406446,0.32357177,0.5901297,-1.5010363,-1.5209221,0.2791278,1,1772,1078
-2.2193751,1.2969075,-0.91510797,6.1695175,-0.6168047,-0.0024380477,0,77,1581
-2.4362628,0.5731166,0.20366564,-0.19654146,-2.1924636,0.37145948,1,1527,837
-3.483908,0.23766543,-0.45937437,0.053593826,-1.735179,0.28754088,1,1083,870
-2.714958,0.39490035,0.20839794,-0.0772814,-1.3767524,0.24357294,1,1244,668
6.6898518,-2.753074,1.1596018,-2.032241,1.236957,2.6338477,1,1974,1850
-2.5446491,0.2667313,0.7079255,-1.800717,-1.2862599,0.24400823,1,1853,1138
-2.5707498,0.24110459,0.74093854,-2.2079098,-1.1985855,0.22404353,0,2011,835
7.4966435,-3.1072135,4.644572,0.64121556,-1.2158923,-2.4200675,1,1565,1639
-3.3978546,0.29966554,-0.4894849,0.016315402,-2.2109494,0.3684897,1,1153,993
-2.5439181,0.52871287,0.1475142,-0.16184948,-2.1732285,0.37229857,0,1305,794
-2.3659885,1.1041169,-0.73124796,5.291865,-0.5675315,0.014673835,0,296,1504
-3.3256319,-0.11028181,0.54610044,0.3350952,2.5802352,-0.4193511,1,173,130
9.594236,-2.8730083,3.6632037,4.647076,-0.3697228,-1.8114669,0,507,1932
-3.1814547,0.03462923,0.41496557,0.1911453,1.4060205,-0.22363675,0,116,1137
-1.4828265,-2.5190213,-0.93965054,-0.27467498,-1.8876009,-2.94044,1,954,1424
-3.6169734,0.15284105,-0.43070543,0.104881294,-1.0331537,0.16562976,0,838,1344
5.2550254,2.6718464,-3.201036,0.47278032,0.31595597,1.7097923,1,1175,1821
10.616943,-3.1925704,2.154709,0.9003593,-0.4433846,-2.656554,1,1397,1779
-2.84849,0.3027813,0.22684437,-0.0075467485,-0.89621097,0.16704528,1,1131,641
6.281952,-1.0019593,-0.88165045,-2.544732,-0.22692789,-3.2883203,0,2320,841
-2.5905871,0.5004733,0.14520411,-0.14381316,-2.0453007,0.3520507,1,1279,784
3.912405,1.7812134,2.3298519,-0.5166276,-0.8632283,1.1702659,1,1635,1465
-3.2012265,0.4108102,-0.46109653,-0.071027294,-2.556644,0.4175985,0,1314,903
-2.6759064,3.3033743,-0.16794783,0.18368946,2.6900277,-0.60859513,1,147,281
-2.450053,0.558869,0.22263986,-0.19604087,-1.9838629,0.33366027,1,1616,777
-2.367056,0.5665711,0.3208142,-0.20406535,-1.832033,0.30903175,1,1779,978
-3.8192093,-0.0076232534,-0.3565331,0.248616,-0.1227377,0.021286799,1,872,628
-2.3761775,0.1669885,1.351034,0.1652483,1.7889712,-0.25309148,0,1344,80
-1.4161111,-3.1276758,0.011263432,-2.275768,-0.52054334,1.1612715,1,1999,1542
-3.3116238,-0.06855839,0.4455574,0.3259431,1.7869898,-0.27605662,0,249,918
-2.402269,0.57218224,0.25480744,-0.2000142,-2.0587728,0.34859544,1,1636,897
-2.363713,0.5745926,0.3112708,-0.21246609,-1.83031,0.30629528,0,1806,908
-3.3629396,0.31714937,-0.48314303,0.0039207903,-2.2984169,0.38302383,1,1176,994
7.93747,7.531315,2.2327135,0.65041894,-0.08139032,1.8522018,0,1386,1750
-2.4222882,0.57231873,0.2246846,-0.1967676,-2.1497812,0.36462694,0,1566,870
-1.9818504,1.1890591,1.2780151,-0.030120997,1.9711303,-0.35071477,0,2289,163
-2.5123537,0.35773218,0.62396014,-0.10974442,0.2538253,-0.043948,0,2312,448
0.7747746,-6.6043906,-0.5941496,-3.1010363,-0.20837556,-3.1464071,0,2321,1628
5.3410783,1.4571925,2.2138398,1.7935165,-0.87786317,-1.5017242,0,1099,1948
-3.7327068,0.06484358,-0.4046312,0.18884881,-0.6627288,0.11133094,1,886,796
-3.7737558,0.067559406,-0.4397779,0.17198469,-0.508629,0.07696536,0,679,1319
9.731581,-2.1854897,4.6905155,-1.5462768,1.6958035,2.5828695,0,2320,1925
-3.0497568,0.13446264,0.36585963,0.101656504,0.6889349,-0.10435972,0,311,1332
-2.4700348,0.095569804,1.3543887,0.24064638,2.1566372,-0.31077686,0,1111,25
-2.3797708,1.0860343,-0.71327436,5.1798344,-0.5770758,0.01851019,0,317,1506
-2.3539283,0.5758118,0.32545185,-0.21729182,-1.7562021,0.29216212,0,1863,903
-3.3672433,-0.120056726,0.47279122,0.39877748,2.0071309,-0.30734503,1,348,727
-3.1009316,0.3222812,-0.1455173,-0.65085214,-1.9709035,0.3259677,1,1632,1190
-4.020404,-0.16405039,-0.26777962,0.39228293,1.0601641,-0.17732869,0,752,343
-2.386243,0.57374614,0.27917156,-0.20793578,-1.9302852,0.32418573,1,1736,893
-3.1696818,0.42395237,-0.4488464,-0.08046736,-2.5979419,0.42418373,0,1331,911
7.7079506,1.5378143,-4.772874,-1.9936436,0.82606196,-1.1356488,0,1744,1511
-3.6727247,0.120923415,-0.43480182,0.13273372,-0.8868238,0.14246914,1,798,1290
4.3579597,0.6015653,1.1305344,0.3677488,-1.4209962,-2.7890909,1,1395,1656
-2.4427686,0.5727076,0.19318092,-0.19332883,-2.2483506,0.38203022,1,1471,830
-4.0598416,-0.16778253,-0.31620604,0.40698883,0.9029552,-0.1483925,1,652,572
-2.222517,1.2905428,-0.90682125,6.1022444,-0.6429371,0.0029550316,0,93,1590
5.395288,0.9322984,4.5257006,0.85615176,-1.136939,-2.362814,1,1536,1911
5.179277,2.6490061,-4.032594,1.2455602,0.1255197,1.4504528,0,927,1491
7.1353574,-4.860654,1.6021092,-2.9470456,1.1242385,2.6276102,0,2306,1254
6.3383827,-0.48804513,0.72627044,-0.67850935,-0.9579335,-2.9394274,0,1629,1510
-2.1576054,0.30122313,1.4505198,-0.0011261213,1.727315,-0.26476437,0,2197,220
-2.6814575,0.24272554,0.6110454,-1.2598515,-0.38551334,0.074036784,0,2163,608
-3.386003,-0.12864164,0.49274585,0.37823874,2.4010954,-0.38294494,0,61,718
-2.91668,0.24122737,0.28147998,0.025081735,-0.29088458,0.061760206,0,1306,416
8.383488,2.9344063,7.2361236,1.3790488,-0.4433671,1.9675134,0,1579,1900
-2.3782477,0.16835319,1.343766,0.16608688,1.746324,-0.24531426,0,1267,97
-3.385786,-0.12581974,0.49119055,0.37020332,2.430475,-0.38951218,1,49,637
-2.5269938,0.5255202,0.17974819,-0.1632609,-2.065827,0.3537366,1,1342,751
10.084348,12.570266,-1.0359966,-2.0032592,1.84177,0.5606208,0,1873,1911
7.023446,-2.7779086,3.387154,3.4856093,-0.15774144,2.7312794,1,679,1758
-2.5669558,0.45603374,0.2977191,-0.14571327,-1.1912916,0.20032099,0,1787,643
-2.7886248,0.32309204,0.27972722,-0.043799482,-0.6632202,0.11973487,0,1534,488
2.6866755,0.695004,-1.7660991,-3.3547993,1.1839163,1.1841289,0,2304,1655
-4.2693996,-0.29117578,-0.30070674,0.53255767,1.8276842,-0.30709136,1,454,384
6.4029922,-3.9608734,-4.8453584,4.152433,0.098034576,-3.4384184,0,305,1620
4.9118795,-2.4933333,-2.9482787,-2.819277,1.3033445,2.259357,0,1985,1697
5.3332653,0.38937083,5.7495136,1.1809084,-0.76742876,1.7443646,1,1494,1908
-2.1645658,0.33934724,1.3858395,-0.0111045865,1.219814,-0.17708494,0,1797,258
3.266353,-3.1905658,0.7943929,0.96178335,-0.5674091,2.1773126,0,1208,1846
-2.3948026,0.5631083,0.28061867,-0.19022617,-2.041885,0.34905562,1,1620,1000
-2.310149,0.18197848,1.4434804,0.12288587,2.1705906,-0.32712558,0,2031,85
4.4506207,1.1609755,2.418024,-0.28157148,-0.8782651,0.89925534,0,1600,1491
-3.2956789,0.3835634,-0.5367365,0.23125303,-2.50179,0.4132176,0,1211,1027
-4.287039,-0.29258233,-0.31507462,0.53051925,1.8531958,-0.3130339,0,397,404
-2.5947895,0.2273602,0.7813698,-2.259272,-1.1320282,0.21963903,1,1938,1079
-2.1700463,1.3044986,-0.8690675,5.8638086,-0.83327794,0.035413582,0,142,1686
-2.646883,0.44361362,0.1947348,-0.11060155,-1.6433295,0.28632843,0,1282,700
-3.267749,0.46726647,-0.6534055,1.0071582,-2.1650646,0.34054846,0,1153,1280
-2.4012637,0.57179284,0.25761834,-0.20049915,-2.0426595,0.3456349,1,1648,901
-4.139663,-0.18448772,-0.37725848,0.42708024,0.903705,-0.14952469,0,488,982
-3.4385793,0.27089953,-0.47630417,0.033212114,-1.989485,0.3307181,0,1103,1159
5.727362,-0.08015388,-2.1254756,-2.9809854,0.9527402,-3.585386,1,2006,1754
-4.045994,-0.1530739,-0.3303764,0.39234394,0.78385544,-0.12859556,1,670,596
-2.4693663,0.4943405,0.31788778,-0.5432192,-2.0901089,0.3654479,1,1526,1028
-1.9748719,2.518418,0.899488,0.13269502,2.3634593,-0.4672192,0,879,71
5.866092,-4.3264484,-1.2696073,2.740693,0.3757772,2.480868,0,669,1678
-2.5116513,0.3818057,0.50298697,-1.1828128,-1.7106694,0.3077665,1,1696,1054
6.3094683,-5.7696724,-1.3344134,-0.9953594,0.038463827,2.7958994,1,1609,1327
6.2452765,-1.2409377,-0.89100295,-1.4128926,0.519126,0.8271102,1,1766,1647
7.2098975,-3.1671543,4.1533713,3.6287396,-1.1718205,-2.820012,0,681,1823
-3.7757869,0.017210016,-0.35572916,0.22617467,-0.27189243,0.046190094,0,896,646
-3.6365032,0.13885143,-0.43930322,0.12755322,-1.1281692,0.18711284,0,882,1148
-4.105076,-0.20605575,-0.28369182,0.4392687,1.2808607,-0.21397875,0,642,386
-3.6425002,0.1390108,-0.4396459,0.12165516,-1.0456271,0.17037754,0,848,1254
-2.5264916,0.2830131,0.6978939,-1.669663,-1.2808416,0.24240647,1,1837,1187
-2.7969356,0.32958534,0.24788213,-0.040213272,-0.8508805,0.15387487,0,1322,520
-4.022741,-0.1645418,-0.27063316,0.39399523,1.0464797,-0.17466936,0,735,368
-4.109208,-0.20757534,-0.28702107,0.44264776,1.2678427,-0.21126263,0,627,419
-3.6618598,0.08751744,-0.35976407,0.16188377,-0.65034235,0.10742848,1,1015,622
-3.479072,0.235305,-0.44457364,0.051294114,-1.6496129,0.2718702,1,1028,1261
-3.6387773,0.13999121,-0.44634056,0.12862508,-1.1689023,0.1945699,1,964,857
6.528632,1.1177746,2.3533185,0.21824536,-0.77616215,2.1597373,0,1451,1426
-3.2401083,0.38917506,-0.47328204,-0.05028276,-2.5724316,0.42429116,1,1289,1006
-4.283484,-0.2891082,-0.33114144,0.5413337,1.6603912,-0.2760017,1,427,611
-2.379311,0.5796014,0.2819013,-0.21800514,-1.8561058,0.30819857,0,1806,840
0.27172673,-6.4813657,-1.2190974,-1.4826493,-0.97452253,1.2164181,0,1763,1371
-2.5229242,0.31721583,0.665952,-1.5973579,-0.82513756,0.1445273,0,2263,752
-3.159532,0.428852,-0.45042074,-0.023905534,-2.626079,0.4301991,1,1353,1072
4.193573,7.095597,-2.924537,3.3726156,-0.67479014,-3.5371566,0,446,1747
-3.164606,0.048833523,0.4074651,0.17596886,1.3253324,-0.21096365,0,123,1166
-2.779523,0.30665445,0.33914182,-0.046306275,-0.30219728,0.054740336,0,1813,460
3.615483,-1.6599509,-3.1979434,5.25621,-0.72434825,-2.8551393,0,118,1932
4.4457455,0.7316068,1.9260232,0.5749342,-1.3967166,-0.8644664,0,1363,1548
6.3476915,1.7683138,-1.6137396,-3.5658662,1.3570486,1.2804409,0,2378,1186
5.057337,-1.8867483,1.6581413,-3.0166428,0.522391,0.028289765,0,2381,1218
-2.4855762,0.5408481,0.2130308,-0.1846157,-1.9208708,0.32386267,1,1591,757
-3.9898667,-0.11670288,-0.33829919,0.3551999,0.54564357,-0.08894167,0,718,615
-2.7093894,0.3835168,0.24178265,-0.071202576,-1.2437935,0.22164138,0,1266,628
8.543768,4.903221,-1.9914778,3.5449746,0.9545537,2.2322607,0,453,1907
6.0068703,4.925632,4.042775,0.36487767,-0.9526085,1.921343,1,1504,1497
5.027313,-1.7652184,-1.6099658,0.29711398,-0.60209924,2.2113926,1,1253,1437
-1.0784345,-3.5006683,-1.1079979,-0.31691942,-1.8098716,-2.915185,1,951,1424
5.623933,-1.9871665,4.9100733,0.64895236,-1.0559678,2.2443228,1,1505,1509
-3.7072518,0.09135987,-0.42922544,0.16809453,-0.8651483,0.14475209,1,905,848
-2.5273168,0.21676375,0.84370244,-1.9162581,-0.87950826,0.17899916,0,1933,1351
8.325039,2.8476493,3.879283,0.9800453,-0.23962341,2.4733305,1,1410,1752
-3.496543,0.22728847,-0.4443282,0.053474184,-1.5463197,0.25269336,1,1007,1318
-2.158754,0.3509111,1.3176777,-0.012985061,0.8815378,-0.11447408,0,1639,289
7.4260173,-2.5128672,-1.5257584,-3.382771,1.5123904,0.9813064,0,2372,1185
-3.2915764,-0.050908465,0.45009553,0.28741002,1.8900297,-0.3000821,0,89,966
-3.3263144,-0.11344872,0.54282105,0.3494093,2.483862,-0.39963686,0,240,190
5.8531737,2.9751077,-2.1985438,-3.2332451,1.499579,2.245436,1,2202,1725
7.239394,-1.3718398,2.2611828,1.5414251,-1.0600556,-2.7232442,1,1117,1807
-3.1489248,0.4019809,-0.37844935,-0.22006764,-2.4970965,0.40987387,1,1426,1050
-3.4700644,0.3535462,-0.47578493,0.047314703,-1.5756016,0.2516733,0,1016,1306
4.823714,4.4390397,-0.9765906,-2.4750926,0.8793235,0.7127248,1,1965,1809
7.025824,0.88877064,1.4655331,-0.41231784,0.09660702,-0.19892162,1,1672,1790
10.819265,3.639892,3.934081,0.8327552,-0.56959736,-3.2351947,1,1534,1860
-4.087531,-0.12015109,-0.4285282,0.3442531,0.6336323,-0.11280113,0,407,1152
1.8812554,0.91748065,-1.110642,-3.2115712,0.9071815,1.2148525,1,2270,1651
-0.49450767,-0.13813853,-1.3575218,6.1715875,-0.75138533,1.4115297,0,50,1886
5.5235267,-2.0611508,-2.9649315,2.2316573,-1.9971776,0.49933094,0,823,1634
7.073202,-4.218998,-2.7402706,-0.46632308,-1.0926206,-3.0300899,1,1394,1385
6.4231925,-3.214011,-3.5547295,4.431318,-0.18551138,-2.8130338,0,251,1901
-3.2379284,0.44366345,-0.5764032,0.56602085,-2.40042,0.38711166,0,1235,1200
9.590564,-2.8646526,1.4481514,3.2872634,0.5361869,2.6223044,1,677,1796
-4.300318,-0.24186805,-0.3673244,0.54454595,1.6379817,-0.2749909,1,420,655
-4.2470164,-0.26534563,-0.34201118,0.51973844,1.4327879,-0.23604761,1,504,655
-4.006522,-0.089434974,-0.40375912,0.32058293,0.39075133,-0.06849587,0,515,1145
-3.1067584,0.36764652,-0.24997589,-0.4668488,-2.2522378,0.37071416,0,1551,1065
0.48532328,-6.458749,-0.42627537,-3.0912747,-0.03451727,-2.564336,0,2365,1623
10.273822,0.9655662,-0.61683685,3.3343406,1.1084818,2.8677464,0,585,1866
-3.65832,0.11922395,-0.42639303,0.14374131,-1.0077999,0.16790551,1,945,820
-2.5797045,0.14837636,0.91973525,-2.3830357,-0.7727126,0.16436267,0,2032,1260
5.141031,-0.5407834,-2.464648,-3.4643586,0.65088683,-0.56318367,0,2180,1093
-4.131539,-0.19301513,-0.3528152,0.43834543,0.9661263,-0.15842298,1,601,670
-3.8520887,0.0020106377,-0.41784912,0.244502,-0.30337632,0.051087044,0,727,1018
5.741967,-3.8286057,6.8167586,-1.3349262,0.36193734,-0.58422965,0,2344,1892
3.9235432,3.2977612,-1.992574,-3.2749705,0.17968892,-3.359958,0,2126,1543
11.267559,0.31247815,2.4965534,0.87568337,-0.40475076,-2.997761,1,1430,1804
-2.288112,-3.5347831,-0.92520463,0.16115327,1.8448819,1.1230624,1,394,639
-3.3298528,-0.08318436,0.44196007,0.35628816,1.7285832,-0.261509,0,363,880
-2.1601348,0.3513064,1.3141855,-0.012267756,0.86177814,-0.110829175,0,1615,290
7.905782,-2.792692,3.0450466,0.46407604,-1.122205,-2.021901,1,1498,1523
-4.049154,-0.1560827,-0.32805854,0.39553392,0.8051119,-0.13206127,1,665,596
-3.2965221,-0.054042522,0.43915588,0.30393028,1.7522067,-0.2725849,0,210,951
-3.1443317,0.41833004,-0.40682524,-0.07354453,-2.5028095,0.40947577,1,1406,1110
9.804461,-2.45511,4.9025197,1.7207294,0.040865563,2.2556627,1,1382,1944
8.626985,-3.0900016,1.3405213,3.3377235,-0.4328183,-3.0826194,0,667,1946
4.9607873,0.7991694,-3.0860698,-2.4848554,1.26044,2.2705965,1,1911,1726
-2.5363896,0.21725608,0.8281944,-1.9899809,-0.98525393,0.19713673,1,1928,1269
7.250133,-1.4204738,3.25444,-2.1358924,1.2791975,1.7395135,0,2249,1846
-3.0962474,0.35999307,-0.22000477,-0.47457868,-2.1569211,0.35507485,1,1577,1126
-3.4872475,0.22575097,-0.42377353,0.04864858,-1.4318147,0.23144186,1,986,1395
-3.7034707,0.094889,-0.4317993,0.1651543,-0.88827944,0.14848459,1,910,847
-3.3981247,0.28288427,-0.44582224,0.018271351,-1.9346927,0.31947955,0,1121,1250
0.87493104,-0.76810485,-1.7183458,-0.62348,-0.8999848,0.42262122,0,1032,1455
-2.3915865,0.15720902,1.3641857,0.18413897,1.8218652,-0.2572047,0,1051,131
6.7166176,6.9357786,1.1609094,0.021836063,-0.060252953,1.8010813,0,1487,1683
6.243314,6.0249987,-2.5780318,0.038280923,-0.14803849,2.1633797,1,1262,1526
9.607828,-2.1869488,-5.125416,2.6189437,0.64265805,-2.6525223,0,583,1701
-3.2910001,-0.048123784,0.44378197,0.28592116,1.848143,-0.29269874,0,108,971
-3.4673562,0.2453699,-0.45024306,0.043646846,-1.7050784,0.2805499,1,1049,1273
-2.0611303,3.224759,-0.38185787,-0.24004735,-1.7080803,0.15652671,1,1293,735
9.555234,2.484744,-3.1348464,1.1490886,1.1039246,2.4276145,1,1004,1853
-3.1727195,0.055848572,0.3365262,0.19756013,0.74297595,-0.10356617,0,930,373
-3.43404,0.27224624,-0.4717844,0.030632045,-1.9684199,0.3265267,0,1105,1186
-3.5883653,0.17569573,-0.45076686,0.094164215,-1.2842753,0.21004859,1,916,1266
6.033561,-0.1362531,-5.0080576,-2.1027582,0.65786976,-2.6687958,1,1828,1750
-3.6788895,0.12484464,-0.44494694,0.12598108,-0.8642615,0.13632397,1,782,1348
8.838235,0.036677536,-4.360292,0.8848811,1.1095394,2.7966857,1,1032,1777
-3.5355752,0.19784223,-0.43618202,0.07906172,-1.4287264,0.23570013,1,1054,786
-3.058028,0.12451777,0.33771992,0.13591178,0.32435498,-0.033506304,0,1021,424
7.131479,0.8589917,0.5090718,-0.8136042,-1.0472155,-2.7237802,1,1602,1413
-4.283846,-0.2892754,-0.3313436,0.54166245,1.6598512,-0.27587053,1,440,591
4.7783875,-2.4297464,3.8829055,-2.38871,-0.15310109,1.1872125,0,2150,1144
-3.171277,0.047996182,0.35976568,0.1992052,0.88928103,-0.12968999,0,1059,259
-4.1344614,-0.19590393,-0.35039088,0.44145098,0.9877302,-0.16197439,1,597,668
-3.5311093,0.20360665,-0.44341713,0.07572662,-1.482175,0.24474457,1,1050,808
-2.560665,0.4750652,0.25884354,-0.15030505,-1.4462335,0.24494241,0,1667,671
3.142764,-3.5397081,-3.0052643,2.3693874,0.17583887,2.594177,0,696,1470
-3.3660223,-0.12033967,0.4757022,0.39806592,2.023402,-0.31035432,1,333,737
-0.62034965,-3.6997852,-0.3696806,-1.9006934,-1.455298,-3.0643556,0,1894,1528
-2.0699394,0.42426607,1.4127935,-0.09913658,1.0881581,-0.16963509,0,2011,345
-3.5170438,0.21220489,-0.43069512,0.058204148,-1.3522639,0.2176728,1,955,1400
-2.4191077,0.4227238,0.6128532,-0.15910155,-0.039834652,0.0010781385,0,2365,521
-3.086053,0.046120096,0.46005437,-2.0418317,-0.6313101,0.11956248,1,2020,1534
1.4934808,-7.783695,-1.423212,-2.7367222,0.650649,2.282337,1,2130,1680
-3.3451836,-0.113957725,0.52109593,0.35002118,2.459376,-0.39597544,0,180,279
9.851739,-5.249162,-2.4626548,-2.21729,1.4696604,-2.499319,1,1934,1914
6.0433645,3.4772358,0.64908415,-2.7209585,-0.33899555,-3.3876743,0,2322,926
-2.3830066,1.1074808,-0.75920224,5.4526534,-0.4895365,0.0003303861,0,275,1465
-3.7547581,0.074643165,-0.4362275,0.16957624,-0.59782284,0.09374915,1,717,1277
-2.367278,0.4006023,0.7263726,-0.764492,-0.26138946,0.043337792,0,2411,613
-3.8290687,1.9329756,-0.7308101,0.41409904,2.2660248,-0.4992502,1,468,96
-4.2465634,-0.2949325,-0.2502897,0.51854134,2.1058953,-0.35873732,1,480,110
-4.2448287,-0.29294023,-0.2524628,0.5164163,2.0881324,-0.35575086,1,491,108
-2.2665737,1.237992,-0.8615499,5.9186687,-0.58622473,-7.361932e-05,0,137,1553
-3.500313,0.22752689,-0.45165235,0.055485252,-1.5863495,0.2601745,1,1013,1288
-3.697283,0.050561596,-0.32538807,0.19114816,-0.3672513,0.060668033,0,1006,555
-4.297906,-0.2923356,-0.33500397,0.5379122,1.7471328,-0.2931344,1,392,539
7.474633,0.16484246,-2.0813828,-1.9923196,0.77372795,-2.8842409,1,1878,1879
-3.9595551,-0.11443621,-0.30198446,0.3469488,0.644405,-0.106646664,1,777,477
-3.423789,0.27424106,-0.458822,0.024941262,-1.9034154,0.31396627,0,1132,848
7.8418503,0.0051898453,-2.6459446,0.88737315,0.64801216,2.10693,1,1106,1754
-3.5967283,0.16757669,-0.44425565,0.10015186,-1.2286037,0.2009959,1,900,1261
2.716612,-9.05396,-2.250687,-2.7963598,-0.27209982,-2.6369274,1,2037,1533
-2.8773923,0.25425583,0.3169618,0.00031626635,-0.1342832,0.030062156,0,1671,401
4.8741617,0.7535862,-4.1291394,-2.3295014,0.6798842,-1.8749868,1,1898,1803
6.0592866,-0.54251546,0.99568105,2.8396418,-0.3601775,0.0034995908,1,734,1744
-2.0813458,0.46765378,1.4469723,-0.13755849,1.1292273,-0.19098786,0,1925,363
-3.91985,-0.017095624,-0.44036883,0.2463491,-0.007346913,-0.0063405065,0,557,1264
6.293059,-3.4092956,0.1801062,2.694431,0.07789513,1.5875255,1,743,1743
7.2781115,-0.61583024,3.6956818,0.5272652,-0.87857026,-1.9691846,1,1559,1717
5.2731442,0.8516158,-4.5665717,3.9393685,-0.2188174,-3.649456,0,341,1624
-3.1626983,0.417635,-0.43084317,-0.12132908,-2.617725,0.42966697,0,1363,1032
7.2645426,0.5276245,1.808802,3.9873264,-0.50829905,-1.9087249,0,530,1740
-2.4611032,0.5458617,0.23720756,-0.19016272,-1.8753607,0.31551105,0,1641,759
-3.7015722,0.40348887,-0.4225166,0.21540496,-0.12811294,0.0017186641,1,925,572
-4.1116157,-0.20128204,-0.30787385,0.44165468,1.1381643,-0.18799376,1,608,536
-1.1596682,-3.795314,0.10817914,-2.4194932,-0.08709148,0.7220276,1,2129,1694
-3.2104428,0.025150077,0.35789013,0.22114056,1.0235707,-0.15207522,0,1012,246
-2.7918098,0.32614064,0.25935882,-0.034411438,-0.85632116,0.15659368,0,1282,540
6.877306,3.1625562,1.3582106,0.20494273,-1.3331374,-3.215564,1,1421,1553
-4.2861185,-0.28937247,-0.33511811,0.54328454,1.640227,-0.2721632,1,452,599
-3.6516585,0.13909857,-0.44521928,0.11748247,-0.9897557,0.15865363,1,825,1319
3.332955,-2.2701073,1.3268822,-2.7956355,-0.21800327,-2.4464061,0,2164,1510
7.5776443,-0.36976698,3.1275566,0.38478613,-1.2651505,-2.4008195,1,1503,1521
-4.244775,-0.2952406,-0.24630529,0.5174506,2.1279175,-0.36282355,1,481,91
-3.7817845,0.03732649,-0.40842617,0.21433106,-0.5234797,0.08875136,0,839,842
-2.5407076,0.2329235,0.7881548,-1.9089571,-1.0625696,0.20873559,1,1905,1248
-2.509052,0.36743858,0.5380931,-1.2192471,-1.6103603,0.29203326,1,1721,1119
-3.2097867,0.47119042,-0.58980423,0.7598438,-2.2769303,0.36104536,1,1240,1293
-2.2302136,0.2433493,1.444682,0.05639258,1.9368391,-0.29387465,0,2132,156
-3.4204245,0.27132562,-0.44517726,0.023483273,-1.8227336,0.29930934,0,1101,1297
-2.410226,0.57406664,0.24152145,-0.20274553,-2.0625012,0.34792787,0,1638,864
-4.0311446,-0.115065575,-0.39217228,0.356745,0.43405274,-0.0708214,0,598,956
-3.34268,-0.10847733,0.5275986,0.3264988,2.6165526,-0.4281258,1,15,256
-3.2465138,-0.017785994,0.4323892,0.25690165,1.6074543,-0.25176963,0,171,1026
7.215033,2.0306838,-1.1504569,0.9116328,9.9297606e-05,-0.7721818,0,1169,1888
-1.2590725,-3.3870845,0.1917292,-2.4709687,-0.25749007,-0.5047639,1,2166,1671
1.2886089,1.8390349,-1.8290536,-2.9858754,0.68580514,1.4284742,0,2166,1685
7.7236204,-0.27554446,0.9403448,2.9024534,-0.57526016,-2.6506822,1,723,1748
-4.3055735,-0.2966584,-0.323714,0.53011817,1.9192067,-0.32613963,0,397,328
6.8200855,2.3981373,-4.78955,0.806287,0.6628012,1.9445034,0,1024,1634
6.1921315,3.6837273,-3.1152546,-3.1412132,0.8089308,-3.842137,0,2035,1787
-2.401664,0.14773367,1.3712624,0.19430844,1.8876736,-0.26790586,0,1011,127
7.1603503,-2.8172436,-5.0119357,-1.9889326,1.1022068,2.9331827,1,1723,1366
-2.4151556,0.57288074,0.23588,-0.20029241,-2.0903902,0.35337165,1,1615,871
-3.1524317,0.4288294,-0.44011968,-0.08244963,-2.638479,0.43203917,1,1360,997
-3.2859125,-0.050355442,0.42867643,0.3184003,1.5160753,-0.22688715,0,383,944
2.459159,-6.79144,-1.5168564,-2.2644067,-0.7562135,-2.7885568,0,2337,773
6.124918,2.4186661,-3.4919631,-3.1017368,0.75112903,-3.8440557,0,2014,1776
-3.0956073,0.21518783,0.087877676,-1.2178872,-1.4816245,0.25117955,1,1785,1308
-3.653021,0.09722282,-0.369614,0.15466933,-0.72884876,0.12049216,1,1013,645
-2.325098,0.21330376,1.3344485,0.121745884,1.4995761,-0.20649001,0,1306,144
-3.8073888,0.13368878,-0.42350993,0.23894784,-0.26098925,0.03807665,0,833,743
-2.4088922,0.56934047,0.2505112,-0.19667259,-2.0756092,0.35224736,1,1620,918
6.6136966,-2.9165487,-4.9183693,0.21692072,0.5386429,2.1309214,1,1204,1665
-2.5050545,0.5022687,0.279873,-0.17313293,-1.4702702,0.24583952,0,1773,701
6.032596,-1.9426745,3.3325293,0.5556198,-1.6902571,-2.8456514,1,1439,1550
-2.391922,0.56970316,0.27400497,-0.19845739,-2.0211718,0.3429959,0,1656,935
-3.359662,-0.11853882,0.50221854,0.36831015,2.3290763,-0.3701421,0,169,510
7.312828,0.026544271,9.733671,1.9924383,-1.9982734,-2.132351,1,1510,1809
-2.6735322,3.197614,-1.0960194,0.11040397,-2.4362195,0.25602078,0,1293,1115
-4.186036,-0.26849464,-0.2382023,0.4936434,1.8976989,-0.321552,1,562,151
-3.3689694,-0.12009405,0.46982643,0.39999074,1.9915903,-0.30441618,1,357,735
-3.9344447,-0.08026518,-0.34740832,0.3195218,0.30374318,-0.04861379,1,759,646
-3.424718,0.26986915,-0.4489718,0.02593993,-1.8396273,0.3027359,1,1098,1277
1.2365506,-1.504301,-0.21160601,-2.347414,-0.74926007,-2.7323108,0,1945,1619
-3.9726079,-0.05531643,-0.3461599,0.3487009,0.5701523,-0.09672443,1,741,562
7.809366,1.8510255,1.6379551,3.0855782,-0.45529613,-1.5229702,1,712,1747
-4.1318126,-0.15737812,-0.4090746,0.385326,0.8454965,-0.14608067,0,390,1075
-2.6295946,0.46124718,0.17906877,-0.12107136,-1.7699522,0.30707735,1,1280,727
6.137336,-0.7097127,2.5773692,-2.1975543,1.08029,1.968402,1,2138,1837
-3.6533592,0.12479779,-0.43225217,0.13980983,-1.053794,0.17557967,1,949,834
-4.2977767,-0.28792793,-0.35960916,0.55068594,1.5063097,-0.24723865,1,455,806
-2.8760881,1.6613511,-0.6639355,-0.13776533,-2.4808788,0.3422132,1,1430,998
10.302905,-2.88802,2.180488,-2.8222353,1.937405,3.5143037,0,2382,1303
2.9589207,3.1069624,-1.1968863,-1.8320516,0.3385327,1.7118092,1,1811,1702
-3.1990356,0.034502227,0.35350743,0.2107661,0.9731807,-0.14424667,0,1061,237
-3.3814766,-0.1251325,0.48089135,0.38636753,2.2371006,-0.3516781,0,182,710
-2.425425,0.56670064,0.2280763,-0.1884256,-2.1911492,0.37440965,1,1529,933
-2.4829772,0.0754316,1.3921313,0.2654644,2.3501537,-0.34295344,0,706,107
8.057569,-1.146312,-5.0375733,-2.224617,0.8081127,-3.7961054,0,1816,1659
-2.3780208,0.13876581,1.4221041,0.17689517,2.2500775,-0.33480564,0,1848,36
-3.3667934,-0.11825975,0.504966,0.35377508,2.4796655,-0.40010172,0,48,477
-3.3680203,-0.12000992,0.4712886,0.3992947,1.999048,-0.3058334,1,354,727
-3.5278494,0.21597393,-0.47016668,0.07210092,-1.6571743,0.27548653,0,1013,1145
5.5475106,-2.3050582,-0.058144722,2.3111324,-0.015289558,2.639586,0,797,1659
7.111822,-5.1940217,-5.878345,0.19456495,1.1263821,3.890035,1,1215,1653
-3.7831647,0.03454559,-0.4035566,0.2158463,-0.48987326,0.08292056,0,848,803
-3.2304792,0.42146948,-0.5279572,0.24902542,-2.5637188,0.41983494,0,1271,1102
-4.139388,-0.19904199,-0.35086548,0.4459976,0.9947334,-0.1627366,1,588,696
-4.063212,-0.17507623,-0.30297375,0.41204238,0.99504834,-0.16441938,1,657,511
-3.8425703,-0.03312016,-0.3308753,0.27016973,0.085384935,-0.013368264,1,865,567
-3.3008935,-0.06371952,0.43730438,0.3340407,1.6026725,-0.24080516,0,376,917
-3.3208232,0.33455858,-0.45411533,-0.019601878,-2.1833718,0.35839963,0,1208,846
-3.317228,0.3475115,-0.48179585,-0.022509094,-2.363652,0.39003938,0,1226,930
-3.3249984,-0.10309471,0.5447917,0.31227285,2.6910093,-0.4430777,0,13,133
-2.38326,0.5718692,0.28369972,-0.20278728,-1.9735563,0.33367723,0,1695,921
5.5757546,-3.5527668,2.797746,0.55142903,-0.91057676,2.0382524,1,1408,1552
-2.784967,0.333437,0.2590058,-0.047313973,-0.8006696,0.14377116,0,1435,505
-4.0050263,-0.13441798,-0.31854486,0.37124768,0.70262873,-0.115335226,1,708,560
5.972124,0.20218644,-4.4671855,4.6661496,0.6837973,2.2707546,0,183,1843
4.0127068,-4.3819346,-1.6606014,-2.2504752,-0.36366075,-3.1978416,0,2359,748
2.5260475,-2.6252682,-2.4576623,1.2051967,-1.3361241,-2.5106204,0,1035,1607
1.0609026,0.2351433,-1.9972123,-0.69290686,-1.5698334,1.9936048,0,1438,1216
7.2150116,-2.8621182,-5.33087,0.20656641,-0.2656076,-3.161612,1,1179,1618
6.882683,0.17410085,-4.132274,-3.2746623,1.395967,2.2077913,0,2302,896
6.476481,2.8507109,-0.3052947,-0.4644143,-0.4762658,0.5449705,1,1518,1443
-2.763136,0.3226589,0.3261376,-0.057668567,-0.41237992,0.07267087,0,1805,481
6.681119,6.493609,-0.48796076,-1.7347227,0.38158795,-2.6694345,0,1842,1863
-2.6963,0.23294075,0.61173934,-1.2212305,-0.32108584,0.06389226,0,2151,589
-2.6088777,0.39378938,0.39975628,-0.1332534,-0.34193975,0.049311526,0,2202,561
-3.3751435,-0.121973746,0.494441,0.36770833,2.3891146,-0.38187498,1,96,572
-3.1674743,0.04325934,0.40683857,0.19051327,1.2494732,-0.19471432,0,205,1148
5.033692,-0.75878024,3.0547998,-0.2502526,-1.0669748,-3.0263827,0,1666,1768
5.7588882,1.0047518,-3.1191263,4.3692913,-0.62556195,-3.4662454,0,246,1901
-3.5364957,0.20477639,-0.44570076,0.06988343,-1.4144415,0.23064525,0,961,1314
-3.2559125,0.37797713,-0.47191095,-0.0415404,-2.53884,0.41990936,1,1269,1004
-4.281712,-0.28912237,-0.32796142,0.5401115,1.6772295,-0.27916542,1,426,589
-3.3490047,-0.110204406,0.5209283,0.33152652,2.5865846,-0.4221854,0,51,253
-2.5442626,0.22681807,0.79684526,-1.9313534,-1.0317969,0.2037856,1,1913,1260
-4.207512,-0.07896329,-0.39667633,0.5050546,1.326247,-0.22615682,0,512,751
-3.9132364,-0.028172908,-0.42366052,0.26786983,-0.07204967,0.010357626,0,644,1099
-3.5134363,0.21300425,-0.42639,0.056131415,-1.3310797,0.21355328,1,951,1419
8.040885,-1.9897919,0.5241282,2.5160608,-0.6237349,-3.2102573,0,799,1779
8.396463,-4.5118957,2.5807025,-0.024658442,-0.8304651,-2.9253416,1,1614,1576
-3.6802614,0.12007789,-0.44595945,0.13716912,-0.94451416,0.1534586,1,821,1240
-3.9319358,-0.10630788,-0.28567296,0.33823097,0.62099594,-0.10243138,1,792,468
-3.1293466,0.41082862,-0.3713794,-0.122294255,-2.4286368,0.39745733,0,1438,1126
2.396236,-2.695443,0.21460527,-2.5462508,0.8334759,1.9042593,1,1998,1711
-3.1071665,0.36814275,-0.25139466,-0.4525093,-2.2434976,0.36911377,0,1552,1078
8.574144,-0.76450026,-2.918585,1.6613233,0.4201697,-0.4837774,1,908,1695
5.008949,0.8178503,-3.567756,-2.1740055,0.55130154,-1.0591965,1,1847,1659
-3.1787627,0.42633685,-0.46201247,-0.08288811,-2.5972393,0.422554,1,1336,887
-3.4644954,0.22507231,-0.4017762,0.053104006,-1.4747119,0.24191892,1,1137,716
-3.3969407,0.28145543,-0.43996006,0.017802382,-1.8996007,0.31313244,0,1118,1270
-3.3615508,-0.11922441,0.49048117,0.3823419,2.1820643,-0.3413639,0,277,555
-3.339655,-0.118023165,0.5261632,0.3667292,2.3668697,-0.37632596,0,328,250
-3.7086275,0.09266105,-0.435094,0.16860855,-0.9000501,0.151085,0,877,949
-3.8903644,-0.03140944,-0.39781058,0.27709562,-0.1035336,0.019373955,0,762,828
5.5830255,1.0601205,-3.667711,-2.1481094,0.09760704,-3.7062664,1,1821,1666
-4.0188513,-0.066891804,-0.44685942,0.28509122,0.38469893,-0.075352006,0,407,1264
3.705298,-0.04935547,3.9577487,-2.697998,-0.27764982,-2.3427656,0,2276,1455
5.4177966,-2.1805239,2.7317789,-0.97762483,0.41306236,2.1072705,1,1825,1853
-2.318541,0.18875332,1.4107426,0.12588666,1.9767091,-0.29186922,0,1858,94
9.425798,1.0173714,1.7385738,-0.035158772,-0.8637515,-2.884872,1,1530,1516
5.5311685,-0.3423773,-5.099834,2.8755567,0.85334194,1.7854177,0,555,1501
-2.4449801,0.5634084,0.21971813,-0.19866619,-2.0099823,0.33778736,1,1617,783
-3.4575076,0.25067666,-0.44671053,0.037680317,-1.6991383,0.27851483,1,1058,1306
-3.0966296,-0.7173699,-0.4968955,0.19003356,0.72876036,-0.08304508,1,750,449
-2.2701995,1.7818183,-0.08665517,-0.21453696,-2.0510082,0.28817827,1,1339,762
-3.6351962,0.14478667,-0.43095028,0.10725355,-0.9277101,0.14600465,1,799,1391
-4.2693253,-0.29112503,-0.30070752,0.5324816,1.8275189,-0.30706933,1,453,385
-3.4102285,0.28697002,-0.47806948,0.024240665,-2.1185322,0.35331872,1,1134,983
-2.519937,0.5262336,0.19040963,-0.16683845,-2.0097766,0.3430823,0,1414,744
7.6627383,-2.3707874,-1.500234,-2.6737452,1.0151408,-3.4752939,1,2091,1840
-2.6217766,0.4339694,0.26470193,-0.12281761,-1.2425094,0.21267731,0,1633,621
-4.145664,-0.21588638,-0.31762227,0.45716235,1.222248,-0.2025346,0,590,525
5.745438,5.4781103,0.14381681,0.1976448,-1.2969038,-3.282976,0,1361,1609
-2.2350154,0.27006227,1.3643081,0.054018497,1.4151175,-0.20029739,0,1749,192
2.0202398,-3.6181364,-1.7847055,5.754247,-0.33444437,1.7494335,0,66,1816
5.093601,8.113576,-4.088258,-3.8953335,0.95976317,-3.3452103,0,2254,1556
-4.2567315,-0.28497785,-0.30750936,0.5355619,1.6769373,-0.2784718,1,476,517
8.66839,3.6837416,7.311749,1.4825494,-0.63099486,2.4319103,1,1511,1784
5.952354,0.27521628,4.4564247,0.6057914,-0.58834183,1.7312022,0,1550,1698
-3.3425262,-0.114397064,0.521707,0.35470274,2.4191628,-0.38781515,1,196,316
6.1746154,5.792194,-3.5879047,-0.13111565,0.6355995,1.5487616,1,1300,1708
1.8516049,1.0079569,-1.7772304,0.41145086,-1.1332105,1.9862529,1,1191,1416
-4.2444854,-0.29469815,-0.24722067,0.5169979,2.121371,-0.36168888,1,484,92
-3.0951276,0.102759644,0.37858996,0.1276155,0.93053156,-0.14519681,0,230,1271
-3.9506829,-0.046343956,-0.4181025,0.2730783,0.1925878,-0.03880253,0,515,1242
-2.5321105,0.2752471,0.7277883,-2.0433323,-1.1183361,0.20475155,0,2105,817
5.5645785,-1.4000987,4.285946,3.615075,-0.5614581,2.111798,1,683,1756
1.8828412,0.042948753,-1.9046649,-2.6454515,0.37207553,1.5310801,0,1984,1611
-2.556763,0.20987974,0.8308117,-2.330336,-0.94610673,0.18289708,0,2138,934
-2.4312224,0.1216504,1.372779,0.21842156,2.0395968,-0.29221383,0,1034,76
-3.4175186,0.26821166,-0.43182367,0.022295129,-1.7431326,0.2848899,0,1092,1342
6.941245,-0.15456055,-6.1924105,5.37341,1.2320616,1.9279541,0,53,1737
3.1462896,-0.23393504,1.9864683,-0.14032505,-2.0264213,-2.006474,1,1490,1323
7.1937,-0.47685692,-6.1377087,2.9492762,0.45736736,-3.2731261,0,528,1594
2.5709555,-3.8384457,0.7011909,0.89364713,-1.9795684,-2.3454893,0,1200,1467
-2.4084642,0.14392085,1.3544965,0.19476447,1.8757299,-0.2653364,0,1098,100
-3.517351,0.20798247,-0.42013228,0.058970224,-1.2848588,0.20573772,1,934,1425
-3.6826189,0.117430896,-0.44318086,0.13902064,-0.92271346,0.14982188,1,815,1241
-4.287464,-0.28932497,-0.33763164,0.54419464,1.6268004,-0.269647,1,454,614
-3.347258,-0.11529662,0.5156822,0.35834247,2.3901138,-0.3821937,1,175,389
1.4398218,-3.48211,0.6371911,-1.2951072,-0.82862455,-2.4822125,1,1792,1700
-2.5381734,0.03442717,1.385281,0.29637057,2.6483397,-0.39394227,0,602,20
7.2752614,-3.9002955,-0.89911926,-1.76654,1.3577299,0.70133615,1,1905,1931
-3.6596124,0.11648062,-0.42146844,0.14502929,-0.97420263,0.16206867,1,949,796
6.120607,0.16321295,3.2264452,-2.6413176,-0.47420797,-3.116082,0,2167,1279
-2.512823,0.52793723,0.19856845,-0.17048557,-1.9695463,0.33523017,1,1470,744
-3.9868495,-0.1489672,-0.25947276,0.37699547,0.9719636,-0.16214496,0,775,354
-3.8822284,-0.04764324,-0.3519309,0.28800055,0.09981053,-0.014761202,0,798,661
3.6665304,-1.8965344,3.5911295,-0.28173298,-1.0615594,1.5066364,1,1638,1443
9.974877,-1.1918943,1.3899553,3.073035,0.5558121,2.2455697,0,740,1928
-3.319756,-0.11127986,0.5538932,0.337801,2.579709,-0.41855428,1,210,103
3.2998323,-0.40035033,-2.3488455,-3.3249922,0.13570303,-3.4791627,1,2192,1596
2.7536135,-1.3359591,-1.7674774,1.0409557,-0.7396151,1.4661323,0,1065,1500
6.050755,5.997502,-4.3386726,-2.384832,0.87498033,-0.55794096,0,1831,1617
-2.3532174,0.5741925,0.33097336,-0.21760713,-1.7226268,0.28613213,0,1884,915
-1.5297832,-2.5862322,0.17441669,-2.3444526,-0.69612396,-0.7732022,1,2061,1565
2.0005426,-0.2062861,-0.8731966,-2.7773492,0.57486224,0.93082666,1,2088,1676
-2.4211278,0.56981194,0.23333742,-0.1972731,-2.0972204,0.3551825,1,1608,895
6.1938176,-0.35555956,-2.0707343,2.127017,0.2547813,2.0148673,0,762,1742
3.6093652,-4.8306623,2.443311,-2.9197974,-0.37830085,-2.8361154,0,2231,1467
-4.041279,-0.11257699,-0.40450794,0.35006303,0.4533406,-0.07619561,0,551,1044
-3.2172422,0.43602642,-0.5377579,0.35710433,-2.5071995,0.4077441,0,1274,1156
-2.5373733,0.28196383,0.6864629,-1.8272915,-1.4121761,0.2646473,0,1828,1021
4.6974697,2.4321167,1.5720996,-0.5306249,-0.26247197,1.4732786,1,1645,1708
-2.5781066,0.14978789,0.9181822,-2.3992817,-0.8034648,0.16975848,0,2027,1238
-1.9937931,1.0146083,1.2968096,-0.056126446,1.5288659,-0.2672902,0,2095,256
-4.282515,-0.28961065,-0.3280993,0.54090047,1.678049,-0.27923274,1,451,552
5.9798265,-3.6444957,0.16323641,2.400752,-0.0031474717,1.9310447,1,813,1703
-2.085581,3.2960894,0.0031129597,-1.5392233,-0.30886525,-0.091415055,0,2117,622
-4.300064,-0.27762488,-0.3776016,0.5325488,1.4756932,-0.24470568,0,409,836
-3.694806,0.10334161,-0.43866032,0.15838267,-0.9473616,0.15811631,1,920,852
-3.3434494,-0.117211506,0.5172923,0.36896273,2.3174343,-0.36717457,0,304,327
2.9467568,0.9824156,-2.7506397,-3.2085989,1.2064226,2.0060225,1,2189,1683
2.614972,2.0619743,-2.1834464,-2.4462643,0.32804963,1.7813238,0,1906,1595
-3.3345425,-0.11364544,0.53389096,0.34891766,2.481256,-0.39962354,1,220,210
6.754603,1.0268759,-5.4953623,0.12905815,-0.60396993,-3.2504487,1,1160,1490
-3.6044412,0.16307645,-0.43538117,0.09616752,-1.0844201,0.17348675,0,854,1364
4.775462,-0.99416804,3.5411818,2.892412,-1.5317186,-2.8670871,0,811,1781
8.717733,0.1401624,3.6414099,0.85463923,-0.8498843,-2.4247923,1,1451,1833
-1.0623391,-2.3866057,0.069681846,-2.4901247,-0.87927586,-3.2479525,0,2117,1647
-3.6735663,0.07865895,-0.3572352,0.17065671,-0.61321825,0.101995505,1,985,643
10.606179,-0.97810876,5.1372614,1.8334652,0.16462761,2.980713,1,1366,1939
-2.5894268,0.19426055,0.8039779,-2.2520683,-1.1132963,0.21874222,0,1941,1096
1.5999591,-2.216032,-1.1073242,-3.2331805,0.03846541,2.1165397,0,2190,1031
6.548856,-3.312104,-4.676836,0.382092,0.29517236,0.073403075,0,1197,1657
-2.4746492,0.52089113,0.27880192,-0.18241781,-1.592935,0.26674286,0,1750,723
-0.5899519,-5.0926337,-0.3297816,-2.415398,-0.2268541,2.0259147,1,2008,1565
3.1067295,-9.016276,-2.01992,-3.224338,0.26353517,2.0955067,0,2074,1101
-2.5099342,0.24889322,0.79667944,-1.7732791,-1.0180782,0.20087746,0,1892,1313
-3.0296555,0.15286975,0.32051274,0.101834044,0.23113556,-0.022070073,0,1203,349
6.774535,0.2796694,6.5000086,-1.1265051,0.7505872,2.2240474,0,2168,1959
-3.3862321,-0.12795699,0.4798988,0.39097604,2.2407749,-0.35186768,1,169,782
4.317703,-1.3545042,-4.3284097,1.7357914,0.25616187,2.453793,0,827,1533
-1.7867336,-1.9484898,-0.7878755,-0.22580414,-2.0763752,-2.0397398,1,1078,1392
-3.5935469,0.17065723,-0.44670987,0.09786954,-1.2496442,0.2044152,1,906,1263
-2.353907,0.23184401,1.425771,0.17283125,2.4047256,-0.36745963,0,1975,27
2.0251095,-8.402518,-1.7530205,-2.7666101,-0.40815118,-2.2496593,1,2036,1533
6.256937,-0.17998843,4.7138214,-2.796932,0.8160274,2.2767875,0,2406,1377
-3.345615,-0.097289175,0.46094963,0.36141592,1.9572328,-0.30297896,0,247,860
-3.2344172,0.5719902,0.3498769,0.33712047,2.4184597,-0.42077026,1,100,594
5.5550284,3.2041242,-1.0173802,-2.866244,0.3268558,-3.012784,0,2015,1753
-3.3638926,-0.11921502,0.50175613,0.36518168,2.3735282,-0.3789018,1,126,520
-3.3513649,-0.111448154,0.5200174,0.3336677,2.5856116,-0.42178214,1,8,329
-3.6422331,0.08878969,-0.33861226,0.15970838,-0.622512,0.10314634,1,1024,607
-3.3612986,-0.11845828,0.47437537,0.39984512,1.9694347,-0.30006412,0,388,695
5.5575356,-4.483688,2.0210886,-0.52637875,-1.3106471,-2.869594,0,1640,1474
-2.7706726,0.33877644,0.27034748,-0.055853486,-0.7529539,0.13387887,0,1553,508
-2.5859735,0.19934891,0.7974684,-2.23673,-1.1387995,0.22281282,1,1934,1082
-2.282457,0.25425333,1.3217164,0.0879098,1.2323887,-0.16317742,0,1223,221
-3.8625855,-0.05507223,-0.308601,0.28916982,0.26616502,-0.04350095,1,857,516
5.7639956,2.6712773,-5.0775023,5.5091457,-0.2354573,-3.2206411,0,29,1800
4.3280854,13.002283,-3.48067,-2.2691257,0.8586912,1.0162313,1,1806,1759
-3.770166,0.023784118,-0.36305684,0.22109406,-0.32907632,0.05578914,1,893,669
5.448999,-3.4413602,-0.7715563,1.5731925,-1.0529375,-2.9078374,0,973,1581
6.0618296,1.3444318,-3.6167028,-1.8846544,0.5707677,0.47560272,1,1744,1499
-3.2852485,-0.03436206,0.3895019,0.28009856,1.4456884,-0.22211674,0,888,190
-2.2747881,0.22282566,1.4196007,0.09041958,1.8613902,-0.2760907,0,1908,130
5.6095767,3.6280136,0.5184103,0.33145759,-0.6723308,2.0851629,1,1319,1523
5.160241,1.6371258,-1.9924049,1.1616207,-0.1752358,2.1412294,1,1019,1642
-3.2470431,-0.022441952,0.42886928,0.27596533,1.4741304,-0.22440639,0,297,1006
-4.0361786,-0.14553007,-0.33282992,0.38316852,0.7484569,-0.12327031,1,692,567
-3.365966,0.31288946,-0.47731382,0.005925546,-2.2566981,0.3759205,1,1170,981
7.5719395,-1.1485207,7.776988,2.2555213,-0.9079752,2.3093748,0,1328,1953
5.500618,2.2078056,3.0192122,0.42784733,-0.8406113,2.0399554,1,1447,1541
-2.110843,0.588631,1.5919242,-0.27029368,1.6485969,-0.33019745,0,2004,406
10.069184,1.339593,1.2667214,0.94691783,0.26634026,-0.39720827,0,1373,1913
-2.4733691,0.56552064,0.16372173,-0.18471918,-2.318149,0.3953244,1,1417,866
3.7737288,4.9621406,-2.9190257,1.1061279,-0.7649291,-1.4002701,1,1004,1604
5.2152452,0.83490086,-4.07391,0.0653082,0.26457992,2.643927,1,1260,1669
-3.5649748,0.1848116,-0.43320847,0.0797951,-1.2129408,0.19506072,1,899,1372
-2.6554909,0.22138159,0.6761176,-1.826343,-0.8386161,0.15988004,0,2022,697
-3.607798,0.12359755,-0.36907545,0.13261145,-0.87757003,0.14502029,0,1039,659
-3.951539,-0.13264702,-0.251091,0.36012372,0.882009,-0.14686383,0,807,356
-2.5410538,0.5333618,0.14037828,-0.16349588,-2.2225587,0.38076705,0,1305,814
-2.4111974,0.5711006,0.24178612,-0.19558468,-2.126873,0.36157638,1,1582,901
-2.2516537,0.2238044,1.4580884,0.07568492,2.0636973,-0.31429255,0,2132,131
-3.356519,-0.11842519,0.4875175,0.39058933,2.0797594,-0.3212912,0,363,562
-3.1308298,0.07221055,0.38108012,0.17409053,0.902225,-0.13307297,0,364,1198
4.5126834,-3.6616771,-1.2928602,-2.952794,2.0465589,1.6437548,0,2135,1732
4.182681,-2.4813013,3.0834699,-2.7039876,-0.8266127,-2.7905183,0,2215,1114
-2.1463203,0.37568873,1.322571,-0.03070163,0.78300714,-0.10132975,0,1541,310
-4.1504273,-0.22115003,-0.312206,0.4625743,1.2670621,-0.21002932,0,582,516
4.7115927,-5.187902,4.1250157,-1.8982047,-0.15390068,-2.6021764,1,2137,1852
-0.23903011,-6.5746317,-1.7259327,-0.2655826,-0.37942013,-0.86271983,0,662,1425
-2.3848073,0.56894344,0.30606768,-0.22169222,-1.6280639,0.26613504,0,1926,779
0.9773298,-0.89516383,0.58618116,-2.8723006,-0.5561176,-3.27188,0,2154,1560
-2.5202749,0.04831182,1.3842835,0.2866865,2.5297606,-0.37330207,0,643,57
-2.4205747,0.57509506,0.22633988,-0.20429453,-2.0740557,0.3488724,1,1631,836
-2.5517166,0.23104425,0.77630955,-1.9657238,-1.1225699,0.218822,0,1903,1192
6.9921236,-3.347731,-0.8739625,-0.5240611,0.08705202,3.2611954,0,1522,1425
6.6705146,-1.3155372,-1.6295025,-1.550833,0.10485908,-1.5274143,0,1758,1556
-1.4878145,-2.5241637,-0.93410623,-0.27106148,-1.8440394,-2.9477165,1,937,1426
-2.7176657,0.39845905,0.19422647,-0.076248854,-1.4618485,0.258948,1,1204,713
-3.323199,-0.11218586,0.5501721,0.3405433,2.5628376,-0.41522154,1,220,115
5.8000712,1.6863816,4.291483,1.1736878,-0.6217417,1.6776918,0,1388,1844
-2.4441416,0.5710242,0.2011827,-0.19926888,-2.1276479,0.35858583,1,1557,795
-2.2860603,-0.9868766,-0.6917724,-0.19484258,-1.6859628,0.3947163,1,1087,1414
-3.8786447,-0.0426283,-0.3587751,0.2842683,0.049145326,-0.0061167628,1,792,693
-2.3484554,0.578638,0.3334527,-0.22653268,-1.6470762,0.27013496,0,1956,875
6.372381,-2.9109085,-4.2868476,0.70388496,0.6978361,3.0035985,0,1082,1715
10.891958,0.93126875,1.8070822,1.053525,0.6529822,2.6516693,1,1363,1822
5.0306726,4.0409393,1.4348123,-0.73764056,-0.30667904,0.5238727,0,1676,1615
-3.3238597,-0.11431409,0.5494565,0.34812358,2.521654,-0.40658942,0,263,131
-3.3769271,-0.124241635,0.48661542,0.38281366,2.2645352,-0.3569948,1,167,683
7.410585,5.8361354,-0.49711418,-3.3199878,0.994292,-0.84357953,0,2401,1099
-3.0114126,0.17175682,0.31038705,0.07706137,0.20346807,-0.021302985,0,1376,308
-3.3604352,-0.11803637,0.50478303,0.3622776,2.3858416,-0.38142604,1,129,485
-4.2117033,-0.2738518,-0.25694153,0.49941856,1.90917,-0.32411256,1,554,151
-2.5139105,0.31596738,0.64553314,-1.4014084,-1.2976921,0.24238007,0,1798,1262
6.3601813,-0.30520502,1.7239207,-0.6276205,-0.79371595,-2.5317495,1,1674,1577
-3.3081703,0.34446287,-0.45768583,-0.026943557,-2.2261758,0.36473334,1,1222,842
-4.2477565,-0.29620823,-0.24904442,0.5199589,2.1164958,-0.3605042,1,473,112
-3.459858,0.24113257,-0.42577654,0.040153895,-1.5628065,0.25454816,0,1027,1360
5.4414053,-0.23215626,-1.9593498,-2.9112225,0.67147005,-3.5845964,1,2005,1754
5.018095,1.4197901,-3.100175,-3.2879555,1.7734128,2.2133152,1,2171,1710
-2.5193963,0.25331026,0.7736347,-1.767134,-1.0745788,0.20980555,1,1883,1283
-4.2845807,-0.28955182,-0.33191895,0.54230314,1.657688,-0.27541468,1,455,572
-2.2822344,0.33631107,1.3121958,0.10205924,1.3482674,-0.18658711,0,1179,210
-3.914609,-0.08926668,-0.2997988,0.32147956,0.4964536,-0.08201512,1,820,479
2.4361012,-0.8087545,-0.1784056,-2.1395884,0.52109313,1.9126395,1,1919,1766
9.825097,-0.76203376,-3.617183,-3.2285874,0.97721857,-2.9732819,0,2316,915
7.118005,3.2318547,1.3301404,0.15003087,-1.2808123,-3.176959,1,1428,1560
-3.9178317,-0.13036124,-0.21492025,0.35710153,0.9574987,-0.15883926,0,809,334
-3.0881536,0.26020843,0.0026776027,-0.94925123,-1.6284001,0.27252564,1,1725,1301
7.0854635,0.048530575,3.3668373,-2.1385016,1.4988394,1.1609483,0,2378,1890
-2.2640822,1.1446844,0.17247334,-0.21989441,-1.9459416,0.30174428,1,1681,965
6.1163206,-1.1537566,4.6352515,0.6232755,-1.1478409,2.5338435,1,1464,1442
2.6812892,-7.8135314,-2.1626823,0.65290314,-1.4338297,-2.899305,0,1207,1624
6.355831,-1.9439784,3.5593016,3.454947,-0.5311766,0.90919244,1,705,1746
-4.0628295,-0.17623742,-0.2992342,0.41224685,1.0183804,-0.168601,0,662,489
-3.5814524,0.12748267,-0.34269178,0.12595038,-0.8274859,0.13608848,0,1085,606
-4.092893,-0.1532675,-0.3889405,0.39760903,0.655347,-0.10700845,0,577,907
4.389559,-3.4617214,-3.05393,-1.9365648,0.604916,1.9086132,0,1808,1566
-2.5169995,0.525843,0.19665614,-0.16829477,-1.9750694,0.3366284,1,1450,742
6.5318303,0.18259084,1.3811132,-2.3872695,0.9884944,-0.94438237,1,2173,1808
-3.3483574,-0.114513785,0.5169295,0.35243484,2.439072,-0.3920592,0,136,371
7.2893815,0.6775054,-0.8379471,2.4107401,0.4879349,2.4583797,1,760,1791
-4.2698646,-0.2960659,-0.27542356,0.5202969,2.0736802,-0.3538738,0,428,165
-4.303609,-0.29700318,-0.31931928,0.5289247,1.9435147,-0.3306491,0,401,300
-4.0836535,-0.17065698,-0.33893263,0.41098207,0.88102394,-0.14505726,0,647,594
-3.3551111,-0.11770308,0.5029395,0.3710468,2.2862995,-0.3617355,1,228,470
1.3759755,-0.36845753,-1.41846,1.2851496,-1.0480175,0.76514107,1,1035,1575
-3.988396,-0.15303877,-0.25149277,0.37952736,1.0264369,-0.17166825,0,792,317
-3.18258,-0.39105794,-0.43659556,0.17927974,0.587165,-0.09069011,0,859,383
-4.0881896,-0.14470743,-0.39069438,0.37867308,0.7141537,-0.12090214,0,470,1084
-4.2109933,-0.276278,-0.24928904,0.50003475,1.9572206,-0.33271724,0,556,119
-2.4132285,0.113444164,1.4157475,0.20320794,2.3594348,-0.35141873,0,1828,9
-3.241606,-0.015419393,0.41526324,0.2752069,1.3395021,-0.19985941,0,370,1016
-3.9634905,-0.08564616,-0.3732766,0.32793885,0.2694924,-0.042489223,0,725,736
0.374375,-2.5112724,0.10757255,-2.9877088,0.49993834,1.6753626,0,2266,1645
-2.2155526,0.2634105,1.448679,0.04198306,1.839975,-0.27950767,0,2072,172
6.89415,-2.8524988,-3.0430028,-3.479077,1.2761464,2.8964822,0,2129,1055
-3.7023873,0.07251766,-0.38171476,0.17918032,-0.6447944,0.107817985,1,937,710
10.750116,0.08242618,0.61991227,-1.3293008,1.8564506,1.6135527,0,1894,1949
8.500828,1.4841282,3.948918,-0.19003683,0.44211233,2.2595477,1,1730,1885
-4.063761,-0.1756041,-0.30255735,0.4126109,0.99884516,-0.16504002,1,656,511
5.3892374,0.3417165,0.4679256,-3.3826492,0.87535614,1.5299451,0,2349,1249
-4.0810204,-0.16499545,-0.34917396,0.4070788,0.8097343,-0.13265333,1,643,647
7.5404367,-1.7598476,0.29599863,-2.7457573,1.7484288,1.9832387,1,2223,1761
-2.536276,0.24154206,0.7753923,-1.8645146,-1.0931324,0.21341659,1,1894,1243
5.713616,10.716787,0.9790311,-0.7640499,-0.28492314,-0.3920445,1,1647,1606
7.320202,1.1811392,2.1262789,-0.97147864,0.61083686,0.84741807,0,1814,1859
9.011386,-1.5048871,-1.4380839,-1.8335054,2.0990105,3.1866055,1,1893,1929
-3.2389526,0.47436664,-0.63200426,0.9659433,-2.1872265,0.34431043,1,1177,1295
-3.313668,0.3961132,-0.58311045,0.44449604,-2.4398816,0.4002132,0,1181,1084
7.798705,-4.96088,-1.5405717,0.32406706,-0.8118636,-2.9769678,1,1301,1507
-3.4727745,0.24067219,-0.4475085,0.047177885,-1.678728,0.2764118,1,1039,1268
-3.5596578,2.181547,-0.908827,0.18490957,0.4325632,-0.19458902,0,468,1262
-2.435644,0.5685702,0.22273606,-0.20338595,-2.0053015,0.3360206,1,1646,789
-3.5209217,0.20407112,-0.416184,0.061477445,-1.2538263,0.20058395,1,922,1426
3.2781005,0.20526712,0.19485019,3.8992822,-1.0737153,-2.8874629,0,468,1717
-2.5454438,0.26519045,0.71020246,-1.8086677,-1.2808298,0.24317761,1,1855,1139
-2.4182012,0.5719817,0.23283207,-0.19877139,-2.104872,0.3562471,1,1603,877
-3.190404,0.02660008,0.41506672,0.20505632,1.3851615,-0.21779436,0,164,1117
-4.2693386,-0.29929602,-0.26597843,0.52143687,2.1337636,-0.3645982,1,459,100
7.4998736,-0.9558384,2.4749548,-2.352374,0.5560589,-3.3992631,1,2239,1787
-1.1349043,-3.142313,-0.13383278,-2.272016,-0.49078166,1.6493144,1,1981,1551
0.87585837,-1.0637444,-1.1606126,-2.6344144,0.21070533,1.7238942,0,2015,1620
4.0711718,3.1462405,-0.8297265,-0.41862378,-1.4393532,-0.20685282,1,1406,1302
10.220994,-0.17840804,0.6763418,-0.089286536,-0.019796835,-2.40539,0,1586,1642
-0.85425234,-4.3695054,-0.48956758,-1.3318951,-0.9545154,1.3938047,1,1779,1508
-2.5976593,0.16281243,0.8655913,-2.5509963,-1.0309273,0.20573099,0,2017,986
-3.2484238,0.38151938,-0.45853627,-0.05274696,-2.3967414,0.391501,1,1271,855
7.7805734,-4.747227,3.0975025,1.8700252,-0.7833578,-1.7520785,1,1140,1844
-2.4775603,0.51661205,0.2848822,-0.18076052,-1.5501654,0.2594435,1,1764,717
-3.4666812,0.24553107,-0.4494676,0.04326387,-1.7012964,0.27981135,0,1102,802
-3.1447062,0.41864744,-0.40930033,-0.09595319,-2.5449483,0.41713592,0,1393,1081
-3.7837007,0.0050498713,-0.33776477,0.23417668,-0.14243181,0.023983043,0,923,572
-3.336712,-0.108720385,0.5332024,0.32912096,2.599441,-0.42431232,1,92,181
-0.2918692,-1.1745379,-1.2991499,6.245619,-1.1655508,-1.4200007,0,60,1952
-2.9281175,0.23333107,0.28902224,0.02441014,-0.15235269,0.035974286,0,1479,382
5.123533,-2.517607,-4.554987,-1.1952361,-0.3232519,1.0234973,0,1549,1253
-2.4373617,0.74635124,0.6921888,-1.9606069,-0.9964905,0.17205645,1,1915,1262
4.9790034,2.7898052,-0.81719416,2.1199384,-0.4607446,-0.22229019,1,823,1696
-3.6114354,0.15533932,-0.4381727,0.11046361,-1.1646025,0.19109383,0,883,1236
10.405425,4.2744308,-1.3446182,3.2692475,0.11088755,-3.6660457,0,557,1800
-3.3183136,-0.113415055,0.55692816,0.34393945,2.5583708,-0.41365245,1,255,97
-3.1495035,-0.044375412,0.6282376,0.2577075,2.3212097,-0.3766211,0,2125,3
-4.054991,-0.16523047,-0.31432065,0.4028322,0.9053317,-0.14928953,1,666,540
5.215205,-1.8284897,-0.81609154,-1.3721185,-0.49659342,-1.4914594,1,1725,1477
-3.368413,-0.12177156,0.5004729,0.36944914,2.3747568,-0.3786794,1,102,594
-3.001425,0.1731676,0.35960004,0.05364793,0.63673246,-0.10228021,0,221,1419
11.50245,-0.04017146,-0.29884234,0.013165483,0.056944277,-3.4833474,1,1519,1663
4.288338,-2.2347007,3.9137874,-0.24958466,-1.5121443,-2.7430432,1,1669,1572
-3.1993876,0.017627308,0.4227532,0.21383366,1.4521166,-0.22880319,0,149,1099
-3.312906,-0.11248387,0.5640696,0.3398434,2.5932522,-0.42037597,1,247,65
-4.1335893,-0.17707378,-0.38601094,0.42020115,0.83501804,-0.13791953,0,511,965
-0.12944679,-5.039565,-0.32186073,-2.636314,-0.7133893,-2.6717017,0,2101,1639
-2.4747283,0.44639263,0.41552305,-0.84000176,-1.9051546,0.33721572,0,1614,1029
-3.9627063,-0.072468,-0.3948449,0.3115465,0.2063799,-0.034214586,0,609,1037
6.14654,-1.1614922,-3.6579194,-2.9652765,0.752188,-3.7883773,0,2003,1773
8.936452,-3.4686587,-1.0175555,0.03779521,-0.67830193,-2.8024218,1,1385,1515
-3.6749845,0.12555811,-0.4510113,0.13313128,-0.9858667,0.16027704,1,832,1241
-2.5856051,0.20013095,0.79627395,-2.2321653,-1.1411307,0.22315916,1,1933,1082
-2.5962353,0.39046025,0.6245809,-1.5054886,-0.61690205,0.10860409,0,2149,669
-1.9570811,1.543947,1.0940764,-0.019786354,1.3113179,-0.24567933,0,1704,221
4.5224037,2.795873,-3.9917135,3.588465,-0.49278533,-3.4775653,0,381,1925
9.787609,2.7423573,1.525566,0.64326143,-0.584823,-3.2721727,1,1388,1781
-3.9450428,-0.03780364,-0.4305758,0.26722383,0.1022084,-0.023309497,0,545,1228
-3.8754942,-0.043308597,-0.35139117,0.28253186,0.09044902,-0.013761564,1,821,626
-4.2681704,-0.28496465,-0.32783693,0.5434853,1.569541,-0.25827992,1,474,663
-4.2881017,-0.28921035,-0.33906445,0.54458356,1.618872,-0.2681766,1,448,635
6.4145675,-2.3865721,3.5518584,-1.9089351,0.76684546,-0.7729164,1,2219,1866
9.432749,2.2786934,4.5407076,1.635894,-0.1212433,2.413932,0,1301,1912
3.024042,1.0983751,-2.3212273,-2.9847875,0.8842392,0.9111597,1,2093,1666
-2.6970162,0.39381668,0.24311851,-0.08670342,-1.186914,0.20808707,0,1409,579
-2.745663,2.5294516,-0.8908524,-0.16620846,-2.5392737,0.30752438,0,1357,954
-3.3179946,-0.109191366,0.55677724,0.32943925,2.6333551,-0.42953193,1,176,65
6.7762647,-7.5250936,-2.4555535,-0.95541006,-0.89748836,-3.1617346,0,1572,1346
8.031881,-2.3151906,-0.44055423,2.061489,-0.29606217,-1.8670334,1,900,1690
-4.1393447,-0.20545913,-0.33388075,0.44860393,1.1042751,-0.18219766,0,596,588
10.280354,3.6526544,7.0038877,0.84640044,-0.8805719,-2.5756464,0,1662,1881
-2.3156748,0.21970825,1.3343078,0.11371399,1.4804062,-0.2040116,0,1363,142
-3.6947174,0.10459693,-0.44180715,0.15807016,-0.9675403,0.16169019,0,915,877
-3.4063687,0.2605736,-0.40177524,0.025255986,-1.6426744,0.26846516,0,1186,715
-2.0745986,0.37122184,1.4616804,-0.07147111,1.5401276,-0.24285237,0,2284,267
-2.3825874,0.5770192,0.27706096,-0.20980293,-1.9491097,0.3271601,1,1726,868
-3.1029325,0.15862916,0.36486128,0.14896052,0.9502488,-0.14881065,0,283,1230
-2.3000035,0.18976651,1.4409775,0.11379681,2.1346836,-0.3217449,0,2048,95
10.018518,6.4198723,3.7679355,0.12610675,0.2869555,-0.36269948,0,1685,1891
9.002804,6.4225807,2.2365928,-0.054355484,-0.46896973,-2.3139954,1,1592,1630
-3.0418372,0.0074999426,0.6341233,0.25808114,1.5555303,-0.23111086,0,907,170
-3.3165994,-0.098733515,0.5539633,0.29820782,2.774784,-0.46016505,0,1,19
6.437814,6.857615,-4.0202312,0.9001134,0.57625455,0.7009945,1,1001,1774
7.47853,-1.9966793,2.7043664,0.7791303,0.19183657,2.7945151,0,1461,1901
-4.2866583,-0.2896278,-0.3354037,0.5437806,1.6395278,-0.27198637,1,465,581
-2.8290846,0.27880883,0.33120063,-0.022636052,-0.19781974,0.03885137,0,1757,428
6.3669624,-0.4978169,1.0416176,1.9571263,-0.31867102,1.6218517,1,942,1737
-2.4377506,0.116147116,1.3756917,0.22495505,2.0716853,-0.29727468,0,946,93
-3.367373,-0.120049104,0.47254077,0.39886406,2.0057843,-0.3070931,1,349,727
-2.960943,0.1989993,0.30708665,0.06848288,-0.11857136,0.037848756,0,1147,453
-2.8156123,0.30464262,0.2871526,-0.0343289,-0.5002945,0.091210596,0,1609,465
-3.758552,0.071019694,-0.43342775,0.17255569,-0.57321733,0.08975607,1,711,1274
3.7389197,-5.358546,-1.2600381,-0.67631423,-0.98041916,-0.87835467,0,1542,1386
-3.8580105,0.5147946,-0.46450338,0.32352802,0.6190473,-0.133524,1,742,553
4.885964,3.1579769,-5.7199707,0.52320665,0.049963344,2.5665195,0,1085,1466
7.616525,4.6043277,-3.9739103,-1.0815933,-0.46029207,-1.3519073,1,1513,1354
7.978607,-0.117858075,-0.87534314,1.6831386,-0.16454929,-1.5568646,1,976,1763
9.300838,-0.3720493,-0.25265014,-2.7070906,2.4290922,2.8897157,1,2233,1779
6.2599187,4.3054895,0.71411836,0.040029302,-1.331397,-2.7352536,0,1398,1546
-3.3487117,-0.11762209,0.49450213,0.39073968,2.0730996,-0.31970513,1,383,540
-2.7001898,0.38876715,0.25733644,-0.092129104,-1.0223638,0.17694882,0,1599,569
-4.2783575,-0.29763088,-0.2863675,0.526886,2.0207906,-0.34365118,0,458,197
-2.5640311,0.16675149,0.91082126,-2.529764,-0.8270233,0.16805299,0,2153,1007
-2.3164668,-0.2668116,0.23749083,-2.0570776,-0.7644235,0.1511592,1,1984,1546
-2.5154333,0.51848656,0.21878295,-0.16873075,-1.8383484,0.3122061,1,1540,729
-4.2803397,-0.29803184,-0.2753247,0.513387,2.179249,-0.3747919,0,392,83
-2.0374002,0.48617628,1.476271,-0.1659013,1.2385076,-0.2147473,0,2131,385
-3.3687384,-0.119984835,0.46994773,0.39977968,1.991885,-0.304491,1,359,728
-4.0976415,-0.18258096,-0.3323448,0.42484593,0.9517906,-0.15625724,1,622,617
1.4342875,-2.390752,-1.8573258,-0.61106545,0.55037296,1.7210827,0,622,1426
-3.3115013,-0.11021644,0.56573814,0.33172923,2.6390843,-0.42990655,1,209,38
-3.627194,2.0871458,-0.8295307,0.29001376,0.8211652,-0.24753502,0,651,696
-2.5745928,0.25627792,0.7070381,-2.0545266,-1.146953,0.21211128,1,2026,781
-2.5919852,0.49907413,0.1464005,-0.14301814,-2.0355654,0.3504626,1,1279,782
-2.795765,0.3288202,0.25197336,-0.04074101,-0.8269464,0.14950974,0,1337,509
-0.60000545,-0.21608147,-2.404115,4.2270284,-1.0245957,-0.97538984,0,429,1592
-3.8715,-0.034821723,-0.3666481,0.27753833,-0.014834503,0.004541175,0,794,716
-2.5103498,0.4217899,0.4195027,-0.87345874,-1.7889285,0.31742382,1,1646,1120
-4.256348,-0.28377026,-0.31001124,0.5347274,1.6599028,-0.27548316,1,478,527
-2.2850497,0.18505998,1.4799144,0.105929695,2.3555565,-0.36243904,0,2234,81
-3.6176271,0.113151446,-0.3590382,0.14033905,-0.7963648,0.13157687,1,1039,638
-4.0177846,-0.16037937,-0.2728018,0.38917112,1.0225482,-0.17090428,0,751,359
-2.5449426,0.29018748,0.6566165,-1.6804967,-1.3897487,0.25954542,0,1819,1108
-3.7375479,0.087512136,-0.43953776,0.1569495,-0.64952135,0.10122377,0,723,1312
-4.048421,0.09666361,-0.46509627,0.35668024,0.6610491,-0.12518747,0,467,1111
-2.38413,0.16120239,1.3521605,0.1724874,1.8120182,-0.256405,0,1301,80
-4.2988234,-0.28835002,-0.36035335,0.55161476,1.5037217,-0.246677,1,459,805
-2.1875255,0.32075572,1.3459777,0.0116568385,1.1148918,-0.15306672,0,1679,249
-2.2797146,1.2692703,-0.93368995,6.338414,-0.37951827,-0.0420697,0,22,1490
-2.2192528,0.30538136,1.2993013,0.034584336,0.9698904,-0.12279192,0,1412,245
8.640205,-2.1541462,0.74206805,2.4282284,-0.015610005,-0.2576586,1,877,1764
-3.0965748,0.21386336,0.08979319,-1.2139058,-1.4639409,0.24811605,1,1787,1319
-3.3595097,-0.11653846,0.5133537,0.3480398,2.5186677,-0.40774018,1,21,454
-3.750559,0.07805517,-0.43775165,0.16642049,-0.6150179,0.096386366,1,720,1284
-3.075203,0.20173116,0.14442378,-1.2093626,-1.2756294,0.21682763,0,1811,1418
-4.2136116,-0.27598566,-0.25470462,0.5016938,1.9276719,-0.3272131,1,544,152
5.0632653,1.6196983,4.423014,3.5334752,-1.2606031,-1.9635814,0,732,1913
-3.1255808,0.4312097,-0.4076252,-0.089167796,-2.5438044,0.4149104,0,1427,1002
-3.2650857,0.3729416,-0.46557856,-0.043738134,-2.4147744,0.39636776,0,1260,897
-3.183416,0.41563424,-0.45137614,-0.073246166,-2.592525,0.42459753,1,1321,937
-2.919328,0.8883415,0.17166492,0.106238276,0.4266959,-0.09001917,0,1046,392
-2.4151382,0.563194,0.24986885,-0.1867671,-2.1371076,0.3658981,1,1559,981
-3.3063326,-0.1203797,0.5817071,0.35694644,2.583661,-0.4156933,1,381,14
4.732712,0.63838893,-2.3399184,1.4656215,-0.50164413,-2.4086816,0,944,1830
-4.245175,-0.29352817,-0.2515265,0.5169297,2.0949345,-0.35692552,1,488,107
-4.2077646,-0.21398196,-0.3947538,0.4568016,1.0907474,-0.18220292,0,435,957
-4.1495643,-0.21329497,-0.33137,0.45868456,1.1414897,-0.18780906,1,578,618
6.251284,3.1632116,-6.166538,1.0200969,0.49350354,1.8159869,1,929,1565
3.5448604,-7.8199005,-3.0012352,0.77786183,-1.1537946,-2.4092383,1,1115,1600
-2.7271369,0.34015164,0.3373648,-0.0716842,-0.47150603,0.08184889,0,1836,500
-3.35119,-0.11146924,0.5203837,0.3335602,2.5876176,-0.42215562,1,4,333
8.431049,3.8527393,0.48156366,-0.02315403,-0.76183003,-3.3167534,1,1463,1631
-4.211163,-0.25457358,-0.3194682,0.50452715,1.4244828,-0.23504254,1,519,596
-3.72003,0.07475509,-0.4082114,0.17917605,-0.70841265,0.118188396,0,920,754
-3.5717566,0.18319578,-0.44100183,0.08378327,-1.2507752,0.20245124,0,909,1336
-2.567088,0.20456587,0.82492185,-2.3602765,-1.0095961,0.19542402,0,2089,930
-3.5961812,0.16975032,-0.45954406,0.10844212,-1.4001454,0.23403767,0,973,985
-1.1153429,-3.7026713,-0.19650874,-1.6273034,-0.49000442,1.4649924,1,1876,1676
-4.282805,-0.289644,-0.32852507,0.54111683,1.6759063,-0.27882394,1,453,552
-3.18732,0.41728696,-0.45341957,-0.07826847,-2.5299828,0.41147435,0,1319,856
-3.3084733,-0.11611694,0.57646316,0.34453076,2.626868,-0.42555073,0,308,2
-3.2839425,0.40295985,-0.56131685,0.35424614,-2.518581,0.41419646,0,1211,1079
-2.3446412,0.20192866,1.3281685,0.14060757,1.4809959,-0.20080495,0,1084,202
-3.489541,0.22268538,-0.41978246,0.05030701,-1.4027047,0.22650264,1,976,1400
-3.0943804,0.24726479,0.021912726,-1.032221,-1.6019932,0.26901418,1,1741,1293
-4.119309,-0.21900205,-0.27483726,0.45418024,1.3673174,-0.22794466,0,607,400
-3.7295218,0.066403136,-0.4030807,0.18662357,-0.65860516,0.11028376,1,904,763
-3.095438,0.36610496,-0.23051107,-0.37974837,-2.1093822,0.3459484,0,1573,1189
-3.6464627,0.13644518,-0.4506582,0.13364124,-1.1828891,0.19781534,0,918,1018
-3.883405,-0.024829915,-0.4027797,0.27093324,-0.14846185,0.026666475,0,736,912
8.307309,0.20629458,-4.5218296,2.5370822,1.0585967,1.5235901,0,632,1671
-2.8178961,2.2271373,-0.08875218,0.15727164,1.3886685,-0.32496008,0,880,252
5.1844625,-2.1997764,2.8947475,-2.1201398,0.91566056,2.3454611,1,2116,1804
-3.3523033,-0.11390152,0.5191913,0.34196642,2.5413523,-0.41247267,1,21,398
-3.2410662,1.7239375,-0.7548148,0.0038040369,-1.1805896,0.11134089,1,920,1409
6.64237,-1.1496195,0.31006217,1.3883994,-0.09458809,1.4050263,0,1092,1756
5.856247,-1.9814707,-5.5018415,1.3335398,0.49981612,1.6185409,1,915,1556
-2.7036278,0.38320336,0.2658657,-0.08967174,-0.96280074,0.16671851,0,1624,561
-4.0337825,-0.11518764,-0.39653087,0.35846418,0.41121858,-0.06650727,0,625,908
-2.7934582,0.32245883,0.27280876,-0.041057177,-0.698855,0.12654138,0,1478,489
5.456433,-1.9516157,-2.9620194,-2.997891,0.8380519,-2.9052413,1,2089,1706
-3.845251,-0.059629906,-0.27672842,0.29080158,0.36457172,-0.059985776,0,884,456
-4.017555,-0.07867397,-0.42651463,0.29992113,0.42873192,-0.080197975,0,429,1231
-3.361399,-0.11963249,0.49182656,0.3824267,2.1904588,-0.34286994,0,254,590
6.5840125,-1.2688125,-4.614531,1.3535073,0.71465546,2.1583445,1,906,1579
3.8974404,-3.140489,-2.5198765,0.7608477,-0.4666905,0.871833,0,1134,1584
-2.4840796,0.071783245,1.3997883,0.26779756,2.4019554,-0.35204735,0,787,44
3.9328547,2.8464477,1.4187816,0.5608694,-1.1544316,1.090032,1,1319,1515
7.9717116,0.79236156,-5.9784784,0.4387483,1.2212698,3.1987545,1,1096,1649
7.1302996,0.26453608,1.6637962,3.1398544,0.16153418,2.193098,0,698,1926
-2.4726639,0.42128262,0.47232002,-1.0042701,-1.8230894,0.32561192,1,1649,1026
-2.5143454,0.38120663,0.5010718,-1.1517391,-1.6828047,0.30290166,0,1699,1091
9.167186,-0.6100104,2.8867924,1.1892219,-0.019315481,2.1756217,0,1323,1817
7.810962,5.5161934,0.54443145,-1.2082067,0.8544811,0.6937767,1,1785,1843
-3.3761623,-0.12433644,0.4882232,0.3823295,2.2733288,-0.35863143,1,160,685
-3.6976275,0.05364551,-0.33411658,0.19060376,-0.4222953,0.07047551,0,977,598
-2.5287244,0.2782498,0.70515764,-1.6983154,-1.2677536,0.24049811,1,1843,1186
-3.405808,0.26415876,-0.4102102,0.024524875,-1.6969333,0.2780408,0,1167,742
-3.3367949,-0.10869971,0.5330023,0.32916763,2.5983183,-0.42410487,1,89,186
-3.413258,0.28144982,-0.4689306,0.026474759,-2.0557919,0.3424838,0,1128,956
-3.3126779,-0.10971546,0.56233,0.3323071,2.6194973,-0.42631248,1,197,67
10.274922,-1.8605609,7.60604,0.349784,-0.5633566,-2.6225972,0,1820,1957
-3.394425,0.77699953,-1.3697689,4.626974,-0.846637,0.05398439,0,456,1464
8.002158,-1.7203108,0.6512191,1.9888164,-0.42148557,-1.9008207,0,972,1797
-3.7335021,0.013966099,-0.29335532,0.22206363,-0.096136115,0.016104555,0,983,502
9.650453,1.5590144,5.8819003,0.33318698,0.2136597,1.9495577,1,1728,1922
8.282637,4.654047,0.8216921,2.2787695,-0.070380874,-0.02221534,0,882,1785
-3.9133062,-0.084907055,-0.3089681,0.31921253,0.43506792,-0.07124161,1,801,526
-3.3625584,0.31700975,-0.48209858,0.003734913,-2.292443,0.38192543,1,1176,990
-2.9989269,0.18474637,0.29836532,0.06670553,0.10423175,-0.004917752,0,1352,326
-3.6984782,0.07492089,-0.3810993,0.1763519,-0.64791906,0.10798613,0,952,691
6.883188,-0.94406444,0.5341858,2.4426513,-0.7900447,-2.860909,1,784,1773
-3.7639668,0.052319158,-0.41625696,0.20014791,-0.60593617,0.10163154,1,873,798
7.6487994,1.0790321,-5.457492,4.7621684,0.95077646,1.8752401,0,159,1916
-2.310984,1.4458855,0.008894851,-0.21386279,-1.9708652,0.2889216,1,1501,759
-3.739748,0.081470296,-0.4388687,0.1694039,-0.71819067,0.116421156,0,768,1202
5.67885,9.147902,-4.9736013,4.224177,0.5963014,1.4115398,0,235,1771
7.109376,1.2790318,3.9948456,0.48243734,-0.5645028,2.4089735,0,1513,1589
-3.5252876,0.2141798,-0.46089518,0.070963345,-1.6027808,0.2655758,0,1056,861
-4.273693,-0.29902932,-0.26090273,0.50928175,2.258613,-0.38953766,1,396,12
-3.3445945,-0.11700564,0.50977474,0.3757124,2.2346032,-0.3511432,0,300,437
-2.461699,0.09227884,1.3960819,0.2508171,2.252502,-0.32705107,0,750,125
-4.013776,-0.112838104,-0.3791761,0.35706905,0.4060929,-0.06466377,0,657,843
9.012311,2.8855207,6.4303517,1.5055679,-0.5236673,2.6019635,1,1441,1771
-3.3666978,-0.120394975,0.5052653,0.3612029,2.4413977,-0.39198557,0,60,546
2.6259224,-0.45219383,-1.4376682,-3.2905807,1.057117,1.7142342,1,2263,1653
-2.7319696,0.36260343,0.26971406,-0.07202098,-0.8914824,0.15688196,0,1553,536
-3.9310985,-0.02042774,-0.43910265,0.2426433,0.10330758,-0.027882267,0,493,1330
-4.014546,-0.11616015,-0.37179404,0.35871762,0.4550462,-0.07328207,1,689,730
-2.372312,0.569203,0.304555,-0.20154601,-1.9260913,0.32625148,1,1718,958
-3.3641617,-0.11943789,0.50186557,0.36546743,2.3748043,-0.37910217,0,122,528
0.29947692,-6.3231673,-1.5008472,-0.98222584,-1.353154,2.0333085,0,1613,1235
-3.163955,0.05071873,0.41431543,0.16375832,1.4483126,-0.2354614,0,20,1177
-3.1521366,0.42925242,-0.4407063,-0.0826135,-2.6426232,0.43274504,1,1357,993
-2.4923828,0.32029593,0.697304,-1.8055555,-0.9836489,0.17303154,0,2253,804
3.5723176,-2.5016928,-2.736731,-2.656384,-0.035063226,-3.4979608,1,1978,1685
-2.69565,0.34994516,0.367528,-0.0899437,-0.3332708,0.054175653,0,2011,510
-2.1898756,1.2832763,-0.85295343,5.7726936,-0.8237793,0.03636222,0,160,1671
5.253644,-0.9581599,0.41455132,-1.2305025,-0.271066,-1.8719386,0,1768,1669
-2.6106281,0.45847562,0.22005203,-0.13064614,-1.5419856,0.2647201,0,1485,658
-4.2662687,-0.28295702,-0.3297544,0.5412143,1.5530517,-0.25553584,1,477,666
6.072987,-1.1076292,2.146732,-3.3630514,0.31774336,-3.2777743,0,2378,1468
8.112501,-1.2449884,-1.1419224,-1.2088789,0.015535175,-3.4748795,1,1718,1666
-4.266779,-0.28364086,-0.3288583,0.5418908,1.5599489,-0.2567114,1,476,663
-3.3351593,-0.10812709,0.5343949,0.327812,2.6039186,-0.42525923,0,75,194
-4.1622386,-0.2402343,-0.28287822,0.47875997,1.4811423,-0.24690263,0,562,420
-2.0983758,0.360864,1.4467233,-0.055300318,1.4876144,-0.23117621,0,2202,283
-2.3383825,0.56867564,0.3662295,-0.21824346,-1.5907233,0.26333132,1,1957,968
7.4680467,-2.0712204,4.856545,1.4994026,-0.7912548,-1.0732375,1,1401,1957
-2.5447187,1.0818338,0.11792977,-0.12264629,-1.049197,0.14802736,0,1567,577
-2.496763,0.37134382,0.6158417,-0.119896196,0.1764483,-0.03176465,0,2315,466
7.09884,-5.1602163,-4.9715595,1.8282644,0.06307122,-3.403667,0,787,1494
4.955586,4.9702196,-3.3092523,-3.7893538,0.9993059,1.2060933,0,2305,1086
-2.5210912,0.047573764,1.3847806,0.2875752,2.5346918,-0.37409842,0,631,63
6.4869905,1.5555366,0.12582116,0.10500132,-1.1472348,-3.1346402,1,1390,1615
-2.4071836,0.12974343,1.3835372,0.19288655,2.139618,-0.31296828,0,1666,31
-3.311866,-0.042901758,0.37253395,0.28966594,1.4606566,-0.22460198,0,813,231
-3.9635162,-0.115261585,-0.30684164,0.34976518,0.6209791,-0.1020975,1,753,521
-4.086043,-0.16425277,-0.3600448,0.41007295,0.74980426,-0.12151726,0,622,757
-3.7413905,0.02963032,-0.33807305,0.21258236,-0.2953784,0.049631152,1,941,599
-3.5246477,0.20320787,-0.42052984,0.0636376,-1.2750512,0.20472236,1,927,1407
-2.1748643,0.2672128,1.4801092,0.015702566,2.0592453,-0.3210643,0,2335,120
-2.2345529,0.26141003,1.4202174,0.05423122,1.6937276,-0.2516663,0,1902,170
-3.375205,-0.1243585,0.48997957,0.38168174,2.2826812,-0.360386,1,153,685
9.250296,-2.8905275,1.2074251,3.2225215,0.47787166,2.458607,1,675,1760
-3.6167173,0.11336021,-0.35797146,0.13977447,-0.7911917,0.1305683,1,1045,631
-3.2430704,0.4409286,-0.5781451,0.57370925,-2.3973753,0.38705426,0,1226,1192
-3.7658005,0.06320657,-0.43705702,0.18858738,-0.65990025,0.108649686,0,774,1121
3.287575,4.685182,-2.977768,-3.2516584,-0.15475768,-3.7472854,1,2063,1536
9.417183,-0.832816,0.08189958,2.6182327,0.7708358,2.8079295,1,792,1796
-3.703164,0.095026076,-0.43161702,0.16494673,-0.8876681,0.14834571,1,911,844
-3.1738179,0.04862379,0.35360196,0.20059296,0.85464764,-0.1232897,0,1007,293
1.051956,-7.309434,-1.1334767,-2.7578459,0.24383838,1.7730026,1,2107,1585
-1.9251833,3.3136282,0.17521395,-2.2912426,-0.74907243,-0.011688216,0,2205,897
-3.3071194,-0.059397787,0.45026013,0.29495534,1.9624586,-0.31273085,0,66,952
-2.4451175,0.5621275,0.22284175,-0.19856548,-1.9901578,0.3342828,1,1627,781
-4.3051095,-0.29265273,-0.3469491,0.5430453,1.6850383,-0.28140226,1,409,599
-3.3478477,-0.11156622,0.52094305,0.33791047,2.5433738,-0.4132664,1,97,259
5.6954556,-1.258929,-0.34789696,-1.3271711,-0.51212054,-1.3659278,1,1720,1434
-3.9567654,-0.031521063,-0.4427464,0.24948119,0.21066563,-0.04746612,0,438,1331
4.11424,-0.96144843,-2.9350352,-2.0180485,0.43914366,0.8637248,1,1824,1590
-3.3942866,0.2800819,-0.4316333,0.01654649,-1.8513553,0.30430406,1,1115,1300
4.4953313,3.3008928,0.26814824,-1.245528,-0.9555365,-2.5090137,1,1711,1483
7.101499,-1.0086087,2.2685153,3.1653519,-0.86768013,-2.8581507,0,710,1846
-3.3331733,-0.08198,0.4528818,0.33409888,1.954484,-0.30618662,0,174,898
-3.120828,0.43445954,-0.40772605,-0.09165504,-2.5517845,0.4158506,1,1425,974
-2.6785576,0.399582,0.26074153,-0.09712858,-1.1059145,0.19186918,0,1564,581
-3.7033384,0.09266661,-0.42571586,0.16555306,-0.8497944,0.14163862,1,918,806
5.301642,0.84524274,-4.221391,1.3362787,0.28345248,1.8226746,1,913,1581
-3.6608338,0.13356632,-0.43583328,0.1142408,-0.8378036,0.1298354,0,765,1409
2.919808,4.856861,-1.5746688,0.2601621,-1.7763656,-3.3168466,1,1249,1460
-4.0398026,-0.14243773,-0.34740686,0.38436908,0.6618616,-0.10753543,1,664,680
10.11152,-1.9912218,3.3161044,1.3869281,0.37704334,2.105345,1,1391,1944
6.9583893,6.6149244,-0.20698673,-0.7828413,0.399408,0.9428136,0,1643,1717
-3.581055,0.13032712,-0.34947065,0.12516578,-0.87128055,0.14382437,0,1066,633
3.62503,3.359624,-3.0810533,-3.4088442,1.4510908,1.8166299,0,2223,1678
6.385881,-2.998712,4.698023,2.3474822,-0.6006685,2.5523305,1,1045,1854
-2.522994,0.26190117,0.7709531,-2.0947986,-0.9936284,0.18417615,0,2172,864
4.966518,-2.9542098,-4.4303017,-3.015677,0.8577153,-1.8863062,1,2064,1614
-4.0493636,-0.15437075,-0.33294147,0.3950228,0.7740868,-0.12653041,1,659,628
-3.398532,0.29902837,-0.48901242,0.016739318,-2.2068567,0.36783078,1,1152,993
-2.509567,0.39921537,0.46987215,-0.97781354,-1.6734042,0.29962716,1,1680,1163
-3.3773742,-0.12158289,0.5005762,0.35585397,2.5142608,-0.4065709,0,1,538
5.4131074,-1.6821551,4.5607605,3.6874287,-1.3477962,-2.1585615,1,686,1756
-3.4806092,0.22935726,-0.42147088,0.044576667,-1.428363,0.23016848,0,991,1416
6.9579134,-1.6785243,3.0853918,3.368124,-0.19510747,2.0688531,1,703,1745
4.2248855,-0.88183016,-1.8645525,-3.2573702,0.9839952,2.201514,0,2103,1480
4.9648366,-1.8834994,3.2805347,-0.39366904,-0.7499496,0.6138009,1,1677,1527
-3.8907807,-0.087956324,-0.27205175,0.31739023,0.55498856,-0.092020154,0,857,420
-4.1196694,-0.14503221,-0.42004192,0.3731417,0.7509896,-0.13048747,0,412,1100
5.6879644,-4.169337,-0.42904517,-2.7756863,0.6536495,-3.1738772,0,2203,1757
5.2291083,2.3393416,-3.5102835,-3.1106086,0.6411661,-3.1862648,1,2018,1790
-2.2835174,1.6823277,0.33852863,-1.2619288,-0.45463604,0.009795911,0,2302,669
5.03992,0.67080986,-3.3696895,0.2786537,0.13626558,2.3544421,1,1211,1699
-3.0775588,0.16913255,0.21015091,-1.3929467,-1.1517388,0.19841817,1,1855,1435
-0.874421,-4.357664,-0.27717522,-1.7548224,-0.40340942,1.7164283,0,1893,1663
0.2131724,-5.664872,-0.5803576,-2.5624092,-0.99572986,-3.005215,1,2027,1533
4.415611,0.30270424,-1.4888295,-3.1681852,0.6631095,-2.7989213,1,2194,1764
-2.2257564,0.30274284,1.2947018,0.03921649,0.9525923,-0.1190788,0,1329,250
-2.6705656,0.41016427,0.24710305,-0.10245896,-1.2051284,0.20868307,0,1530,596
7.223522,-2.7896476,1.67932,-0.7806278,0.115560114,1.5061858,1,1719,1539
-3.8044853,0.008897536,-0.37388983,0.23522513,-0.2611076,0.044404775,1,871,677
-2.4941037,0.53878766,0.2032971,-0.18029347,-1.9688629,0.33323434,1,1537,756
-2.7115042,0.37055203,0.2851552,-0.083982825,-0.8278443,0.14354727,0,1679,543
-2.457626,0.09471291,1.3968956,0.24705648,2.2493503,-0.32688907,0,854,74
-2.4616106,0.5355545,0.2634103,-0.18953666,-1.7099149,0.28619882,0,1726,743
0.024469994,-1.7521374,-0.8997703,-2.683358,-0.09617761,1.7977623,1,2046,1531
8.343869,2.8876042,2.7876756,0.5286519,-0.36544886,-0.6236279,0,1511,1731
-3.3369002,-0.1143733,0.5316259,0.35085166,2.4715452,-0.39766872,1,232,211
-3.3578932,-0.1187885,0.48603693,0.3917097,2.0730858,-0.31997186,1,333,631
10.683189,0.032810885,6.0915923,0.9114864,-0.68934304,-2.2767975,1,1627,1874
-2.2981784,0.23142143,1.3345186,0.0990092,1.4480209,-0.19998063,0,1495,154
-4.0319047,-0.118038334,-0.38568997,0.35825923,0.47719547,-0.07840887,0,574,988
-3.3555639,-0.11782407,0.5024556,0.3714134,2.2841225,-0.3613046,1,225,479
7.444685,1.2552899,-4.923826,0.7857624,0.80137074,1.5964333,1,1022,1786
-2.5109162,0.44767585,0.3628725,-0.72400665,-1.889229,0.33219332,0,1609,1103
0.81111604,-6.5106864,-3.0986946,3.4963977,-0.066279165,2.350039,0,551,1466
-3.3917186,-0.13040692,0.48188144,0.38950956,2.3036988,-0.36378613,0,122,805
-2.1967483,1.2781744,-0.8518178,5.776952,-0.8052529,0.033758145,0,160,1661
6.474172,-4.0775466,1.5759704,-2.79267,-0.3930133,-3.1652527,0,2111,1172
-3.9735315,-0.09366982,-0.3699676,0.33692846,0.31023636,-0.048738416,1,704,772
-3.3445904,-0.11471651,0.5188863,0.35625678,2.405244,-0.38514146,0,164,382
7.3253465,8.043597,2.888175,1.7107474,-0.3279761,1.1523557,1,1111,1843
-4.0810294,-0.1452431,-0.3890219,0.38697824,0.6311893,-0.10388078,0,553,965
3.8180037,3.4361095,-0.39741293,-2.8234658,0.7888494,0.43196118,1,2140,1743
-3.101795,0.10150869,0.39093143,0.11075532,1.1810852,-0.1941306,0,37,1281
-3.0895813,0.17243995,0.187172,-1.4033195,-1.2279577,0.2110955,0,1847,1394
-2.2684846,0.2051738,1.4563475,0.088869706,2.1721702,-0.33149925,0,2190,115
-2.0663593,0.4193029,1.4322128,-0.100173555,1.2053391,-0.19079438,0,2090,338
4.9406357,-3.5172784,-1.0400071,-0.34345454,-1.1599262,0.17080706,1,1405,1298
-2.6951215,0.3576733,0.348135,-0.09118789,-0.4567965,0.07605041,0,1946,521
8.549539,-2.563135,-5.2394357,-0.37380847,-0.26639447,-3.2133832,0,1302,1443
-4.1058393,-0.21318744,-0.26625633,0.44273037,1.3949939,-0.23417665,0,659,304
-2.6187696,0.2562426,0.65917283,-1.626202,-0.7375903,0.1368721,0,2126,694
3.6259718,-1.0325575,0.749949,0.43664798,-1.1278763,1.5204912,1,1321,1486
3.4199402,-1.6958563,4.4061933,-0.33745396,-2.0429606,-2.7775319,1,1660,1375
-3.699543,0.097439304,-0.43153858,0.16234753,-0.8936188,0.1490437,0,919,826
-3.950539,-0.10464549,-0.31176826,0.33782727,0.5638623,-0.09322767,0,786,496
-2.9836442,0.1801901,0.31628922,0.086243905,-0.018740831,0.022367785,0,1101,457
9.32675,-1.46647,-5.64063,2.317345,3.4988108,-3.2746353,0,547,1592
7.6296964,0.9353298,7.1553164,0.562458,-0.23228066,2.1526308,1,1720,1931
-2.4571161,0.10228476,1.3672664,0.23676361,2.1361287,-0.3074635,0,973,62
-3.3619156,-0.1192557,0.48497477,0.38869786,2.1106498,-0.3274369,0,319,594
-4.2601967,-0.27111673,-0.3501862,0.5314644,1.4077201,-0.23031034,1,471,832
-2.4060743,0.11349912,1.4282984,0.19848183,2.4258602,-0.3639168,0,1916,9
-3.8654017,-0.05741549,-0.30743003,0.2916469,0.27906212,-0.045514185,1,850,520
-2.520768,0.52814114,0.18391584,-0.16651224,-2.0493228,0.35018426,1,1381,748
-2.5607038,0.2369005,0.75130033,-1.9432919,-1.1712871,0.22617748,0,1892,1168
6.9857216,0.4765606,1.5910934,-2.0195167,0.9619537,-1.5218719,0,2123,1957
3.6797519,-4.38493,-1.3529379,-3.3217587,1.4498429,2.0138726,0,2323,1671
-2.4178388,0.57705903,0.22603615,-0.20567822,-2.0801313,0.34967646,1,1625,819
4.0824537,-2.923145,-2.1734035,-3.2522328,0.2987868,-3.5336108,1,2187,1587
2.8220773,-3.3877246,-2.9897726,5.5606885,-0.76181644,-3.2711475,0,64,1675
6.0338845,2.756416,-3.3914459,0.01491653,0.49608997,1.4636228,0,1289,1698
-4.2115145,-0.27363122,-0.25718892,0.49918956,1.9071714,-0.32377586,1,555,151
-3.8724911,-0.06475013,-0.30069953,0.29836878,0.3358201,-0.05489623,1,843,509
-3.5789528,0.18060671,-0.45751393,0.09702979,-1.416931,0.23530684,0,953,1148
3.1528327,-0.9523873,5.3745813,0.27665877,-1.8151921,-2.44992,1,1637,1577
5.531669,4.748508,-0.09413826,-3.531614,1.1141595,1.0769328,0,2405,1229
-3.3829067,-0.12599611,0.48063028,0.3877587,2.2384462,-0.35177788,0,177,733
-3.1818705,0.42973623,-0.48013866,0.05463313,-2.6203074,0.42855045,1,1336,1090
5.813635,-0.38264152,-3.1880183,2.0189052,-0.35062358,-3.209566,1,760,1715
-3.0993438,0.3540151,-0.21112871,-0.50390154,-2.1337442,0.3514697,1,1585,1132
0.1807737,1.0934108,1.5448452,4.4205422,-0.953569,0.19913147,0,448,1715
-3.3571105,-0.118707344,0.49205402,0.3851253,2.1463218,-0.33424163,1,301,569
4.659569,-0.98620474,1.8406622,-1.9654799,0.6861612,2.1448855,1,1963,1833
7.321983,5.4134216,5.802907,-2.5413275,0.7536354,1.5816748,0,2412,1341
-3.6036835,0.1564749,-0.43793386,0.11497235,-1.2499783,0.20812291,1,983,853
8.323958,0.28778854,-0.5850388,1.7508093,-0.24025707,-2.0351746,1,971,1764
7.0966716,-4.4707723,-0.9078579,-2.7100646,2.1134374,3.0205538,1,2199,1818
-3.6299126,0.1251679,-0.4021268,0.13568716,-0.9766169,0.16219257,1,986,745
-2.5782185,0.41019008,0.41108346,-0.15078719,-0.3201305,0.04238062,0,2287,568
-3.1017094,0.29052138,-0.079338916,-0.8227811,-1.8347238,0.30525196,1,1677,1220
-3.2094889,0.43915918,-0.5329956,0.3347824,-2.511317,0.40781522,0,1289,1165
5.109609,1.4167446,-3.7777436,-2.2133892,0.59966767,-1.0278639,0,1848,1658
-2.4831672,0.49694356,0.29349524,-0.5138091,-2.1198354,0.3698095,0,1511,1027
9.235803,6.04971,-1.2431515,2.549135,0.33034948,-1.0344495,0,719,1767
-3.8500319,0.028956221,-0.43763542,0.19355984,-0.11765403,0.006348588,0,520,1410
-2.5869353,0.4862422,0.18277532,-0.13763233,-1.883676,0.3252102,1,1304,736
-2.3010423,0.17454861,1.4792122,0.11966226,2.3823159,-0.36562103,0,2201,76
-3.4847817,0.2023886,-0.37812528,0.067525215,-1.2905492,0.21124348,1,1148,665
7.5948286,3.2965565,0.38409692,0.1699366,-0.5240303,-2.8867583,1,1442,1870
-2.6927583,0.36203977,0.34084553,-0.092984535,-0.50681007,0.08469293,0,1926,527
-2.342933,1.1580669,-0.8049789,5.680456,-0.4941022,-0.005718919,0,211,1486
-3.9304256,-0.051570624,-0.40431523,0.29654947,0.006934261,0.00088517123,0,726,861
-0.44200462,-4.645572,-0.4869935,-1.7008209,-1.2658412,-2.3084807,0,1867,1553
-3.4529288,0.24446167,-0.42222697,0.036001574,-1.5519024,0.25192267,1,1032,1385
-3.349101,-0.11753673,0.5031799,0.37906045,2.2014234,-0.34481025,0,298,487
-2.8909364,0.25631934,0.2737283,0.024754126,-0.5246349,0.10528927,0,1150,543
-3.6587806,0.11724909,-0.42201287,0.14439979,-0.9791338,0.1628617,1,950,796
-3.841001,-0.027204214,-0.3436658,0.26747003,0.00053950946,0.0015437392,1,835,639
-3.3726764,-0.12174325,0.48242217,0.3850023,2.1905766,-0.34301987,0,236,638
-3.5119877,0.21705218,-0.44483,0.06329206,-1.5235046,0.25017995,1,991,1278
8.171239,-0.5174912,0.16654456,-2.416379,1.9673806,2.8700492,1,2093,1872
5.695237,1.9796754,4.6319213,1.4969935,-0.75842065,1.9596689,0,1290,1814
-2.7024076,0.40919486,0.1930891,-0.085543886,-1.494138,0.26315874,0,1234,699
-3.2020202,0.01855621,0.42079234,0.20955984,1.4835166,-0.23537944,0,119,1104
-2.3434246,0.57424057,0.34824684,-0.22240643,-1.6291118,0.2685539,0,1952,918
-3.4496205,0.26691917,-0.48544657,0.039593127,-2.0289927,0.33883098,0,1100,1069
-3.3682446,-0.111276604,0.46785307,0.370879,2.1246488,-0.33299178,1,175,839
6.4068565,-1.2639018,2.0387025,0.31255692,-0.7255578,2.092623,0,1425,1510
-3.5376825,0.20041855,-0.43634266,0.071178034,-1.3531451,0.21988186,0,944,1336
9.676653,-3.048846,-1.0159693,1.7088687,1.1333935,3.5913293,0,999,1876
-3.553527,0.19131897,-0.42999923,0.07250931,-1.2120779,0.19376963,0,902,1407
-4.3128347,-0.2930609,-0.35957703,0.5485915,1.6196383,-0.26903242,0,406,713
8.237786,-6.0451245,-7.080307,-1.468765,0.88415575,2.6616738,1,1560,1260
6.6381574,-0.74753696,1.2917293,-0.7468624,-1.1343447,-2.880905,0,1633,1451
3.1390164,-1.0663446,1.7041188,0.6160223,-1.1039927,2.0335908,1,1323,1558
-3.2170217,0.47271863,-0.60281307,0.85449445,-2.237931,0.35426787,0,1207,1289
-3.3207486,-0.1044885,0.5503764,0.31651556,2.6773,-0.43970054,0,73,91
2.9032295,-1.0078019,4.814519,-0.09429844,-1.0453154,1.6336924,0,1673,1541
-3.1484587,-0.04360066,0.62805223,0.25671893,2.317902,-0.37613595,0,2127,4
7.9893928,3.217774,2.3109462,-1.8286316,1.3142176,2.2865393,1,1976,1919
-3.3281317,-0.114519835,0.54241854,0.3511297,2.485072,-0.39967456,0,260,173
6.890465,-5.393457,-2.001578,-0.90514874,-0.9152162,-2.9711032,1,1563,1317
3.4657042,2.1113293,-3.152885,-0.75414157,-1.2828413,0.27663428,0,1390,1227
-3.3024435,0.37404945,-0.4374145,-0.026016483,-2.0341573,0.32883993,1,1245,757
-3.2240543,0.012903557,0.36598495,0.23404145,1.1022817,-0.16471778,0,968,247
-4.2733865,-0.29895127,-0.26056454,0.5090351,2.2601545,-0.38984138,1,395,11
4.608556,0.9569361,-0.9289686,-1.5555834,-0.43960577,0.39521965,0,1724,1383
-2.6443908,0.38260964,0.3660792,-0.113379516,-0.49656567,0.08029989,0,2025,549
9.566467,-4.0854464,-4.44917,-0.8843855,0.29506746,-1.3249747,1,1514,1372
5.362225,-1.1632531,-1.4629478,-1.9301254,0.5037162,-1.0850848,1,1884,1843
-3.6338654,0.14474796,-0.4501354,0.12496955,-1.2015823,0.1998846,1,970,859
-3.4062374,0.2909502,-0.48145115,0.021683112,-2.14646,0.35787833,1,1140,985
5.6625834,-5.158523,1.6246611,-0.85897416,-0.32118887,2.939584,1,1673,1357
-3.3469121,-0.06499935,0.37648785,0.31016272,1.6284789,-0.25344113,0,786,190
6.139011,-1.8865474,-3.3791153,-0.4892663,-0.36356506,1.7599778,1,1325,1330
2.5947828,-2.4084866,-3.629507,1.7117169,-0.39308694,1.6570399,0,884,1525
-4.153332,0.33404315,-0.45270443,0.50914216,1.7561417,-0.3241187,0,467,485
6.5246835,-0.95696133,4.8236127,-2.300428,-0.46776393,-2.296457,0,2153,1365
-3.0840359,0.21230142,0.110550344,-1.1653597,-1.3571386,0.22974896,0,1794,1388
3.7767317,-3.4825437,-1.6699967,0.3803305,-4.916531,3.4932556,1,1332,1314
-2.276641,0.25410837,1.3339366,0.08176931,1.3158023,-0.17902097,0,1376,179
9.832948,-5.8244143,-6.094926,-0.48679483,0.39634064,-2.4727604,0,1333,1464
-3.1445947,0.059603382,0.3898459,0.18668543,0.9849157,-0.14640394,0,348,1172
-3.3451238,-0.11244364,0.52259105,0.3429233,2.5082483,-0.40596443,0,88,331
-2.8490765,0.28799736,0.27151737,-0.013061958,-0.5420509,0.101947635,0,1373,451
-3.188799,1.3283312,-0.68648076,-0.027400542,-2.009971,0.28057426,0,1151,900
6.992959,1.8995799,4.065474,1.0467169,-0.6438487,1.6490787,1,1385,1763
4.3229594,-1.4112504,-3.9059017,5.4127374,0.410954,2.210787,0,72,1756
-2.9777424,0.19551705,0.30763048,0.051948477,0.12514661,-0.010726977,0,1544,334
-3.743494,0.07434507,-0.43788207,0.1830598,-0.7807727,0.13064976,0,830,1019
5.8266215,0.13860632,-0.943714,-3.0498483,1.6196752,2.2667966,0,2205,1730
-3.3645744,0.3150881,-0.4806251,0.004979557,-2.2798645,0.37989384,1,1173,989
3.5289733,0.303012,3.297779,-0.6815416,-0.56503177,1.1731309,1,1740,1605
7.9227676,-3.4028656,-1.0913668,-3.8355403,1.3039359,-2.6597495,0,2403,1496
-3.4251661,0.2707789,-0.45216137,0.026073273,-1.8590467,0.3062277,1,1129,829
-3.2988327,-0.056269884,0.4513443,0.2943546,1.9128513,-0.30342582,0,94,955
6.3717546,-1.9913538,-1.1642983,-1.4866034,0.06261269,0.79113823,1,1725,1397
-4.054823,-0.16908847,-0.30385965,0.40421012,0.97239655,-0.16121739,1,679,481
1.6912521,-2.717046,-0.02002816,5.247703,-1.4922241,-2.845231,0,201,1924
-3.146756,0.41101632,-0.39649504,-0.17842968,-2.5620737,0.42091447,0,1392,1034
-2.4728286,0.8207671,0.74384344,-2.5858283,-0.9079112,0.1527922,0,2026,1081
-2.5439339,0.3448589,0.6017362,-0.090824254,0.16622888,-0.025255896,0,2194,460
2.713926,-1.3319775,0.72270745,-0.0938736,-2.4029305,-2.887128,1,1375,1315
4.255857,-1.8964722,-1.5191885,-2.34402,0.094576366,-3.154231,0,1926,1822
-2.8783882,0.26559153,0.28536335,-0.0011949795,-0.33322856,0.0654806,0,1509,420
-3.5905294,0.17366724,-0.459813,0.10462384,-1.4116005,0.23551016,0,958,1077
-3.726579,0.09512505,-0.4400953,0.14911519,-0.6724866,0.10421442,0,724,1337
-3.8053696,0.007278057,-0.37119576,0.23619133,-0.24225156,0.041143827,1,876,663
-3.1331427,0.3961555,-0.34613505,-0.27257317,-2.447801,0.40221182,1,1451,1051
10.916122,4.057166,0.55126953,0.45155352,-0.2151145,-3.3765948,1,1404,1792
-2.3983352,0.57174957,0.26293403,-0.20194012,-2.0137606,0.3402127,1,1670,903
-3.3144453,-0.12078174,0.5732171,0.35674253,2.5817943,-0.41575557,1,374,18
-2.2707934,0.26018858,1.305831,0.07585265,1.1954974,-0.15736571,0,1362,195
4.483054,7.3306046,-5.3412733,-0.6845555,-0.655121,1.7544363,1,1296,1311
-3.8872132,-0.05823584,-0.33288747,0.2943511,0.23136358,-0.037632037,1,830,561
8.542131,3.9971926,3.0066676,1.9142572,-0.4497352,-0.3697105,1,1102,1836
-3.5328305,0.20842598,-0.45915353,0.07594332,-1.5789644,0.26209787,1,1046,874
-2.0670962,0.42604253,1.1504444,-0.13029805,0.6184652,-0.08636982,0,2373,398
-2.5181804,0.36772752,0.52463335,-1.2662503,-1.6694362,0.30165803,1,1714,1053
-3.821269,0.052879874,-0.4495299,0.17152835,-0.24504526,0.026120715,0,544,1447
3.4205728,8.732914,-3.551355,-3.5352387,1.3587036,1.3054792,1,2195,1682
-2.2756763,0.24049796,1.3714879,0.08537754,1.5546023,-0.22152244,0,1664,155
2.0175273,-4.0713606,1.886603,-0.13326621,-1.3915634,2.169189,1,1496,1377
-2.5432951,0.22830604,0.7948104,-1.928127,-1.0415545,0.20539647,1,1911,1255
-2.6320121,0.3969011,0.35047594,-0.121406205,-0.6153556,0.10015122,0,1998,568
7.26006,3.3951876,-0.15104568,-0.39420614,-0.87692153,-2.0702803,1,1503,1430
7.117731,1.9876631,-0.41258466,0.109674454,-0.97621477,-3.3279264,1,1382,1612
-3.9321017,-0.053172268,-0.40307343,0.29807374,0.018085154,-0.0009300434,0,732,842
-4.2521186,-0.2868777,-0.29431757,0.5332641,1.7526269,-0.29236665,0,474,444
8.782514,0.36157876,3.3894222,-2.04754,0.7329694,-2.825465,0,2230,1889
-4.269809,-0.2995473,-0.26614994,0.52188027,2.1336524,-0.36453268,1,462,99
-4.2438855,-0.29359835,-0.24905533,0.5160719,2.1082098,-0.3594093,0,490,94
-4.245833,-0.29639992,-0.24512753,0.5187216,2.1377952,-0.36447516,1,474,93
-3.3286622,-0.10636291,0.5412749,0.32266003,2.6348937,-0.4313955,0,68,156
4.0220695,0.5678731,0.19281799,-3.2050958,-0.03089776,-2.6831994,0,2185,1531
5.658339,-2.208001,-4.263626,-2.1937673,0.8543101,-0.4426572,0,1852,1640
-3.3490798,-0.115749255,0.5136419,0.3597916,2.3807366,-0.38035038,1,171,411
-3.5499773,0.19305943,-0.43881673,0.079042226,-1.3479289,0.22017811,1,938,1298
6.3441486,2.016421,-4.699649,3.3018014,1.0679175,2.4779675,0,432,1882
4.7178903,6.71146,-2.407683,0.5365711,0.3242473,1.1939428,1,1106,1707
-3.0346937,0.15185063,0.31425008,0.10509624,0.20042387,-0.016119376,0,1156,376
-2.511271,0.2888619,0.73287857,-1.9647651,-1.0109694,0.18303902,0,2195,830
8.13598,5.1353807,-0.598114,-0.11562873,-0.75713843,-3.5205314,1,1422,1617
8.147596,-3.6240659,2.6589391,0.38417718,-0.3465382,3.3185577,1,1470,1438
5.8100557,-1.6879876,3.834399,0.8325166,-1.2892047,-2.8336978,0,1458,1865
8.456761,4.576664,-2.2699614,1.2780504,0.6311554,1.5292453,0,982,1887
-2.4153829,0.1292318,1.3703341,0.19844694,2.0710661,-0.29998997,0,1528,32
7.191952,-1.6885332,-6.5231476,4.351615,1.7294791,3.1639743,0,244,1580
5.015435,1.6733612,-1.8938946,1.6279347,-0.35247952,0.6690269,0,913,1633
-2.5271308,0.2813482,0.7005682,-1.6823987,-1.2788227,0.24219574,1,1839,1184
7.230528,2.073388,1.9026473,3.1008322,-0.53406984,-1.2297617,1,714,1747
-2.040549,0.38163206,1.4467102,-0.088454455,1.4911892,-0.23441401,0,2378,248
-2.4904478,0.356532,0.5882691,-1.3864822,-1.6140277,0.29490352,1,1736,1039
-3.4383292,0.26700127,-0.4656058,0.033542585,-1.9222649,0.31876102,1,1117,897
-2.1615484,0.2773173,1.4771465,0.0048994855,2.015489,-0.31460777,0,2348,126
-3.8689466,-0.011385507,-0.41250968,0.25833842,-0.23783186,0.041111026,0,742,942
-3.2707677,-0.03300931,0.43987012,0.26674962,1.7820466,-0.2829396,0,96,1002
-0.94443065,-4.37791,-0.1700715,-2.335143,-0.3524254,1.7679515,1,1998,1557
-2.3820746,0.5732139,0.2996967,-0.22310309,-1.6721965,0.2736931,0,1911,785
-4.192297,-0.23674168,-0.33298284,0.48380762,1.297597,-0.21434407,1,549,592
4.03561,0.7563302,-0.007018271,-2.6946993,0.8376267,1.9169693,1,2060,1723
-3.1678178,0.04671583,0.41799948,0.16741927,1.4793417,-0.24059172,0,12,1169
-2.390698,0.1465091,1.3686304,0.17581588,2.0105712,-0.29166353,0,1645,53
-3.834406,-0.023561364,-0.34154922,0.2623793,0.0016413125,0.00069830136,1,863,598
-4.2475915,-0.2794519,-0.30585697,0.5266525,1.6682127,-0.27781206,0,488,477
-2.5158687,0.28668487,0.72968006,-1.9798441,-1.0449514,0.18964179,0,2169,824
-3.349744,-0.11672384,0.5098822,0.36691627,2.3199306,-0.3682327,1,207,451
-3.5671012,0.18643533,-0.44125795,0.080713026,-1.2603385,0.20368633,1,913,1347
8.802354,0.607147,4.4903083,0.82437676,-0.38768083,-0.14955287,1,1567,1777
-2.5565336,0.49611804,0.21081561,-0.1537525,-1.7551827,0.29936433,0,1499,704
-2.4733338,0.56036806,0.17733249,-0.1845792,-2.232706,0.38015682,1,1393,787
-3.364424,-0.11842283,0.50959975,0.35223213,2.5046813,-0.40477648,0,21,493
-4.1858463,-0.2682737,-0.23844844,0.4934141,1.8957069,-0.3212166,1,563,151
3.5718462,0.74396074,-0.986789,-3.0834756,1.3152883,1.9337075,1,2194,1719
6.608792,-0.30650508,0.74365664,1.9134517,-0.22704054,1.6726655,1,941,1737
-2.8410747,0.29222885,0.26778117,-0.009887922,-0.6492519,0.122466505,0,1271,503
-2.7092078,0.21613596,0.6257952,-1.3813739,-0.41389605,0.08272224,0,2101,603
10.407974,0.84961957,-3.642089,1.0031111,1.2910657,2.515315,1,1039,1785
-2.185533,0.77379024,1.2581137,0.0812505,1.7126502,-0.27395415,0,1702,130
-2.4241774,0.42010316,0.6050769,-0.14869976,-0.15014872,0.023339503,0,2266,540
-3.3168283,0.33408722,-0.44577736,-0.021632712,-2.1372168,0.34980828,1,1208,815
6.7384014,0.9308551,0.5589376,3.9576573,0.3214601,2.2912383,0,454,1914
8.879966,1.218302,4.150185,-1.8451923,1.6825732,2.4276378,0,2325,1914
-2.1858609,0.3042375,1.3924184,0.01502779,1.4084805,-0.2053622,0,1899,225
4.676401,1.0766016,-2.4119565,1.8133425,0.37557983,1.7864136,0,852,1926
6.049954,-3.575792,3.744456,-2.3582416,0.49159873,-2.7769077,0,2405,1823
1.3862231,-7.7391562,-3.4972641,3.6325455,0.22741263,2.773035,0,521,1463
-3.8807752,-0.07659992,-0.28419897,0.30735838,0.4576316,-0.0757138,0,860,449
-2.0480633,0.48417,1.4626127,-0.1595385,1.1703275,-0.201585,0,2060,383
2.7000513,1.1011101,-3.116009,-0.8532793,-1.1428266,2.0912893,1,1429,1219
4.034692,-0.19012886,-1.851339,3.43099,0.4551648,1.9502519,0,464,1823
-1.417482,-2.2010915,0.25987896,-2.5202222,-0.62845635,-2.2606936,1,2177,1632
7.5368195,-0.23053326,-5.3667064,0.41485545,1.0002888,1.6806692,1,1149,1776
-2.5141678,0.38721842,0.4891004,-1.0708667,-1.6606668,0.29843754,0,1694,1139
-3.343384,-0.09136393,0.45433897,0.35119906,1.9471087,-0.30262718,0,224,875
-3.2341998,0.3891411,-0.46269596,-0.05327721,-2.5150998,0.41352457,0,1283,939
-3.8948252,-0.038382594,-0.38736847,0.2818843,-0.028245453,0.0064438847,0,784,741
4.839675,3.5365865,-0.6408891,-0.5577892,-0.81913537,2.1062176,1,1449,1340
-2.7030654,0.2192655,0.62685776,-1.4220091,-0.46176934,0.090842195,0,2100,615
-2.925724,2.1126013,0.016230641,0.29153392,2.161178,-0.44576478,1,330,738
1.5778228,-3.822027,1.7711755,0.04127722,-1.9069458,0.34608036,1,1432,1329
-1.7794762,-0.28528264,0.6748796,-2.7386973,-0.9766077,0.2168344,0,2073,1059
6.749438,-1.7217513,-0.51024836,1.0300591,0.3716501,2.8174062,0,1153,1866
-3.1982567,0.024406122,0.37400442,0.22415067,1.033225,-0.15260299,0,971,265
-2.3538153,0.19132636,1.3413572,0.14743502,1.6000677,-0.2215167,0,1175,149
-2.533684,0.5186169,0.18601558,-0.15955044,-2.0159519,0.3455541,0,1344,740
3.0236359,-1.8562669,1.5373768,-2.1727352,-0.22459084,-2.7444503,0,2013,1836
1.3163272,0.28140867,-2.337249,6.265521,-1.2148842,-3.1113982,0,15,1899
10.247804,-2.7925892,0.45848843,0.14499572,-0.26702783,-3.2768404,1,1510,1663
-0.52634174,-3.2246637,-0.22392239,-2.3222518,-0.50119036,-0.43215534,0,2004,1603
9.649428,-0.11631376,-0.5194307,2.1953094,0.87587875,3.277127,1,863,1763
5.1868377,5.7027087,0.38976908,-3.1790507,0.5946093,1.47274,0,2110,1334
7.233536,7.4558096,-1.9314591,-0.3985236,-1.0469091,-3.1937156,0,1371,1483
-3.3751395,0.301315,-0.45347303,0.00417785,-2.020658,0.3324468,0,1166,839
-3.4351826,0.27526426,-0.48175335,0.030889396,-2.0295432,0.33749035,1,1124,947
9.38863,0.74837893,6.520385,0.45815396,0.050841212,1.8997151,1,1731,1922
7.2639036,0.17876208,4.8339853,1.4395597,-0.7275988,-0.25115845,1,1396,1918
-2.9785159,0.19591649,0.3052075,0.05230838,0.11110214,-0.008156938,0,1526,335
-2.4408772,0.54337573,0.27968204,-0.20010805,-1.6396489,0.27165127,0,1818,751
7.6620226,-4.718035,3.7804322,3.6183662,-0.8413517,-1.8492757,1,698,1751
-2.6952014,0.4005312,0.22222596,-0.08078681,-1.3908916,0.2463392,1,1248,669
-2.6066475,0.14469664,0.89073086,-2.5414028,-0.90201205,0.18487853,0,2048,1097
6.998731,-2.3365753,-4.9252353,1.8393644,1.1510916,3.1499476,0,771,1620
-3.9322798,-0.07872454,-0.34762406,0.31766266,0.29817277,-0.047837295,0,765,637
0.1607309,-6.131502,-0.57327914,-2.7054513,0.21980791,2.0712807,1,2134,1625
8.044303,1.8940037,0.23769328,0.15099362,0.3071828,2.6237135,0,1433,1692
-4.075193,-0.20638765,-0.2417436,0.43255836,1.414432,-0.23773707,0,705,245
-3.3604398,0.31888986,-0.48328006,0.0024431462,-2.3033435,0.3836488,1,1179,990
8.67551,4.1981554,-2.2589798,-0.70566434,0.3132693,2.611379,1,1468,1413
-3.240159,0.47555575,-0.63585407,1.0000421,-2.1692138,0.34102064,0,1167,1296
9.243426,-3.0485096,-2.6711707,-1.1115445,0.6813091,2.8400185,1,1593,1351
-2.540083,0.30879134,0.66086626,-1.5151337,-0.74232703,0.1310816,0,2251,725
-3.3473654,-0.11530481,0.5155129,0.35841805,2.3892412,-0.38202822,0,183,378
-3.3678913,-0.12001818,0.4715391,0.39920878,2.0003963,-0.3060855,1,353,727
9.777215,-1.0216757,0.039218962,1.3719552,0.5939346,1.5020453,1,1143,1832
6.632952,0.5296619,1.8817192,0.6106551,-1.192417,-2.984374,0,1365,1727
-2.4847045,0.54098684,0.21421438,-0.18505418,-1.9147787,0.3226942,1,1597,757
-3.637251,0.09436183,-0.34443125,0.15560287,-0.668483,0.11081529,1,1022,621
-2.3881452,0.16036515,1.3619807,0.18071973,1.8007821,-0.25379753,0,1065,132
-3.7099848,0.089092866,-0.42811185,0.17016612,-0.8531736,0.14289653,1,900,855
8.010012,0.16888887,-2.9490352,0.34423137,0.57690656,1.7865771,0,1236,1784
-3.3211744,-0.108807065,0.5501236,0.33142394,2.596953,-0.42275563,1,153,126
-3.182316,0.045863647,0.34578702,0.2068384,0.8209621,-0.116472386,0,921,357
5.3692207,1.2867663,-1.3342793,-2.8603723,0.26346183,-3.284642,1,2058,1795
-3.3446407,-0.11471693,0.51879865,0.35629174,2.404782,-0.38505456,1,167,378
3.9053166,-4.2621303,0.70832896,2.4278693,-0.59549326,0.88909316,0,817,1687
2.5257535,-3.842112,-3.563238,-0.75684077,-0.40656793,1.9005538,1,1109,1426
7.4975643,7.4358745,-0.25160208,-2.6369143,1.6850108,1.551894,0,2056,1926
-3.7279243,0.068605125,-0.40604055,0.18518187,-0.6803526,0.1139871,0,899,779
3.100667,4.0802035,-0.5556366,-2.5115974,1.3621236,1.0833272,1,1944,1810
-3.7597573,0.06889652,-0.42997926,0.1737175,-0.5491031,0.085593924,1,703,1279
6.91716,-2.0411236,0.30366394,0.38026822,0.10818196,2.8955476,0,1375,1700
-3.799337,0.042575944,-0.43097776,0.20284647,-0.48407334,0.077962585,0,718,1168
1.1036341,-7.3268337,-1.8380576,-1.5412868,-0.6030894,2.5970278,1,1749,1352
4.1940193,3.1349247,-1.7131593,-3.2342021,1.4666303,1.8257154,1,2189,1718
-3.6552122,0.12448043,-0.43470854,0.14092585,-1.0661496,0.17795697,1,943,857
-4.292252,-0.29767677,-0.2973947,0.5214137,2.0614913,-0.3527128,0,399,187
-3.645189,1.4137292,-0.6296975,0.26637238,0.6396939,-0.18217877,1,788,497
-3.6290722,0.12731181,-0.40627646,0.13478677,-1.0044776,0.16705567,0,975,768
-0.8653639,-2.9360619,-0.59855294,-1.3879915,-2.1163387,-2.5186386,1,1723,1310
6.90006,0.42706648,-1.6302906,0.487711,0.2996056,2.3191369,0,1238,1788
-4.0426345,-0.15387714,-0.32229877,0.3904641,0.82914317,-0.13696809,1,689,533
-3.9015176,-0.0036060943,-0.44333327,0.2318632,-0.06013922,0.0012240139,0,556,1298
-3.057989,0.14093573,0.31616795,0.10285725,0.3964141,-0.05332906,0,1373,271
-3.1525645,0.429238,-0.4414299,-0.082400605,-2.6465108,0.43347794,1,1354,993
-0.08116864,-5.809272,-0.5740169,-2.111803,0.015565576,2.1865551,0,1957,1732
-2.348488,0.56430686,0.35424927,-0.20661381,-1.7168765,0.28881365,1,1846,1009
7.15788,-3.6876256,3.1620371,-0.21259224,-1.1299973,-2.7210007,0,1636,1554
4.7151847,0.38008767,-0.5448956,2.1793714,-0.412236,0.48537135,0,823,1695
-2.9865136,0.18259798,0.36125508,0.042805724,0.62040716,-0.1008566,0,204,1439
8.096447,-4.424998,-3.277481,-0.7728687,-0.8879585,-2.8710697,1,1418,1284
-2.4819386,0.07596275,1.3925754,0.264533,2.350865,-0.34318122,0,726,94
-3.779033,0.037834067,-0.4048763,0.21257459,-0.5058644,0.08535178,1,859,787
-2.846297,0.2890422,0.27370456,-0.014785836,-0.5329624,0.1000581,0,1407,451
-3.4223363,0.26851258,-0.4411732,0.024827871,-1.7942694,0.2944472,1,1094,1305
2.045291,5.8385596,-1.6779165,0.16028468,-1.8266759,-2.7253337,1,1297,1458
-2.5246997,0.54489887,0.13909696,-0.17213888,-2.2559738,0.38506,1,1320,802
-3.4436765,0.25540474,-0.44459647,0.037826676,-1.7805368,0.29413524,0,1067,1248
-3.8492384,-0.040216524,-0.3240256,0.27638316,0.14189358,-0.022746425,1,861,553
-2.5384474,0.21333505,0.83396184,-2.0093334,-0.97051203,0.19485731,1,1933,1272
-2.9512517,0.20952211,0.3106036,0.0425999,0.025974935,0.006604849,0,1505,350
-3.4735582,0.21374117,-0.38806045,0.05967217,-1.3725456,0.22468379,1,1150,682
-3.1168425,0.3966349,-0.32250792,-0.1672528,-2.2627945,0.3693794,0,1495,1188
-3.1300054,0.07319598,0.3799489,0.17326996,0.8933936,-0.13158576,0,367,1200
-3.342979,0.30325884,-0.41114694,-0.005193341,-1.8764346,0.30612978,0,1220,741
8.640178,8.168909,0.089715235,1.0943744,0.24738884,1.592872,1,1114,1810
-3.2787864,0.36522523,-0.469626,-0.03621576,-2.4185386,0.3984054,1,1249,925
-4.1663876,-0.20370154,-0.37406212,0.4524651,0.97873265,-0.16023692,0,524,887
-3.5808725,0.17371152,-0.43223816,0.09033695,-1.1796149,0.19072425,1,886,1335
4.830602,1.288356,5.467096,1.7234023,-1.129468,0.8312186,0,1293,1820
8.296118,1.0438553,-2.8464894,-0.4575543,0.33667699,2.9612336,1,1403,1409
-4.2138004,-0.27620697,-0.25445527,0.50192547,1.9296867,-0.3275526,1,543,152
-2.047625,0.4252288,1.4498856,-0.11207222,1.2846292,-0.20672801,0,2193,345
-2.557421,0.21350057,0.8205515,-2.320106,-0.99749863,0.19202009,0,2108,921
-2.5437503,0.24107377,0.78432125,-2.1886442,-1.0037701,0.18872382,0,2141,885
7.1439085,-1.391632,-0.10299554,0.6338287,0.1900565,2.8970912,1,1279,1725
-2.3638127,0.5747195,0.31076023,-0.21241921,-1.8333623,0.30684704,0,1804,907
10.391225,-4.2388988,4.4534144,1.0492254,0.29534486,2.9448273,1,1547,1745
-3.7800155,0.014448681,-0.35596702,0.22943974,-0.26558402,0.04548722,1,881,665
5.1449428,-2.9790206,-4.6212926,1.4249865,0.24469751,1.462929,0,914,1557
5.9448075,-0.15077184,-6.4963803,0.2756827,0.3239465,2.0082316,0,1162,1587
13.396677,-5.285153,2.8743372,0.04861816,1.1347016,-0.7992174,1,1781,1907
0.13590497,-2.3839166,-1.1494979,4.19892,-1.2852877,-2.7291493,0,381,1648
-3.834301,1.9587117,-0.7936499,0.4321349,1.7943872,-0.41150144,1,468,551
-2.4375699,0.5693871,0.20523947,-0.18914914,-2.2484848,0.383676,0,1483,885
5.3940463,4.2306323,3.4103317,0.7042587,-0.4148232,1.5979407,0,1475,1862
-2.3624249,0.18233033,1.3497704,0.15611467,1.6711164,-0.23329006,0,1183,132
-2.505432,0.45258078,0.3589698,-0.7440628,-1.9428524,0.34127015,1,1599,1049
-2.5061378,0.4288167,0.4096952,-0.84833044,-1.8240148,0.3230538,0,1636,1103
4.811147,-1.538622,1.1060094,0.537165,-0.80574375,2.4807572,1,1309,1512
-3.159717,0.4281294,-0.44903964,-0.028198734,-2.6224203,0.42959633,1,1355,1072
7.9542375,9.25885,-1.5394672,0.545609,0.6354322,1.7919576,0,1228,1930
-3.3866994,-0.12742405,0.4829256,0.38464782,2.2998023,-0.36358282,0,133,730
-3.3586738,-0.11861528,0.48419532,0.3921679,2.0628097,-0.31807038,0,358,597
7.6554217,7.090764,-3.1466408,1.0133289,0.6839851,2.1371186,1,998,1850
13.600017,-0.7554294,-2.048733,-1.5354095,3.144993,3.8102615,1,1880,1936
5.9650955,3.0457478,-0.48661587,0.083067715,-0.31584597,1.596093,1,1370,1646
-3.7286973,0.044014517,-0.35340157,0.20142385,-0.4164941,0.06988286,1,937,640
0.6725317,-6.7813263,-0.9870085,-2.640813,-0.014729573,1.948751,1,2041,1532
7.0638885,10.436456,-0.33396545,0.0470947,-1.2102724,-3.6521373,0,1339,1542
-3.905324,0.8568215,-0.5959356,0.36387217,0.8270274,-0.18713008,0,541,934
-3.548009,0.18823199,-0.4329797,0.08743545,-1.3871928,0.22956248,0,1030,807
-3.3926506,-0.13065197,0.48087478,0.39026904,2.2991567,-0.36288854,1,127,802
-3.3771114,-0.123248406,0.47852165,0.38876662,2.1747181,-0.33977088,0,232,694
-3.6571753,0.12245245,-0.43285698,0.14244504,-1.05092,0.17544767,1,941,854
5.4637275,-3.3646424,-0.8903033,0.3051919,-1.4242996,-2.672059,0,1268,1481
-4.0308886,-0.103541106,-0.40986353,0.34046525,0.3987185,-0.06751571,0,556,1058
-3.3081596,0.35210872,-0.48731327,-0.020134505,-2.4831333,0.41280538,0,1229,1019
-2.419089,0.5627356,0.2440537,-0.18479109,-2.1675563,0.37169787,1,1536,984
5.286427,-1.1209551,4.4629183,3.6811793,-0.76599777,1.0888101,1,684,1756
-2.4965534,0.534686,0.20973034,-0.17890988,-1.924633,0.3256298,0,1554,750
-2.6782115,0.3691561,0.34139416,-0.09386178,-0.59681326,0.101465136,0,1870,534
-3.806134,0.009227746,-0.3776851,0.23612846,-0.28229767,0.048330076,0,854,712
-3.3381598,-0.11291429,0.5308087,0.34477144,2.5075037,-0.40520954,1,190,205
-2.5741851,0.18448968,0.84668267,-2.2332785,-0.9829245,0.19807552,0,1962,1194
-3.3417802,-0.10989759,0.52731246,0.33306503,2.5719104,-0.41892746,1,60,265
-3.1348279,0.3853819,-0.32471344,-0.3618548,-2.4194477,0.39792526,1,1471,1020
-2.3812687,0.1184268,1.4593383,0.18030861,2.5758278,-0.39298117,0,2128,16
4.346211,-3.0024009,-4.449676,0.3014543,-1.2994944,-2.9586983,1,1131,1375
1.5650525,-6.789266,-1.464229,-2.6944487,-0.6158052,-3.1560874,1,2047,1549
5.4541616,3.5232997,-3.1677978,-0.19750506,-0.68339974,-3.0520825,1,1331,1725
-2.5266528,0.52531445,0.18089488,-0.16342191,-2.0591462,0.35251677,1,1345,748
4.253731,0.16252996,3.68484,3.0374753,-1.3010986,-1.5199805,1,812,1781
-2.560584,0.23605122,0.7652609,-2.234568,-1.1630797,0.21903123,0,2026,854
-3.318648,-0.077300236,0.4415862,0.35188052,1.6672152,-0.2505365,0,387,889
-3.3586364,0.31096724,-0.4495445,-0.005416091,-2.0226974,0.33116242,0,1181,804
-0.014253725,-5.6846666,-1.5852051,-0.2697818,-1.9131732,2.503628,0,1357,1220
4.0950785,-2.0515227,3.5971982,2.4744294,-1.2995843,-1.0026175,1,953,1777
6.3594294,-2.08013,-0.18938789,-2.6357474,0.4681835,-3.0985005,0,2060,1780
-3.6632872,0.11294666,-0.4186929,0.14784612,-0.9500522,0.15814504,1,946,793
-3.3010352,0.41265717,-0.59698933,0.6053597,-2.3448493,0.38101256,0,1166,1134
3.019671,-1.1821187,0.98288447,-0.06939371,-2.2998326,-2.8833933,0,1394,1331
6.828914,3.35919,-0.7326904,-2.6786947,1.5155942,1.3931146,1,2050,1899
-4.2799563,-0.28918248,-0.3246878,0.53892505,1.6947117,-0.28244197,1,427,564
-1.4874913,-2.5238488,-0.9344163,-0.2712933,-1.8465518,-2.9473002,1,938,1426
-2.9806926,0.18757544,0.3635518,0.03344453,0.66384137,-0.11038665,0,152,1452
9.619355,-2.1225646,1.2019873,3.2345097,0.56230724,2.543222,1,676,1796
-3.4121523,0.28485772,-0.4759307,0.02549994,-2.10185,0.35054928,1,1131,980
-3.765075,0.029243546,-0.36839,0.2166536,-0.37250423,0.0629977,0,894,682
8.185045,-1.9014207,3.7285128,2.2664938,-0.09768685,2.9789336,0,1043,1861
4.6022906,-2.3601394,3.395626,2.3600347,-0.7997974,1.7747298,0,961,1728
6.232148,-0.8425548,2.1420717,3.0670164,-0.8950563,-2.1422958,1,726,1746
4.4502807,-4.3074965,-1.9919082,-3.211392,0.037583776,-3.178061,0,2096,1461
0.29842937,-6.136263,-0.5367745,-2.5986996,-0.44552514,-2.6275983,1,2142,1658
-2.1988125,0.30256578,1.3738272,0.023275707,1.3137462,-0.18726285,0,1777,224
-2.716488,0.35280412,0.32299253,-0.07909919,-0.58025926,0.10009424,0,1809,517
5.9316964,4.5565476,-6.138933,-0.059273083,-0.8503613,-3.1313264,0,1135,1381
-2.37009,0.57119685,0.30886897,-0.20925307,-1.8356541,0.30788305,1,1795,931
-1.1075631,-3.042304,-0.19583708,-0.3470154,1.0137173,1.455481,0,80,1429
-2.6231124,0.27820948,0.61692697,-1.2393696,-0.4554028,0.08253033,0,2227,640
-2.3763092,0.5705241,0.2995876,-0.20617557,-1.884424,0.31716177,0,1758,934
-1.5821952,-3.013725,-0.054883853,0.0027353803,2.5549984,1.1835637,0,25,830
2.5696075,-3.580198,-3.7076724,-0.18836313,-1.0314921,2.751792,1,1291,1309
3.6702108,1.6765838,-3.3791442,0.42400005,-0.56215465,1.8067044,0,1156,1519
4.2053933,-1.2853365,-2.5915198,-2.0413675,0.962575,2.339835,0,1854,1774
-3.385533,-0.12814616,0.48163742,0.39058104,2.2505558,-0.35367325,1,162,784
6.6308584,-3.04566,-0.62946296,0.40567884,-0.9937244,-3.0791755,0,1311,1616
-3.3216279,-0.10892318,0.54962444,0.33178237,2.5946708,-0.42230594,1,154,128
5.272175,-2.7846775,4.213756,-2.0732415,0.8387645,1.0671647,1,2287,1774
1.0000299,-1.5494071,-3.0722942,4.120928,-0.6838265,-0.6625178,0,408,1626
4.8649817,-3.3664033,-1.5860845,-3.3433614,1.019453,-1.248806,0,2228,1517
7.551874,-2.8793814,0.016250374,-1.0451227,-0.22592945,-3.311402,1,1724,1663
-2.9353962,0.2243282,0.2927197,0.039230183,-0.18627979,0.045042694,0,1291,401
7.9567585,-1.586845,-0.37238163,1.7014425,-0.2917671,-1.3934681,0,996,1686
-3.6018505,0.16238962,-0.45024186,0.112894125,-1.3312961,0.2223775,0,976,923
-3.3220203,-0.10691199,0.5490069,0.3248364,2.6309,-0.43000537,1,112,118
3.0486498,-1.1539184,0.53017527,1.7433398,-0.7997731,2.1133215,1,953,1548
-3.3434205,-0.10862584,0.52667665,0.32706463,2.612133,-0.42726853,0,27,245
-3.284654,-0.0488194,0.42686266,0.31692594,1.5017825,-0.22447146,0,387,947
4.961815,5.0827527,0.10867259,-1.6585495,0.08204058,-2.1270242,0,1848,1842
7.0332165,-1.3407983,-4.0170174,-3.0556548,1.0804603,-3.861843,1,2039,1799
-2.5577824,0.21840964,0.7954409,-2.0389287,-1.0852096,0.21328749,0,1919,1192
5.0325484,-1.2322092,0.88182986,-1.6897556,0.5198389,2.3481176,0,2386,710
-3.4238453,0.27195632,-0.4529128,0.025233012,-1.8659772,0.3073263,0,1103,1267
5.565086,2.7282143,-0.21623415,-1.4629056,-0.3465077,-3.0363448,1,1774,1668
-3.7225876,0.05005363,-0.3584518,0.19633323,-0.45986462,0.076979995,0,942,647
-3.983092,-0.11249907,-0.33734724,0.349414,0.5384476,-0.08832863,1,739,578
-2.4505053,0.56255275,0.21215047,-0.19592032,-2.0490463,0.3452739,1,1580,783
-3.3679032,-0.118782826,0.5043758,0.35476756,2.4781756,-0.3997289,1,45,490
-4.1420884,-0.16229731,-0.41435587,0.3937342,0.83191884,-0.14266168,0,418,1064
7.0896072,5.361648,-0.9292938,-3.3235319,0.3059451,-3.3671649,0,2082,1409
8.248548,-2.5771635,0.35418716,0.49488258,0.3461527,2.9999723,1,1368,1717
8.510916,-0.82034314,5.1812654,0.926309,-0.59488755,-0.9530316,0,1587,1831
4.901805,-3.5354288,5.4911766,0.92816496,-1.4182779,2.606185,0,1435,1456
-3.322439,-0.11330514,0.5493181,0.34670126,2.5177755,-0.40603897,0,246,147
5.2886744,-4.352288,0.25904766,1.8498502,-0.17952286,2.837245,1,936,1632
-0.05615991,-4.8107743,-0.32505164,-2.621024,-0.61033815,-2.9184368,1,2130,1694
-3.716031,0.09935199,-0.44381523,0.15202793,-0.7918167,0.12714417,0,776,1256
-3.1030211,0.09255543,0.3816341,0.14564107,0.88948065,-0.13471957,0,301,1244
5.4536424,-4.4947715,3.1876013,0.5754962,-1.2294722,2.3681586,0,1380,1416
2.0384185,0.93468636,-1.6310346,-3.3183599,0.13985197,1.3366747,0,2210,1045
-3.2487817,-0.013678274,0.4333531,0.23926258,1.736108,-0.27824125,0,50,1045
6.4810076,3.457292,1.8757966,-3.054201,-0.11662266,-2.7683768,0,2199,1248
-3.120089,0.09425664,0.3288157,0.15318422,0.5930845,-0.08212753,0,1161,286
-2.8097734,0.27794605,0.36776742,-0.033234805,0.0009207929,0.0016515682,0,1945,424
6.8374286,7.2171807,-3.5859916,1.042691,0.43093076,1.7373545,1,990,1846
-3.6890957,0.10954912,-0.43393975,0.14425993,-0.8525605,0.13800888,1,795,1248
7.6813664,4.146955,5.123147,1.5245426,-0.4578986,2.0067425,1,1348,1889
-3.2058773,0.027467163,0.35989156,0.2174584,1.0275052,-0.15322228,0,1058,225
5.8708534,6.033734,-3.626973,4.08287,-0.48364425,-3.364546,0,293,1901
-3.1337414,0.07547121,0.39738286,0.14313398,1.2416269,-0.20042118,0,86,1224
-3.0673914,0.4112459,-0.29280713,-0.08449437,-2.214205,0.3639733,1,1278,786
-2.4723217,0.58507866,0.20839012,-0.1884514,-1.8987281,0.31738594,0,1615,758
-3.3652368,-0.12001937,0.5014907,0.36646995,2.374645,-0.37896913,1,116,546
-3.9979708,-0.13161148,-0.31341502,0.36569366,0.72163874,-0.11940329,1,738,500
-3.086193,0.23620726,0.056851674,-1.0493438,-1.4818624,0.24917012,0,1760,1353
5.9052153,2.6122427,-0.8115141,0.9573577,-0.03998942,1.5294777,1,1131,1784
-2.3167517,0.20514815,1.37074,0.11920262,1.7163244,-0.24580246,0,1651,117
-4.069561,0.41886535,-0.4025785,0.46498328,1.9417483,-0.36400256,1,558,151
6.992812,-1.0420552,3.6344514,-2.173825,1.3074323,2.5003972,0,2253,1774
-2.7348151,0.18763663,0.6456561,-1.5900551,-0.51710385,0.10502197,0,2022,614
4.764482,-4.6952157,0.36042678,3.2966888,0.059088703,2.6761525,0,593,1744
-3.3109713,-0.11194599,0.56608534,0.33828935,2.6022444,-0.42216197,1,241,59
-3.1201196,0.37720147,-0.28809634,-0.4164332,-2.3440077,0.38572395,0,1509,1036
-2.2276425,0.29611415,1.3088045,0.042170867,1.0462584,-0.13552497,0,1440,232
5.49627,3.4944718,1.1007628,1.2866331,-0.19099686,1.55997,0,1161,1939
-2.995572,0.17694016,0.36006233,0.049361557,0.6291134,-0.10150624,0,215,1427
-3.3309195,-0.10960804,0.540321,0.33203423,2.5932667,-0.4224521,0,143,139
-2.936211,0.22382878,0.2925863,0.03980227,-0.18568136,0.045017246,0,1288,402
3.6233451,0.098231904,-3.419648,-0.00669381,-1.3875487,-2.1342335,1,1290,1426
-1.0504421,-3.2371473,-0.100202344,-2.2053833,-1.158973,-2.352746,0,1982,1520
-3.070922,0.13145019,0.31817758,0.11306059,0.4331255,-0.058571044,0,1319,270
-2.259658,1.284352,-0.9385935,6.297561,-0.47774288,-0.02645182,0,40,1527
4.084343,0.9344702,-2.5151997,-3.3369384,1.2570063,-0.59169906,0,2277,1688
-2.4181347,0.57124144,0.23489657,-0.19878593,-2.092012,0.3539581,1,1613,884
-3.2734659,-0.10764331,0.58357185,0.35709423,2.3545086,-0.37256038,0,644,2
-3.1975675,1.4964916,-0.69935924,-0.0130662685,-1.6491034,0.20845552,1,1110,797
-3.1298387,0.42975643,-0.41136992,-0.08698915,-2.5607517,0.41834468,0,1412,1014
-3.55505,0.19092222,-0.4422027,0.082165554,-1.360746,0.22295767,1,940,1275
-3.1274538,0.4154906,-0.37800598,-0.07083225,-2.4099686,0.39361957,1,1435,1153
-3.3861074,-0.12797293,0.4801615,0.3908965,2.2422116,-0.35213506,1,168,782
-2.5415177,0.23135744,0.79046905,-1.9169302,-1.0569167,0.20786719,1,1907,1249
-3.4823096,0.23071884,-0.42807186,0.04531496,-1.4672879,0.23724744,1,1000,1395
-3.386732,-0.12789491,0.47884864,0.3912933,2.2350328,-0.35079902,1,173,782
-1.8048096,1.4662488,1.2397814,-0.15509139,1.4278,-0.28040662,0,2331,300
7.7616215,1.3208544,3.646611,0.45080838,-1.191538,-2.427912,1,1500,1635
2.471424,-0.35800928,1.0250914,-1.0390714,-0.59999335,-0.5803748,1,1752,1687
-2.3926513,0.156505,1.3494121,0.17973691,1.8113139,-0.25544474,0,1206,93
8.643074,5.9808693,3.3013067,0.8503399,-0.15550756,2.1032984,0,1400,1759
-2.4977615,0.06861055,1.3762234,0.27072796,2.3550382,-0.34330988,0,678,118
-3.3650992,-0.119222715,0.4996344,0.36601102,2.3623328,-0.37679544,1,138,514
-3.4083025,0.2881841,-0.46799046,0.015185854,-1.9868028,0.32722437,0,1151,852
7.8945045,-3.342242,1.1060898,2.4241517,-0.40467274,-1.1140562,1,882,1693
8.162157,8.4671,1.5139571,0.5946338,-0.43482807,-2.2303174,1,1399,1857
-4.017297,-0.15189044,-0.29429662,0.38564414,0.88314646,-0.14619331,0,710,473
-3.645216,0.14413188,-0.44702214,0.11297435,-1.0123796,0.16203074,1,831,1331
10.130617,5.2929406,-3.510697,0.9141844,1.165502,2.1833503,1,1037,1809
0.1935212,-3.2864482,-1.4143407,4.6379642,-1.0655012,-3.0782435,0,332,1535
6.192619,0.18159232,1.576955,0.40553275,-1.4668632,-3.0575864,0,1380,1579
-3.375029,-0.124403626,0.49041033,0.38158044,2.285098,-0.3608325,1,151,686
-2.577687,0.14764939,0.92388403,-2.4147277,-0.7867016,0.16683897,0,2039,1235
-0.909086,-4.470166,-1.1831713,-0.4394341,-1.3188254,2.0327637,1,1093,1412
6.2922587,2.5819354,1.7231416,0.19299145,-0.3681887,0.42514208,1,1510,1697
10.721508,-0.08703617,2.6504304,0.30036384,0.8956253,3.30632,0,1617,1825
-3.5352294,0.20859875,-0.46386933,0.07723251,-1.6047721,0.26691785,0,1000,1142
11.003758,-4.1373377,-0.7643066,3.7924469,1.3529105,3.024361,0,518,1790
-2.806317,0.32845536,0.22750309,-0.026794396,-1.0335231,0.18949313,1,1157,653
-4.2758746,-0.26855907,-0.371797,0.5265148,1.380811,-0.22707824,0,459,845
7.4511228,0.2752895,-1.255659,-1.0339069,0.8251558,2.6323755,1,1666,1680
-2.265754,1.2236431,-0.8337587,5.7709875,-0.6361326,0.010922614,0,171,1570
7.0657787,0.20827386,-0.79562247,-1.6235187,0.6555641,0.55058146,0,1805,1618
-2.9389386,2.108358,0.019495312,0.28430143,2.321905,-0.4767211,0,193,809
-3.8800566,0.039407462,-0.33429065,0.3060492,0.42195997,-0.0756109,1,833,492
3.3483274,-1.6991462,0.588776,-0.3144431,-1.3828746,1.676128,0,1444,1332
6.583823,2.153656,4.3963437,0.60547817,-0.6636222,2.2447798,0,1506,1608
4.550957,6.6334968,-0.75544465,-2.6802242,0.99376136,1.0512884,1,2000,1833
-2.3350523,1.1642534,-0.8069007,5.6817555,-0.51179135,-0.0034033475,0,208,1496
-2.5351868,0.21962203,0.82468057,-1.9774206,-0.99326205,0.19835311,1,1925,1268
-3.4448237,0.26219732,-0.46450406,0.0376002,-1.9045285,0.31625953,1,1109,907
-4.303432,-0.29252285,-0.344315,0.5418226,1.6985412,-0.2839643,1,389,614
5.449923,8.967851,0.81016755,0.14642635,-0.7256091,1.353312,1,1376,1552
2.4034288,-2.4641016,0.5838584,-0.07822801,-1.5422049,2.3230054,1,1369,1321
7.153963,-1.2928456,-3.6441433,-3.5969193,1.1657841,-2.6954658,0,2064,1374
-4.051057,-0.10166447,-0.4254424,0.32790086,0.49978134,-0.08951931,0,455,1182
7.0330296,2.125932,2.684957,-0.07294892,0.15658379,2.0315013,0,1635,1783
-2.515765,0.3317175,0.6070869,-1.3846954,-1.4440432,0.26636052,0,1772,1176
-2.4173822,0.57776755,0.22498503,-0.20591602,-2.0874238,0.35092485,0,1618,812
5.196155,-3.6691127,0.9257587,-0.38804534,-0.8377644,2.7546833,1,1493,1312
-3.7844868,-0.017484484,-0.29054222,0.2513691,0.08863167,-0.014306063,0,937,490
-2.5009537,0.28057703,0.76544607,-2.0034506,-0.93839926,0.17151015,0,2231,856
-3.8037655,0.0321942,-0.42283148,0.21835436,-0.5001689,0.084040985,0,771,1014
-3.6433759,0.27847645,-0.48378825,0.12626277,-0.98156327,0.15194687,1,833,1241
7.3543577,5.102157,5.5168943,0.35333177,-0.029594954,1.8744103,0,1680,1952
-3.9298391,-0.01142384,-0.4478485,0.22817437,0.12840289,-0.035517175,0,438,1374
3.3967705,5.175764,-2.4175975,-3.04632,0.5866582,-1.9261129,1,2095,1710
-4.212081,-0.2742942,-0.2564458,0.49987715,1.9131742,-0.324787,1,552,151
-3.5158498,0.21018432,-0.4232599,0.057839826,-1.3071954,0.20955358,1,942,1421
-3.1492593,0.42975774,-0.4369231,-0.08406727,-2.623298,0.4290271,1,1372,989
-2.1857238,0.26345348,1.4707267,0.023336329,2.019569,-0.31294826,0,2296,139
9.888234,1.2678511,4.8475103,1.226488,-1.0312072,-2.6550932,1,1425,1790
-2.0544171,0.85692924,1.2654785,-0.026589487,1.2655267,-0.20814177,0,1866,254
-3.9594312,-0.110615976,-0.31182662,0.3455383,0.58091193,-0.09538264,1,756,533
4.3350387,3.526547,-4.2265024,-0.9201331,-0.89155734,0.99205023,0,1393,1224
-3.1022573,0.10713369,0.32656637,0.13861214,0.54513025,-0.07536914,0,1232,272
4.2325387,4.1762714,3.4441082,0.05104358,-0.8887961,-0.38774338,1,1614,1655
-2.3390749,0.17815278,1.402217,0.1426546,1.9622437,-0.28728482,0,1742,81
-2.544688,0.22604327,0.7979695,-1.9347479,-1.0284474,0.20325693,1,1914,1261
12.071917,-1.4189947,-0.031014388,0.863089,0.9262011,0.6415886,1,1375,1830
-2.4229035,0.5597868,0.24503009,-0.18279082,-2.155535,0.36994648,1,1538,1007
-2.5476742,0.52828985,0.1419521,-0.15994449,-2.2023559,0.3778442,1,1298,815
-3.3228073,-0.10306621,0.54860437,0.310787,2.711111,-0.4468623,0,49,66
-2.3802679,0.56395686,0.30421382,-0.19745591,-1.9160182,0.325261,1,1712,995
-2.387048,0.16226034,1.3589356,0.17930011,1.7789859,-0.25003386,0,1043,144
-2.7351775,0.39572957,0.1768723,-0.07431567,-1.4731876,0.2604604,0,1197,720
-2.0775816,0.46504572,1.4605212,-0.13918784,1.2087358,-0.20547691,0,1985,359
7.8370395,-1.3764701,4.666225,-1.6147679,1.0116416,-0.88450605,1,2358,1926
10.061328,3.3667676,-3.5793948,-2.694733,2.3408587,1.4492865,1,1952,1875
-2.0465903,0.968353,1.2804129,-0.010162083,1.6244481,-0.27638388,0,2019,210
3.5352468,0.9712294,-3.117304,-3.19516,0.3309542,-3.0824716,0,2133,1704
8.796899,3.080848,1.1921227,-1.1287258,0.89279205,-0.15304577,1,1822,1879
1.811045,-6.0884233,0.71046376,-3.1064956,-0.42570785,-3.0151634,0,2317,1160
8.718691,0.19714466,-0.59350353,2.6940248,0.6972584,2.4547825,0,720,1704
-2.1994574,0.30926457,1.3550454,0.021853324,1.1949148,-0.16609862,0,1682,234
-2.5377154,0.26131463,0.72997445,-1.7799176,-1.2021843,0.23031397,1,1865,1202
-3.8298097,-0.042694893,-0.29391167,0.2759925,0.22492822,-0.036706958,0,890,494
-3.3584821,-0.11844907,0.4989255,0.37370455,2.2674253,-0.3580542,0,226,506
-3.6003823,0.1631862,-0.43919164,0.10293084,-1.1901746,0.19453646,1,889,1265
-4.2741942,-0.2893441,-0.31403932,0.53501415,1.7514701,-0.2930857,0,424,497
-2.4033284,0.57072675,0.25675192,-0.19945481,-2.0449417,0.34624702,1,1645,909
-2.3109934,0.21686263,1.3501105,0.11170653,1.5727459,-0.22087015,0,1542,134
8.093357,10.269422,-3.7626874,-0.31950724,0.8167619,2.0391147,0,1344,1787
-2.4615467,0.57068133,0.17115924,-0.19069654,-2.2895594,0.38906553,1,1420,814
9.193184,-1.6938164,0.88402486,0.50525767,0.5139045,2.3247921,1,1437,1839
-1.9672697,2.4052782,0.3270085,-0.921484,-0.18684317,-0.06908965,0,2394,622
7.600885,4.651154,-2.6964295,-1.7796382,0.84120667,1.4322706,1,1738,1530
11.850714,0.73907655,3.3644803,0.9434716,-0.3949351,-3.2113662,0,1499,1821
-2.4111314,1.1041429,0.28159487,-0.18734343,-0.30975804,0.005771706,0,2311,577
-2.5065072,0.052902434,1.4020981,0.28360927,2.5406969,-0.37543544,0,712,19
-4.293849,-0.2891305,-0.34947237,0.54853195,1.563653,-0.25780767,0,448,723
8.359747,0.64679325,-0.26350805,-0.3612792,0.76911396,2.871006,1,1584,1729
6.769127,6.8228207,-1.8121355,-3.090489,0.7677772,-3.8253953,1,2091,1822
-0.96960497,-4.156826,-0.35900107,-1.5485384,-0.7384857,1.5959893,1,1835,1561
-3.3258965,-0.060201123,0.39320993,0.30576912,1.6224494,-0.25196594,0,809,178
7.577099,1.4172045,4.2717724,4.252108,-0.7820111,-1.5534263,0,583,1934
-2.3783512,0.5768767,0.2849631,-0.21187711,-1.90596,0.3190774,1,1759,872
-4.2073274,-0.2511019,-0.32181016,0.5003516,1.4012725,-0.23129366,1,525,593
3.996967,-3.178248,-3.386208,4.670266,-0.5136029,-3.232711,0,219,1642
5.6121364,-0.020887038,2.6181395,2.8323874,-0.834271,-0.7389008,1,813,1781
-4.134329,-0.19704819,-0.34714055,0.44182622,1.0084306,-0.16566417,1,599,646
9.075926,-4.390642,-7.095053,0.14592375,1.3650105,2.7452624,1,1168,1587
3.268735,0.6814019,-3.4373565,0.8893266,-0.3189847,2.2907968,1,1059,1623
5.829311,-2.0688453,-1.1425729,-2.7300277,1.4940428,2.2201056,0,2087,1836
-3.7662468,0.02833313,-0.3680736,0.2175841,-0.36832848,0.062371913,1,891,685
3.999623,-1.5825862,-2.542664,0.9890127,-1.224786,-3.2254286,0,1049,1559
11.219342,-3.945775,-1.3338997,0.4780366,1.329442,3.7756338,1,1362,1745
2.4750798,-4.800659,-0.98565507,0.9470882,-1.5186411,-2.604189,1,1131,1588
-2.2354186,1.1134105,1.1489156,0.16709673,2.1128829,-0.35458773,0,1348,25
-3.3526678,-0.11810982,0.49836323,0.38178334,2.1777763,-0.34026212,0,287,543
-2.4127438,0.56877846,0.25686276,-0.20799801,-1.894383,0.31620044,0,1722,784
6.9304767,-3.7473607,-1.976069,-2.8565466,1.6235839,-0.5471331,1,2194,1786
-3.9847825,-0.11042048,-0.34582064,0.34976935,0.48731706,-0.07908216,0,719,641
4.622856,2.8263059,0.8910591,0.23575887,-1.4555004,-3.2141943,1,1397,1655
5.5909767,-3.5797584,-4.6251283,4.470892,0.7762377,2.1507082,0,226,1724
9.09355,-3.7023437,0.42137638,3.032951,0.572089,1.9161774,1,711,1700
-2.8984847,0.24571915,0.28822097,0.03115568,-0.41918987,0.08731662,0,1174,505
-2.6370637,0.8386413,0.1461422,-0.08532092,-1.0839409,0.16975795,0,1312,576
-3.206734,0.015072965,0.41644114,0.219399,1.4259781,-0.22343995,0,177,1093
-2.3445256,0.5666132,0.35522547,-0.2086367,-1.7168227,0.28840703,1,1853,994
5.888364,-2.3877025,-0.9831324,-3.2638927,0.8086232,2.6765268,0,2105,1064
-2.4018607,0.43152192,0.62035006,-0.16892901,-0.020472953,-0.0040797214,0,2414,520
-2.5037618,0.05815864,1.3931193,0.2793978,2.4768481,-0.36436164,0,677,65
2.1690516,-8.475416,-1.8446119,-2.7114768,-0.4346791,-3.1775336,1,2051,1552
2.5642078,-5.480935,-1.0032643,0.39717197,-1.8665192,-2.6812966,1,1239,1409
7.7766533,-1.0552096,-2.5551872,0.30984524,0.17340969,-0.60224676,1,1302,1735
-2.772634,0.31010282,0.34230372,-0.05061566,-0.29387426,0.052578013,0,1842,464
-2.3660233,0.57021624,0.3130647,-0.20467684,-1.882286,0.31784683,1,1752,952
-3.3500805,-0.11594323,0.5123785,0.36056423,2.3746645,-0.37917423,1,177,411
-1.9982929,0.5001874,1.5088542,-0.19019777,1.3776704,-0.24333498,0,2302,372
-3.3528843,-0.11733329,0.50591654,0.3693483,2.3008764,-0.36454186,1,216,467
7.6748343,0.8876801,0.8425048,-2.5145392,1.8722657,2.0775206,1,2223,1848
-3.3450463,-0.11592084,0.51610076,0.3633298,2.3502893,-0.37408343,0,239,358
-2.3579757,0.15128301,1.4247072,0.15924753,2.226814,-0.33263823,0,1926,52
5.209212,-3.9235058,4.0657253,-0.26115113,-0.8531878,2.711454,0,1641,1390
-4.288229,-0.28934366,-0.33893967,0.5447341,1.6199522,-0.26835603,1,458,617
-3.3339713,0.33075237,-0.467462,-0.012452814,-2.2463746,0.3708952,1,1201,904
-2.2726288,1.2753233,-0.93673,6.3387175,-0.4046874,-0.03833805,0,24,1500
-2.3728552,-3.4730384,-0.87628055,0.17112134,1.8334508,1.3165029,1,450,610
-1.2129912,-4.042967,-1.0547955,-0.3960941,-1.345721,2.083695,1,1085,1393
8.374288,4.127932,7.532233,1.4838433,-0.69714737,2.1997283,1,1527,1783
-3.9199264,-0.09411969,-0.29645658,0.32645977,0.5282592,-0.087141186,1,809,481
-3.664116,0.11218116,-0.4181496,0.14847672,-0.94513,0.15735325,1,945,793
-2.600295,0.14713089,0.8925405,-2.485679,-0.9025585,0.18605223,0,2019,1148
5.942158,2.3297577,0.9647884,3.685081,0.08661246,2.0369465,0,525,1855
-3.6648846,0.12496056,-0.4315021,0.12753163,-0.8795814,0.14040588,0,792,1318
-2.390716,0.15842967,1.3477758,0.17776859,1.7969191,-0.2530778,0,1206,96
-2.4318259,0.5720932,0.20832989,-0.1920613,-2.237883,0.38121873,1,1488,861
-2.7450845,0.3631692,0.23836108,-0.057171613,-1.1371677,0.20404398,0,1253,613
-2.6810882,0.4291673,0.17842485,-0.09882333,-1.6215539,0.28364933,1,1244,719
-0.20350826,-3.4764013,0.27011278,-2.9952083,-1.1996573,-2.6573002,0,2229,1025
-1.5151488,-3.0121355,-0.0016253163,-0.03699924,2.7685895,1.1311781,1,108,183
-2.599693,0.40910068,0.3693441,-0.1320631,-0.61802053,0.09962688,0,2041,580
-0.15168776,-3.6330032,0.2498924,-2.9963095,-1.1620435,-2.5740976,0,2244,1020
-3.0654676,0.22159128,0.11619778,-1.0596814,-1.2813145,0.21587212,1,1787,1451
6.2825484,0.39969778,0.05635807,-1.5122904,0.4578521,-1.13144,0,1841,1839
-2.561274,0.19186972,0.8493897,-2.1329134,-0.9294667,0.1886746,0,1957,1260
6.749405,0.735843,-6.044973,0.123060636,-0.51694185,-3.0032115,1,1157,1495
-4.062858,-0.17697006,-0.29735652,0.41255352,1.0305433,-0.17075841,1,664,479
8.424676,-2.9812655,-5.210688,1.031118,0.23832509,-2.7524304,1,944,1552
-4.1447625,-0.20734526,-0.33852562,0.4529946,1.0854046,-0.17831632,0,584,640
-3.3585753,-0.11819181,0.47850358,0.39783305,1.9903944,-0.3040526,0,388,657
-2.5151598,0.5185366,0.21913686,-0.16887107,-1.8365493,0.31185943,1,1542,729
-4.137904,-0.20775574,-0.3252747,0.4485928,1.156879,-0.19168194,1,603,534
-3.1928585,0.6201835,0.36470097,0.33480632,2.3538482,-0.40962934,0,308,332
-3.0796242,0.16512741,0.21602266,-1.4147295,-1.1392602,0.19655666,1,1860,1436
-3.3709176,-0.12277731,0.48826844,0.38427168,2.2247276,-0.34925783,0,199,675
6.267427,2.2870803,2.7209792,-3.1880488,0.08803882,-3.0751708,0,2347,1374
-3.363046,-0.12024753,0.49556702,0.37767336,2.2553277,-0.35546046,0,200,591
-2.7286847,0.35386503,0.29853725,-0.07266624,-0.7146193,0.12515926,0,1685,521
-3.490898,0.19958942,-0.38162345,0.071322,-1.3023037,0.21393813,0,1123,688
-3.6459904,0.10573812,-0.37954184,0.14882454,-0.80454016,0.13323463,0,1005,674
-3.8109047,-0.022998532,-0.31221327,0.25854155,0.071925454,-0.011398832,0,904,527
-4.1165805,-0.14209507,-0.4222951,0.3701397,0.73043036,-0.12713934,0,416,1106
-2.0327084,0.4819226,1.495796,-0.16776899,1.354334,-0.23577584,0,2208,379
-3.3530767,-0.11502236,0.5152744,0.34948254,2.4775627,-0.39973792,0,77,410
-2.2896914,0.22333838,1.3917972,0.099575415,1.7117968,-0.24805962,0,1722,132
5.463988,3.3015375,-3.1957772,0.17599112,0.16643979,1.9196842,1,1225,1701
6.272134,7.948446,2.7199242,0.5884772,-0.15289986,1.5923212,1,1461,1897
-4.2404485,-0.28153268,-0.28769955,0.5226937,1.7707086,-0.29671535,0,489,377
-2.3062296,1.1562206,0.09583157,-0.21870649,-2.151362,0.33590096,1,1539,851
-3.1060941,0.3126686,-0.13127425,-0.69106704,-1.9253048,0.31866685,1,1645,1206
5.599235,0.31500936,-1.5337809,0.8466547,-0.05034095,2.415587,0,1122,1654
-3.1182446,0.43593422,-0.40701318,-0.09299181,-2.551292,0.41550446,1,1426,961
2.933664,-1.9181325,3.7051532,0.93418056,-1.7823824,-1.2747029,0,1377,1601
-3.408231,0.2889632,-0.479765,0.022959605,-2.1325295,0.35560423,1,1137,984
11.6643095,-4.9990535,-7.289659,2.6067486,1.6940624,-2.0522878,0,576,1514
-3.3675025,-0.12004145,0.4722903,0.39894944,2.0044363,-0.30684102,1,350,727
-3.891968,-0.05930119,-0.3385237,0.2976352,0.20434414,-0.032365996,1,800,616
-3.384586,-0.12565368,0.4928838,0.36930466,2.4389076,-0.3911272,1,43,634
-4.280312,-0.29822505,-0.27476627,0.51345676,2.1828074,-0.37542665,0,394,79
-4.185657,-0.26805285,-0.23869464,0.4931855,1.8937166,-0.32088152,1,564,151
6.7228374,2.8974829,-4.770972,4.0771465,0.6710878,1.5536559,0,282,1744
-3.4571917,0.25952217,-0.47943383,0.044569712,-1.9783853,0.33060163,0,1090,1043
5.864342,-1.0568378,3.6474519,0.5485802,-0.75819653,2.4950662,1,1466,1564
5.6310973,-0.12524036,-0.75964487,-0.5773616,-0.99759305,-1.0342295,1,1509,1361
-3.339668,-0.10932922,0.529562,0.33138546,2.582055,-0.4209356,1,77,225
-3.3672853,-0.066022985,0.35112482,0.31249052,1.578191,-0.24500595,0,739,245
6.885041,6.030356,6.1041946,2.5381293,-0.8707893,1.3948152,1,1087,1855
-3.6193545,0.15268,-0.43450975,0.106238805,-1.0531831,0.16942203,1,845,1329
-3.728292,2.6603181,-0.9577604,0.3988404,1.865903,-0.46154812,1,422,569
-4.2747664,-0.2909732,-0.3107611,0.5361768,1.7739372,-0.2970211,0,463,431
-3.7992878,0.016342493,-0.38426134,0.2301359,-0.33698997,0.05736603,1,857,727
-3.8284569,0.02659844,-0.42908895,0.21344289,-0.34167075,0.052731138,0,669,1208
6.700384,-2.4313622,1.8564417,0.43100658,-0.61985916,2.9496682,0,1385,1460
6.9440784,-2.5913749,-0.37197587,0.34984794,-1.1351786,-2.7345397,1,1297,1536
4.924991,0.88915104,-3.0359619,2.233282,0.25695315,0.5312976,0,713,1492
-3.9049118,-0.07723705,-0.31426626,0.31143004,0.384816,-0.06314241,1,817,523
3.81379,-0.31380484,4.69868,-1.7338197,0.2874827,0.09495254,1,2162,1846
